
     Program PHONON v.7.5 starts on 15Jun2026 at  3:58:35 

     This program is part of the open-source Quantum ESPRESSO suite
     for quantum simulation of materials; please cite
         "P. Giannozzi et al., J. Phys.:Condens. Matter 21 395502 (2009);
         "P. Giannozzi et al., J. Phys.:Condens. Matter 29 465901 (2017);
         "P. Giannozzi et al., J. Chem. Phys. 152 154105 (2020);
          URL http://www.quantum-espresso.org", 
     in publications or presentations arising from this work. More details at
     http://www.quantum-espresso.org/quote

     Parallel version (MPI & OpenMP), running on      16 processor cores
     Number of MPI processes:                16
     Threads/MPI process:                     1

     MPI processes distributed on     1 nodes
     32891 MiB available memory on the printing compute node when the environment starts

     Reading input from ph.in
     Run is not recoverable starting from scratch

     Reading xml data from directory:

     ./out/yh6.save/

     R & G space division:  proc/nbgrp/npool/nimage =      16
     Subspace diagonalization in iterative solution of the eigenvalue problem:
     a serial algorithm will be used

     file Y.pbe-spn-rrkjus_psl.1.0.0.UPF: wavefunction(s)  4S renormalized

     IMPORTANT: XC functional enforced from input :
     Exchange-correlation= PBE
                           (   1   4   3   4   0   0   0)
     Any further DFT definition will be discarded
     Please, verify this is what you really want


     Parallelization info
     --------------------
     sticks:   dense  smooth     PW     G-vecs:    dense   smooth      PW
     Min         128      51     15                 3674      922     155
     Max         129      52     16                 3676      924     157
     Sum        2061     817    249                58799    14771    2491

     Using Slab Decomposition

     Reading collected, re-writing distributed wavefunctions in ./out/


     Dynamical matrices for ( 2, 2, 2)  uniform grid of q-points
     (   4 q-points):
       N         xq(1)         xq(2)         xq(3) 
       1   0.000000000   0.000000000   0.000000000
       2   0.000000000   0.500000000  -0.500000000
       3   0.500000000   0.000000000  -0.500000000
       4   0.000000000   0.000000000  -1.000000000

     Number and degeneracy of irreps per q-point
       N         xq(1)         xq(2)         xq(3)   N irreps
Eigenvectors exchange needed    4    7
Eigenvectors exchange needed    6    9
Eigenvectors exchange needed    8    9
Eigenvectors exchange needed   14   18
Eigenvectors exchange needed   16   20
Eigenvectors exchange needed   18   19
Eigenvectors exchange needed   20   21
       1   0.000000000   0.000000000   0.000000000      14
        1   1   1   2   2   2   1   1   1   1   2   2   2   2
       2   0.000000000   0.500000000  -0.500000000      21
     No degeneracy
       3   0.500000000   0.000000000  -0.500000000      21
     No degeneracy
Eigenvectors exchange needed    4    7
Eigenvectors exchange needed    6    9
Eigenvectors exchange needed    8    9
Eigenvectors exchange needed   14   18
Eigenvectors exchange needed   16   20
Eigenvectors exchange needed   18   19
Eigenvectors exchange needed   20   21
       4   0.000000000   0.000000000  -1.000000000      14
        1   1   1   2   2   2   1   1   1   1   2   2   2   2

     Saving dvscf to file. Distribute only q points, not irreducible representations.

     Calculation of q =    0.0000000   0.0000000   0.0000000

     YH6 electron-phonon 2x2x2 q (RTSC sodalite - Im-3m, Troyan 2021 measured 22

     bravais-lattice index     =            3
     lattice parameter (alat)  =       6.7560  a.u.
     unit-cell volume          =     154.1839 (a.u.)^3
     number of atoms/cell      =            7
     number of atomic types    =            2
     kinetic-energy cut-off    =      80.0000  Ry
     charge density cut-off    =     800.0000  Ry
     convergence threshold     =      1.0E-14
     beta                      =       0.3000
     number of iterations used =            4
     Exchange-correlation= PBE
                           (   1   4   3   4   0   0   0)


     celldm(1)=    6.75600  celldm(2)=    0.00000  celldm(3)=    0.00000
     celldm(4)=    0.00000  celldm(5)=    0.00000  celldm(6)=    0.00000

     crystal axes: (cart. coord. in units of alat)
               a(1) = (  0.5000  0.5000  0.5000 )  
               a(2) = ( -0.5000  0.5000  0.5000 )  
               a(3) = ( -0.5000 -0.5000  0.5000 )  

     reciprocal axes: (cart. coord. in units 2 pi/alat)
               b(1) = (  1.0000  0.0000  1.0000 )  
               b(2) = ( -1.0000  1.0000  0.0000 )  
               b(3) = (  0.0000 -1.0000  1.0000 )  


     Atoms inside the unit cell: 

     Cartesian axes

     site n.  atom      mass           positions (alat units)
        1  Y      88.9059   tau(    1) = (    0.00000    0.00000    0.00000  )
        2  H       1.0080   tau(    2) = (   -0.12500    0.37500    0.37500  )
        3  H       1.0080   tau(    3) = (    0.12500    0.12500    0.37500  )
        4  H       1.0080   tau(    4) = (   -0.37500   -0.12500    0.37500  )
        5  H       1.0080   tau(    5) = (    0.12500    0.62500    0.62500  )
        6  H       1.0080   tau(    6) = (   -0.12500   -0.12500    0.62500  )
        7  H       1.0080   tau(    7) = (   -0.62500    0.12500    0.62500  )

     Computing dynamical matrix for 
                    q = (   0.0000000   0.0000000   0.0000000 )

      7 Sym.Ops. (with q -> -q+G )


     G cutoff =  924.9314  (   3675 G-vectors)     FFT grid: ( 54, 54, 54)
     G cutoff =  369.9726  (    923 G-vectors)  smooth grid: ( 36, 36, 36)

     number of k points=   690  Methfessel-Paxton smearing, width (Ry)=  0.0200

     PseudoPot. # 1 for Y  read from file:
     ./pseudo/Y.pbe-spn-rrkjus_psl.1.0.0.UPF
     MD5 check sum: 5fe32e6a006803c2ec2edff47948a3c8
     Pseudo is Ultrasoft + core correction, Zval = 11.0
     Generated using &quot;atomic&quot; code by A. Dal Corso  v.6.2.2
     Using radial grid of 1223 points,  6 beta functions with: 
                l(1) =   0
                l(2) =   0
                l(3) =   1
                l(4) =   1
                l(5) =   2
                l(6) =   2
     Q(r) pseudized with 0 coefficients 


     PseudoPot. # 2 for H  read from file:
     ./pseudo/H.pbe-rrkjus_psl.1.0.0.UPF
     MD5 check sum: 3f4114867bd07edc7f1424d066fc1888
     Pseudo is Ultrasoft, Zval =  1.0
     Generated using &quot;atomic&quot; code by A. Dal Corso  v.6.3MaX
     Using radial grid of  929 points,  2 beta functions with: 
                l(1) =   0
                l(2) =   0
     Q(r) pseudized with 0 coefficients 


     Mode symmetry, S_6 (-3)    point group:


     Atomic displacements:
     There are   14 irreducible representations

     Representation     1      1 modes -  To be done

     Representation     2      1 modes -  To be done

     Representation     3      1 modes -  To be done

     Representation     4      2 modes -  To be done

     Representation     5      2 modes -  To be done

     Representation     6      2 modes -  To be done

     Representation     7      1 modes -  To be done

     Representation     8      1 modes -  To be done

     Representation     9      1 modes -  To be done

     Representation    10      1 modes -  To be done

     Representation    11      2 modes -  To be done

     Representation    12      2 modes -  To be done

     Representation    13      2 modes -  To be done

     Representation    14      2 modes -  To be done



     Alpha used in Ewald sum =   2.8000
     PHONON       :     16.06s CPU     16.71s WALL



     Representation #   1 mode #   1

     Self-consistent Calculation

     Pert. #  1: Fermi energy shift (Ry) =    -5.1394E-02     4.0390E-28

      iter #   1 total cpu time :    25.9 secs   av.it.:   4.5
      thresh= 1.000E-02 alpha_mix =  0.300 |ddv_scf|^2 =  3.653E-08

     Pert. #  1: Fermi energy shift (Ry) =    -4.7416E-02     2.5244E-29

      iter #   2 total cpu time :    39.7 secs   av.it.:  10.3
      thresh= 1.911E-05 alpha_mix =  0.300 |ddv_scf|^2 =  9.684E-09

     Pert. #  1: Fermi energy shift (Ry) =    -4.4487E-02     7.8886E-31

      iter #   3 total cpu time :    54.1 secs   av.it.:  10.9
      thresh= 9.841E-06 alpha_mix =  0.300 |ddv_scf|^2 =  2.588E-10

     Pert. #  1: Fermi energy shift (Ry) =    -4.4612E-02    -3.1554E-30

      iter #   4 total cpu time :    68.6 secs   av.it.:  11.0
      thresh= 1.609E-06 alpha_mix =  0.300 |ddv_scf|^2 =  1.772E-11

     Pert. #  1: Fermi energy shift (Ry) =    -4.3919E-02    -3.1554E-30

      iter #   5 total cpu time :    83.0 secs   av.it.:  10.9
      thresh= 4.210E-07 alpha_mix =  0.300 |ddv_scf|^2 =  1.205E-12

     Pert. #  1: Fermi energy shift (Ry) =    -4.3740E-02    -1.5777E-29

      iter #   6 total cpu time :    99.2 secs   av.it.:  11.0
      thresh= 1.098E-07 alpha_mix =  0.300 |ddv_scf|^2 =  7.403E-14

     Pert. #  1: Fermi energy shift (Ry) =    -4.3744E-02    -3.1554E-30

      iter #   7 total cpu time :   113.8 secs   av.it.:  11.0
      thresh= 2.721E-08 alpha_mix =  0.300 |ddv_scf|^2 =  3.342E-16

     End of self-consistent calculation

     Convergence has been achieved 


     Representation #   2 mode #   2

     Self-consistent Calculation

     Pert. #  1: Fermi energy shift (Ry) =    -6.3928E-02     2.0195E-28

      iter #   1 total cpu time :   124.6 secs   av.it.:   4.2
      thresh= 1.000E-02 alpha_mix =  0.300 |ddv_scf|^2 =  1.367E-08

     Pert. #  1: Fermi energy shift (Ry) =    -5.6864E-02     7.5731E-29

      iter #   2 total cpu time :   138.7 secs   av.it.:  10.4
      thresh= 1.169E-05 alpha_mix =  0.300 |ddv_scf|^2 =  3.322E-09

     Pert. #  1: Fermi energy shift (Ry) =    -5.1401E-02     1.0097E-28

      iter #   3 total cpu time :   153.1 secs   av.it.:  10.9
      thresh= 5.763E-06 alpha_mix =  0.300 |ddv_scf|^2 =  2.269E-10

     Pert. #  1: Fermi energy shift (Ry) =    -5.1312E-02     1.0097E-28

      iter #   4 total cpu time :   167.7 secs   av.it.:  11.1
      thresh= 1.506E-06 alpha_mix =  0.300 |ddv_scf|^2 =  3.394E-12

     Pert. #  1: Fermi energy shift (Ry) =    -5.1182E-02     1.0097E-28

      iter #   5 total cpu time :   181.6 secs   av.it.:  10.5
      thresh= 1.842E-07 alpha_mix =  0.300 |ddv_scf|^2 =  5.492E-13

     Pert. #  1: Fermi energy shift (Ry) =    -5.1079E-02     1.0097E-28

      iter #   6 total cpu time :   196.0 secs   av.it.:  10.9
      thresh= 7.411E-08 alpha_mix =  0.300 |ddv_scf|^2 =  5.105E-14

     Pert. #  1: Fermi energy shift (Ry) =    -5.1083E-02     1.0097E-28

      iter #   7 total cpu time :   210.5 secs   av.it.:  11.0
      thresh= 2.259E-08 alpha_mix =  0.300 |ddv_scf|^2 =  2.959E-16

     End of self-consistent calculation

     Convergence has been achieved 


     Representation #   3 mode #   3

     Self-consistent Calculation

     Pert. #  1: Fermi energy shift (Ry) =    -7.8141E-02     2.0195E-28

      iter #   1 total cpu time :   221.5 secs   av.it.:   4.3
      thresh= 1.000E-02 alpha_mix =  0.300 |ddv_scf|^2 =  4.529E-08

     Pert. #  1: Fermi energy shift (Ry) =    -5.8824E-02     1.5146E-28

      iter #   2 total cpu time :   235.3 secs   av.it.:  10.3
      thresh= 2.128E-05 alpha_mix =  0.300 |ddv_scf|^2 =  9.866E-09

     Pert. #  1: Fermi energy shift (Ry) =    -4.2606E-02     1.5146E-28

      iter #   3 total cpu time :   249.8 secs   av.it.:  10.9
      thresh= 9.933E-06 alpha_mix =  0.300 |ddv_scf|^2 =  3.140E-10

     Pert. #  1: Fermi energy shift (Ry) =    -4.0902E-02     1.5146E-28

      iter #   4 total cpu time :   264.4 secs   av.it.:  11.1
      thresh= 1.772E-06 alpha_mix =  0.300 |ddv_scf|^2 =  1.152E-11

     Pert. #  1: Fermi energy shift (Ry) =    -4.0955E-02     1.5146E-28

      iter #   5 total cpu time :   278.6 secs   av.it.:  10.7
      thresh= 3.394E-07 alpha_mix =  0.300 |ddv_scf|^2 =  1.189E-12

     Pert. #  1: Fermi energy shift (Ry) =    -4.0920E-02     2.0195E-28

      iter #   6 total cpu time :   292.8 secs   av.it.:  10.7
      thresh= 1.090E-07 alpha_mix =  0.300 |ddv_scf|^2 =  1.028E-13

     Pert. #  1: Fermi energy shift (Ry) =    -4.0959E-02     1.5146E-28

      iter #   7 total cpu time :   307.3 secs   av.it.:  11.0
      thresh= 3.207E-08 alpha_mix =  0.300 |ddv_scf|^2 =  2.810E-16

     End of self-consistent calculation

     Convergence has been achieved 


     Representation #   4 modes #   4   5

     Self-consistent Calculation

     Pert. #  1: Fermi energy shift (Ry) =     1.1565E-18     1.4013E-45
     Pert. #  2: Fermi energy shift (Ry) =    -1.7347E-18     0.0000E+00

      iter #   1 total cpu time :   326.7 secs   av.it.:   4.5
      thresh= 1.000E-02 alpha_mix =  0.300 |ddv_scf|^2 =  6.051E-09

     Pert. #  1: Fermi energy shift (Ry) =     5.7824E-19     4.6710E-46
     Pert. #  2: Fermi energy shift (Ry) =    -7.2280E-19    -9.3420E-46

      iter #   2 total cpu time :   356.0 secs   av.it.:  11.2
      thresh= 7.779E-06 alpha_mix =  0.300 |ddv_scf|^2 =  1.317E-09

     Pert. #  1: Fermi energy shift (Ry) =     2.8912E-19     0.0000E+00
     Pert. #  2: Fermi energy shift (Ry) =     0.0000E+00    -9.3420E-46

      iter #   3 total cpu time :   386.4 secs   av.it.:  11.8
      thresh= 3.630E-06 alpha_mix =  0.300 |ddv_scf|^2 =  5.651E-11

     Pert. #  1: Fermi energy shift (Ry) =     2.8912E-19     0.0000E+00
     Pert. #  2: Fermi energy shift (Ry) =     2.8912E-19    -9.3420E-46

      iter #   4 total cpu time :   416.8 secs   av.it.:  11.9
      thresh= 7.518E-07 alpha_mix =  0.300 |ddv_scf|^2 =  2.335E-12

     Pert. #  1: Fermi energy shift (Ry) =     2.8912E-19     0.0000E+00
     Pert. #  2: Fermi energy shift (Ry) =     0.0000E+00    -9.3420E-46

      iter #   5 total cpu time :   446.5 secs   av.it.:  11.5
      thresh= 1.528E-07 alpha_mix =  0.300 |ddv_scf|^2 =  5.020E-13

     Pert. #  1: Fermi energy shift (Ry) =     5.7824E-19     0.0000E+00
     Pert. #  2: Fermi energy shift (Ry) =     2.8912E-19    -9.3420E-46

      iter #   6 total cpu time :   476.5 secs   av.it.:  11.7
      thresh= 7.085E-08 alpha_mix =  0.300 |ddv_scf|^2 =  1.734E-14

     Pert. #  1: Fermi energy shift (Ry) =     2.8912E-19     0.0000E+00
     Pert. #  2: Fermi energy shift (Ry) =     0.0000E+00    -9.3420E-46

      iter #   7 total cpu time :   507.2 secs   av.it.:  12.0
      thresh= 1.317E-08 alpha_mix =  0.300 |ddv_scf|^2 =  1.087E-16

     End of self-consistent calculation

     Convergence has been achieved 


     Representation #   5 modes #   6   7

     Self-consistent Calculation

     Pert. #  1: Fermi energy shift (Ry) =     1.0119E-18     0.0000E+00
     Pert. #  2: Fermi energy shift (Ry) =    -9.0350E-20     0.0000E+00

      iter #   1 total cpu time :   528.2 secs   av.it.:   4.6
      thresh= 1.000E-02 alpha_mix =  0.300 |ddv_scf|^2 =  1.493E-08

     Pert. #  1: Fermi energy shift (Ry) =     8.6736E-19     7.4736E-45
     Pert. #  2: Fermi energy shift (Ry) =    -1.4456E-19    -2.2421E-44

      iter #   2 total cpu time :   556.3 secs   av.it.:  10.7
      thresh= 1.222E-05 alpha_mix =  0.300 |ddv_scf|^2 =  4.505E-09

     Pert. #  1: Fermi energy shift (Ry) =    -5.7824E-19     7.4736E-45
     Pert. #  2: Fermi energy shift (Ry) =     7.2280E-20    -1.6816E-44

      iter #   3 total cpu time :   586.3 secs   av.it.:  11.7
      thresh= 6.712E-06 alpha_mix =  0.300 |ddv_scf|^2 =  3.579E-11

     Pert. #  1: Fermi energy shift (Ry) =    -5.0596E-19     7.4736E-45
     Pert. #  2: Fermi energy shift (Ry) =    -7.2280E-20    -5.6052E-45

      iter #   4 total cpu time :   616.6 secs   av.it.:  11.9
      thresh= 5.982E-07 alpha_mix =  0.300 |ddv_scf|^2 =  2.512E-12

     Pert. #  1: Fermi energy shift (Ry) =     0.0000E+00    -7.4736E-45
     Pert. #  2: Fermi energy shift (Ry) =    -3.2526E-19    -5.6052E-45

      iter #   5 total cpu time :   646.3 secs   av.it.:  11.6
      thresh= 1.585E-07 alpha_mix =  0.300 |ddv_scf|^2 =  2.289E-13

     Pert. #  1: Fermi energy shift (Ry) =     0.0000E+00    -7.4736E-45
     Pert. #  2: Fermi energy shift (Ry) =     1.0842E-19    -7.4736E-45

      iter #   6 total cpu time :   675.9 secs   av.it.:  11.5
      thresh= 4.785E-08 alpha_mix =  0.300 |ddv_scf|^2 =  2.885E-14

     Pert. #  1: Fermi energy shift (Ry) =    -4.3368E-19    -7.4736E-45
     Pert. #  2: Fermi energy shift (Ry) =     1.0842E-19    -7.4736E-45

      iter #   7 total cpu time :   706.2 secs   av.it.:  11.9
      thresh= 1.699E-08 alpha_mix =  0.300 |ddv_scf|^2 =  1.491E-16

     End of self-consistent calculation

     Convergence has been achieved 


     Representation #   6 modes #   8   9

     Self-consistent Calculation

     Pert. #  1: Fermi energy shift (Ry) =    -1.4456E-18     3.7368E-45
     Pert. #  2: Fermi energy shift (Ry) =    -1.4456E-19     0.0000E+00

      iter #   1 total cpu time :   727.3 secs   av.it.:   4.5
      thresh= 1.000E-02 alpha_mix =  0.300 |ddv_scf|^2 =  9.286E-09

     Pert. #  1: Fermi energy shift (Ry) =     0.0000E+00    -7.4736E-45
     Pert. #  2: Fermi energy shift (Ry) =    -6.5052E-19     7.4736E-45

      iter #   2 total cpu time :   756.2 secs   av.it.:  11.1
      thresh= 9.636E-06 alpha_mix =  0.300 |ddv_scf|^2 =  2.573E-09

     Pert. #  1: Fermi energy shift (Ry) =    -5.7824E-19    -1.4947E-44
     Pert. #  2: Fermi energy shift (Ry) =    -5.0596E-19     0.0000E+00

      iter #   3 total cpu time :   786.3 secs   av.it.:  11.7
      thresh= 5.073E-06 alpha_mix =  0.300 |ddv_scf|^2 =  5.828E-11

     Pert. #  1: Fermi energy shift (Ry) =    -2.1684E-19    -3.7368E-45
     Pert. #  2: Fermi energy shift (Ry) =    -7.9508E-19    -1.8684E-45

      iter #   4 total cpu time :   817.1 secs   av.it.:  12.0
      thresh= 7.634E-07 alpha_mix =  0.300 |ddv_scf|^2 =  4.089E-12

     Pert. #  1: Fermi energy shift (Ry) =    -2.8912E-19    -3.7368E-45
     Pert. #  2: Fermi energy shift (Ry) =    -7.9508E-19    -1.8684E-45

      iter #   5 total cpu time :   846.9 secs   av.it.:  11.5
      thresh= 2.022E-07 alpha_mix =  0.300 |ddv_scf|^2 =  4.340E-13

     Pert. #  1: Fermi energy shift (Ry) =    -6.5052E-19    -3.7368E-45
     Pert. #  2: Fermi energy shift (Ry) =    -5.0596E-19    -1.8684E-45

      iter #   6 total cpu time :   877.3 secs   av.it.:  11.9
      thresh= 6.588E-08 alpha_mix =  0.300 |ddv_scf|^2 =  2.350E-14

     Pert. #  1: Fermi energy shift (Ry) =    -6.5052E-19    -3.7368E-45
     Pert. #  2: Fermi energy shift (Ry) =    -2.8912E-19    -1.8684E-45

      iter #   7 total cpu time :   907.4 secs   av.it.:  11.8
      thresh= 1.533E-08 alpha_mix =  0.300 |ddv_scf|^2 =  1.828E-16

     End of self-consistent calculation

     Convergence has been achieved 


     Representation #   7 mode #  10

     Self-consistent Calculation

     Pert. #  1: Fermi energy shift (Ry) =    -5.3853E-28    -2.5077E-37

      iter #   1 total cpu time :   919.4 secs   av.it.:   3.9
      thresh= 1.000E-02 alpha_mix =  0.300 |ddv_scf|^2 =  1.848E-09

     Pert. #  1: Fermi energy shift (Ry) =    -1.0771E-27    -3.6734E-40

      iter #   2 total cpu time :   933.7 secs   av.it.:  10.7
      thresh= 4.299E-06 alpha_mix =  0.300 |ddv_scf|^2 =  6.861E-10

     Pert. #  1: Fermi energy shift (Ry) =    -2.1541E-27    -1.8367E-40

      iter #   3 total cpu time :   947.8 secs   av.it.:  10.6
      thresh= 2.619E-06 alpha_mix =  0.300 |ddv_scf|^2 =  4.989E-11

     Pert. #  1: Fermi energy shift (Ry) =    -1.0771E-27    -7.6530E-42

      iter #   4 total cpu time :   961.8 secs   av.it.:  10.7
      thresh= 7.063E-07 alpha_mix =  0.300 |ddv_scf|^2 =  2.364E-12

     Pert. #  1: Fermi energy shift (Ry) =    -2.1541E-27    -3.8265E-42

      iter #   5 total cpu time :   976.1 secs   av.it.:  10.8
      thresh= 1.538E-07 alpha_mix =  0.300 |ddv_scf|^2 =  2.988E-13

     Pert. #  1: Fermi energy shift (Ry) =    -2.1541E-27    -9.5662E-43

      iter #   6 total cpu time :   990.7 secs   av.it.:  11.2
      thresh= 5.466E-08 alpha_mix =  0.300 |ddv_scf|^2 =  5.294E-14

     Pert. #  1: Fermi energy shift (Ry) =    -2.1541E-27    -5.7397E-42

      iter #   7 total cpu time :  1004.9 secs   av.it.:  10.9
      thresh= 2.301E-08 alpha_mix =  0.300 |ddv_scf|^2 =  1.970E-16

     End of self-consistent calculation

     Convergence has been achieved 


     Representation #   8 mode #  11

     Self-consistent Calculation

     Pert. #  1: Fermi energy shift (Ry) =     0.0000E+00     0.0000E+00

      iter #   1 total cpu time :  1015.9 secs   av.it.:   4.4
      thresh= 1.000E-02 alpha_mix =  0.300 |ddv_scf|^2 =  5.213E-08

     Pert. #  1: Fermi energy shift (Ry) =     0.0000E+00     0.0000E+00

      iter #   2 total cpu time :  1029.3 secs   av.it.:  10.0
      thresh= 2.283E-05 alpha_mix =  0.300 |ddv_scf|^2 =  1.374E-08

     Pert. #  1: Fermi energy shift (Ry) =     0.0000E+00     0.0000E+00

      iter #   3 total cpu time :  1043.2 secs   av.it.:  10.6
      thresh= 1.172E-05 alpha_mix =  0.300 |ddv_scf|^2 =  2.237E-10

     Pert. #  1: Fermi energy shift (Ry) =     0.0000E+00     0.0000E+00

      iter #   4 total cpu time :  1057.5 secs   av.it.:  10.9
      thresh= 1.496E-06 alpha_mix =  0.300 |ddv_scf|^2 =  1.742E-11

     Pert. #  1: Fermi energy shift (Ry) =     0.0000E+00     0.0000E+00

      iter #   5 total cpu time :  1072.1 secs   av.it.:  11.3
      thresh= 4.174E-07 alpha_mix =  0.300 |ddv_scf|^2 =  1.775E-12

     Pert. #  1: Fermi energy shift (Ry) =     0.0000E+00     0.0000E+00

      iter #   6 total cpu time :  1086.3 secs   av.it.:  10.9
      thresh= 1.332E-07 alpha_mix =  0.300 |ddv_scf|^2 =  1.874E-13

     Pert. #  1: Fermi energy shift (Ry) =     0.0000E+00     0.0000E+00

      iter #   7 total cpu time :  1100.6 secs   av.it.:  10.9
      thresh= 4.329E-08 alpha_mix =  0.300 |ddv_scf|^2 =  5.767E-16

     End of self-consistent calculation

     Convergence has been achieved 


     Representation #   9 mode #  12

     Self-consistent Calculation

     Pert. #  1: Fermi energy shift (Ry) =     0.0000E+00    -1.2539E-37

      iter #   1 total cpu time :  1111.1 secs   av.it.:   4.0
      thresh= 1.000E-02 alpha_mix =  0.300 |ddv_scf|^2 =  6.161E-09

     Pert. #  1: Fermi energy shift (Ry) =     1.0771E-27     6.1224E-41

      iter #   2 total cpu time :  1124.9 secs   av.it.:  10.4
      thresh= 7.849E-06 alpha_mix =  0.300 |ddv_scf|^2 =  1.945E-09

     Pert. #  1: Fermi energy shift (Ry) =     0.0000E+00    -3.8265E-42

      iter #   3 total cpu time :  1138.8 secs   av.it.:  10.6
      thresh= 4.410E-06 alpha_mix =  0.300 |ddv_scf|^2 =  6.763E-11

     Pert. #  1: Fermi energy shift (Ry) =     1.0771E-27     9.5662E-43

      iter #   4 total cpu time :  1153.2 secs   av.it.:  11.1
      thresh= 8.224E-07 alpha_mix =  0.300 |ddv_scf|^2 =  1.659E-12

     Pert. #  1: Fermi energy shift (Ry) =     1.0771E-27     1.9132E-42

      iter #   5 total cpu time :  1167.1 secs   av.it.:  10.7
      thresh= 1.288E-07 alpha_mix =  0.300 |ddv_scf|^2 =  3.845E-13

     Pert. #  1: Fermi energy shift (Ry) =     1.0771E-27     1.9132E-42

      iter #   6 total cpu time :  1181.3 secs   av.it.:  10.8
      thresh= 6.201E-08 alpha_mix =  0.300 |ddv_scf|^2 =  1.250E-14

     Pert. #  1: Fermi energy shift (Ry) =    -1.0771E-27     9.5662E-43

      iter #   7 total cpu time :  1195.7 secs   av.it.:  11.1
      thresh= 1.118E-08 alpha_mix =  0.300 |ddv_scf|^2 =  3.118E-16

     End of self-consistent calculation

     Convergence has been achieved 


     Representation #  10 mode #  13

     Self-consistent Calculation

     Pert. #  1: Fermi energy shift (Ry) =     0.0000E+00     0.0000E+00

      iter #   1 total cpu time :  1209.3 secs   av.it.:   6.8
      thresh= 1.000E-02 alpha_mix =  0.300 |ddv_scf|^2 =  2.555E-06

     Pert. #  1: Fermi energy shift (Ry) =     0.0000E+00     0.0000E+00

      iter #   2 total cpu time :  1223.4 secs   av.it.:  10.2
      thresh= 1.598E-04 alpha_mix =  0.300 |ddv_scf|^2 =  5.106E-07

     Pert. #  1: Fermi energy shift (Ry) =     0.0000E+00     0.0000E+00

      iter #   3 total cpu time :  1237.5 secs   av.it.:  10.8
      thresh= 7.146E-05 alpha_mix =  0.300 |ddv_scf|^2 =  1.112E-08

     Pert. #  1: Fermi energy shift (Ry) =     0.0000E+00     0.0000E+00

      iter #   4 total cpu time :  1251.9 secs   av.it.:  11.0
      thresh= 1.055E-05 alpha_mix =  0.300 |ddv_scf|^2 =  5.929E-10

     Pert. #  1: Fermi energy shift (Ry) =     0.0000E+00     0.0000E+00

      iter #   5 total cpu time :  1266.1 secs   av.it.:  10.9
      thresh= 2.435E-06 alpha_mix =  0.300 |ddv_scf|^2 =  3.517E-11

     Pert. #  1: Fermi energy shift (Ry) =     0.0000E+00     0.0000E+00

      iter #   6 total cpu time :  1280.4 secs   av.it.:  11.0
      thresh= 5.930E-07 alpha_mix =  0.300 |ddv_scf|^2 =  1.882E-12

     Pert. #  1: Fermi energy shift (Ry) =     0.0000E+00     0.0000E+00

      iter #   7 total cpu time :  1295.2 secs   av.it.:  11.3
      thresh= 1.372E-07 alpha_mix =  0.300 |ddv_scf|^2 =  1.196E-14

     Pert. #  1: Fermi energy shift (Ry) =     0.0000E+00     0.0000E+00

      iter #   8 total cpu time :  1308.1 secs   av.it.:   9.5
      thresh= 1.093E-08 alpha_mix =  0.300 |ddv_scf|^2 =  5.537E-15

     End of self-consistent calculation

     Convergence has been achieved 


     Representation #  11 modes #  14  15

     Self-consistent Calculation

     Pert. #  1: Fermi energy shift (Ry) =    -2.6926E-28     1.0031E-36
     Pert. #  2: Fermi energy shift (Ry) =    -2.6926E-28     2.0062E-36

      iter #   1 total cpu time :  1327.5 secs   av.it.:   4.6
      thresh= 1.000E-02 alpha_mix =  0.300 |ddv_scf|^2 =  1.646E-08

     Pert. #  1: Fermi energy shift (Ry) =    -2.6926E-27     0.0000E+00
     Pert. #  2: Fermi energy shift (Ry) =     2.6926E-28     0.0000E+00

      iter #   2 total cpu time :  1356.0 secs   av.it.:  10.9
      thresh= 1.283E-05 alpha_mix =  0.300 |ddv_scf|^2 =  3.887E-09

     Pert. #  1: Fermi energy shift (Ry) =    -1.6156E-27     0.0000E+00
     Pert. #  2: Fermi energy shift (Ry) =     6.7316E-28    -7.3468E-40

      iter #   3 total cpu time :  1385.7 secs   av.it.:  11.6
      thresh= 6.234E-06 alpha_mix =  0.300 |ddv_scf|^2 =  1.092E-10

     Pert. #  1: Fermi energy shift (Ry) =    -1.6156E-27     0.0000E+00
     Pert. #  2: Fermi energy shift (Ry) =    -6.7316E-28     1.8367E-40

      iter #   4 total cpu time :  1416.1 secs   av.it.:  11.9
      thresh= 1.045E-06 alpha_mix =  0.300 |ddv_scf|^2 =  3.335E-12

     Pert. #  1: Fermi energy shift (Ry) =    -1.6156E-27     0.0000E+00
     Pert. #  2: Fermi energy shift (Ry) =    -1.0771E-27     0.0000E+00

      iter #   5 total cpu time :  1445.9 secs   av.it.:  11.7
      thresh= 1.826E-07 alpha_mix =  0.300 |ddv_scf|^2 =  5.815E-13

     Pert. #  1: Fermi energy shift (Ry) =    -2.6926E-27     0.0000E+00
     Pert. #  2: Fermi energy shift (Ry) =    -1.8849E-27     0.0000E+00

      iter #   6 total cpu time :  1476.1 secs   av.it.:  11.7
      thresh= 7.625E-08 alpha_mix =  0.300 |ddv_scf|^2 =  3.041E-14

     Pert. #  1: Fermi energy shift (Ry) =    -1.6156E-27     0.0000E+00
     Pert. #  2: Fermi energy shift (Ry) =     1.0771E-27     0.0000E+00

      iter #   7 total cpu time :  1506.9 secs   av.it.:  12.2
      thresh= 1.744E-08 alpha_mix =  0.300 |ddv_scf|^2 =  2.111E-16

     End of self-consistent calculation

     Convergence has been achieved 


     Representation #  12 modes #  16  17

     Self-consistent Calculation

     Pert. #  1: Fermi energy shift (Ry) =     1.0771E-27     2.6645E-37
     Pert. #  2: Fermi energy shift (Ry) =    -5.3853E-28    -2.5077E-37

      iter #   1 total cpu time :  1527.1 secs   av.it.:   4.2
      thresh= 1.000E-02 alpha_mix =  0.300 |ddv_scf|^2 =  3.760E-09

     Pert. #  1: Fermi energy shift (Ry) =     8.0779E-28     3.0612E-41
     Pert. #  2: Fermi energy shift (Ry) =    -2.6926E-28    -6.1224E-41

      iter #   2 total cpu time :  1555.7 secs   av.it.:  11.0
      thresh= 6.132E-06 alpha_mix =  0.300 |ddv_scf|^2 =  1.163E-09

     Pert. #  1: Fermi energy shift (Ry) =     2.6926E-28     0.0000E+00
     Pert. #  2: Fermi energy shift (Ry) =    -2.6926E-28    -6.1224E-41

      iter #   3 total cpu time :  1585.3 secs   av.it.:  11.5
      thresh= 3.410E-06 alpha_mix =  0.300 |ddv_scf|^2 =  2.149E-11

     Pert. #  1: Fermi energy shift (Ry) =     5.3853E-28     0.0000E+00
     Pert. #  2: Fermi energy shift (Ry) =     1.3463E-28     3.0612E-41

      iter #   4 total cpu time :  1615.5 secs   av.it.:  11.8
      thresh= 4.636E-07 alpha_mix =  0.300 |ddv_scf|^2 =  2.052E-12

     Pert. #  1: Fermi energy shift (Ry) =     5.3853E-28    -1.5306E-41
     Pert. #  2: Fermi energy shift (Ry) =     2.6926E-28    -6.1224E-41

      iter #   5 total cpu time :  1644.6 secs   av.it.:  11.3
      thresh= 1.433E-07 alpha_mix =  0.300 |ddv_scf|^2 =  1.532E-13

     Pert. #  1: Fermi energy shift (Ry) =     5.3853E-28     3.0612E-41
     Pert. #  2: Fermi energy shift (Ry) =     2.6926E-28    -6.1224E-41

      iter #   6 total cpu time :  1674.3 secs   av.it.:  11.6
      thresh= 3.914E-08 alpha_mix =  0.300 |ddv_scf|^2 =  1.145E-14

     Pert. #  1: Fermi energy shift (Ry) =     5.3853E-28     3.0612E-41
     Pert. #  2: Fermi energy shift (Ry) =    -5.3853E-28    -6.1224E-41

      iter #   7 total cpu time :  1705.3 secs   av.it.:  12.3
      thresh= 1.070E-08 alpha_mix =  0.300 |ddv_scf|^2 =  1.362E-16

     End of self-consistent calculation

     Convergence has been achieved 


     Representation #  13 modes #  18  19

     Self-consistent Calculation

     Pert. #  1: Fermi energy shift (Ry) =     4.3082E-27    -1.2539E-37
     Pert. #  2: Fermi energy shift (Ry) =     4.3082E-27    -1.2539E-37

      iter #   1 total cpu time :  1731.4 secs   av.it.:   6.9
      thresh= 1.000E-02 alpha_mix =  0.300 |ddv_scf|^2 =  6.832E-07

     Pert. #  1: Fermi energy shift (Ry) =    -8.6165E-27     1.1020E-39
     Pert. #  2: Fermi energy shift (Ry) =     4.3082E-27     1.2245E-40

      iter #   2 total cpu time :  1760.1 secs   av.it.:  11.1
      thresh= 8.265E-05 alpha_mix =  0.300 |ddv_scf|^2 =  1.321E-07

     Pert. #  1: Fermi energy shift (Ry) =     4.3082E-27     4.8979E-40
     Pert. #  2: Fermi energy shift (Ry) =     4.3082E-27     0.0000E+00

      iter #   3 total cpu time :  1789.8 secs   av.it.:  11.6
      thresh= 3.634E-05 alpha_mix =  0.300 |ddv_scf|^2 =  2.157E-09

     Pert. #  1: Fermi energy shift (Ry) =     4.3082E-27     3.0612E-41
     Pert. #  2: Fermi energy shift (Ry) =     4.3082E-27     0.0000E+00

      iter #   4 total cpu time :  1820.3 secs   av.it.:  12.0
      thresh= 4.645E-06 alpha_mix =  0.300 |ddv_scf|^2 =  4.981E-11

     Pert. #  1: Fermi energy shift (Ry) =     8.6165E-27     3.0612E-41
     Pert. #  2: Fermi energy shift (Ry) =     4.3082E-27    -3.0612E-41

      iter #   5 total cpu time :  1849.8 secs   av.it.:  11.6
      thresh= 7.058E-07 alpha_mix =  0.300 |ddv_scf|^2 =  9.929E-12

     Pert. #  1: Fermi energy shift (Ry) =     4.3082E-27     3.0612E-41
     Pert. #  2: Fermi energy shift (Ry) =    -4.3082E-27     0.0000E+00

      iter #   6 total cpu time :  1880.0 secs   av.it.:  11.9
      thresh= 3.151E-07 alpha_mix =  0.300 |ddv_scf|^2 =  2.020E-13

     Pert. #  1: Fermi energy shift (Ry) =     8.6165E-27     3.0612E-41
     Pert. #  2: Fermi energy shift (Ry) =     4.3082E-27    -3.0612E-41

      iter #   7 total cpu time :  1910.9 secs   av.it.:  12.1
      thresh= 4.494E-08 alpha_mix =  0.300 |ddv_scf|^2 =  2.852E-15

     End of self-consistent calculation

     Convergence has been achieved 


     Representation #  14 modes #  20  21

     Self-consistent Calculation

     Pert. #  1: Fermi energy shift (Ry) =     5.3853E-28     1.2539E-37
     Pert. #  2: Fermi energy shift (Ry) =    -8.0779E-28     1.8808E-37

      iter #   1 total cpu time :  1931.5 secs   av.it.:   4.3
      thresh= 1.000E-02 alpha_mix =  0.300 |ddv_scf|^2 =  9.353E-09

     Pert. #  1: Fermi energy shift (Ry) =     1.8849E-27     3.0612E-40
     Pert. #  2: Fermi energy shift (Ry) =    -4.0390E-28     0.0000E+00

      iter #   2 total cpu time :  1960.0 secs   av.it.:  11.0
      thresh= 9.671E-06 alpha_mix =  0.300 |ddv_scf|^2 =  2.514E-09

     Pert. #  1: Fermi energy shift (Ry) =     2.1541E-27     4.8979E-40
     Pert. #  2: Fermi energy shift (Ry) =    -4.0390E-28    -1.2245E-40

      iter #   3 total cpu time :  1989.6 secs   av.it.:  11.5
      thresh= 5.014E-06 alpha_mix =  0.300 |ddv_scf|^2 =  6.070E-11

     Pert. #  1: Fermi energy shift (Ry) =     1.8849E-27    -4.5918E-41
     Pert. #  2: Fermi energy shift (Ry) =    -1.0771E-27     0.0000E+00

      iter #   4 total cpu time :  2019.7 secs   av.it.:  11.7
      thresh= 7.791E-07 alpha_mix =  0.300 |ddv_scf|^2 =  3.228E-12

     Pert. #  1: Fermi energy shift (Ry) =     1.8849E-27    -2.2959E-41
     Pert. #  2: Fermi energy shift (Ry) =    -2.6926E-28     0.0000E+00

      iter #   5 total cpu time :  2049.9 secs   av.it.:  11.8
      thresh= 1.797E-07 alpha_mix =  0.300 |ddv_scf|^2 =  3.685E-13

     Pert. #  1: Fermi energy shift (Ry) =     2.4234E-27    -4.5918E-41
     Pert. #  2: Fermi energy shift (Ry) =     1.0771E-27     2.8699E-42

      iter #   6 total cpu time :  2079.7 secs   av.it.:  11.6
      thresh= 6.071E-08 alpha_mix =  0.300 |ddv_scf|^2 =  2.267E-14

     Pert. #  1: Fermi energy shift (Ry) =     2.4234E-27    -4.9744E-41
     Pert. #  2: Fermi energy shift (Ry) =     1.3463E-27     4.7831E-42

      iter #   7 total cpu time :  2110.6 secs   av.it.:  12.1
      thresh= 1.506E-08 alpha_mix =  0.300 |ddv_scf|^2 =  1.679E-16

     End of self-consistent calculation

     Convergence has been achieved 

     Number of q in the star =    1
     List of q in the star:
          1   0.000000000   0.000000000   0.000000000

     Diagonalizing the dynamical matrix

     q = (    0.000000000   0.000000000   0.000000000 ) 

 **************************************************************************
     freq (    1) =     -45.969771 [THz] =   -1533.386491 [cm-1]
     freq (    2) =     -41.155620 [THz] =   -1372.803712 [cm-1]
     freq (    3) =     -39.769974 [THz] =   -1326.583545 [cm-1]
     freq (    4) =     -39.769974 [THz] =   -1326.583545 [cm-1]
     freq (    5) =     -38.405528 [THz] =   -1281.070527 [cm-1]
     freq (    6) =     -38.405528 [THz] =   -1281.070527 [cm-1]
     freq (    7) =     -20.510174 [THz] =    -684.145747 [cm-1]
     freq (    8) =     -20.510174 [THz] =    -684.145747 [cm-1]
     freq (    9) =      -2.194591 [THz] =     -73.203663 [cm-1]
     freq (   10) =      -0.136704 [THz] =      -4.559950 [cm-1]
     freq (   11) =      -0.136704 [THz] =      -4.559950 [cm-1]
     freq (   12) =       0.128672 [THz] =       4.292046 [cm-1]
     freq (   13) =       0.726089 [THz] =      24.219735 [cm-1]
     freq (   14) =       0.726089 [THz] =      24.219735 [cm-1]
     freq (   15) =      12.438021 [THz] =     414.887717 [cm-1]
     freq (   16) =      75.496335 [THz] =    2518.286662 [cm-1]
     freq (   17) =      76.942711 [THz] =    2566.532576 [cm-1]
     freq (   18) =      76.942711 [THz] =    2566.532576 [cm-1]
     freq (   19) =      83.660542 [THz] =    2790.615300 [cm-1]
     freq (   20) =      83.660542 [THz] =    2790.615300 [cm-1]
     freq (   21) =      87.912519 [THz] =    2932.445995 [cm-1]
 **************************************************************************

     Mode symmetry, S_6 (-3)    point group:

     freq (   1-   1) =      -1533.4  [cm-1]   --> A_u             I  
     freq (   2-   2) =      -1372.8  [cm-1]   --> A_g             R  
     freq (   3-   3) =      -1326.6  [cm-1]   --> E_u             I  
     freq (   4-   4) =      -1326.6  [cm-1]   --> E_u*            I  
     freq (   5-   5) =      -1281.1  [cm-1]   --> E_g             R  
     freq (   6-   6) =      -1281.1  [cm-1]   --> E_g*            R  
     freq (   7-   7) =       -684.1  [cm-1]   --> E_u             I  
     freq (   8-   8) =       -684.1  [cm-1]   --> E_u*            I  
     freq (   9-   9) =        -73.2  [cm-1]   --> A_u             I  
     freq (  10-  10) =         -4.6  [cm-1]   --> E_u             I  
     freq (  11-  11) =         -4.6  [cm-1]   --> E_u*            I  
     freq (  12-  12) =          4.3  [cm-1]   --> A_u             I  
     freq (  13-  13) =         24.2  [cm-1]   --> E_g             R  
     freq (  14-  14) =         24.2  [cm-1]   --> E_g*            R  
     freq (  15-  15) =        414.9  [cm-1]   --> A_g             R  
     freq (  16-  16) =       2518.3  [cm-1]   --> A_g             R  
     freq (  17-  17) =       2566.5  [cm-1]   --> E_g             R  
     freq (  18-  18) =       2566.5  [cm-1]   --> E_g*            R  
     freq (  19-  19) =       2790.6  [cm-1]   --> E_u             I  
     freq (  20-  20) =       2790.6  [cm-1]   --> E_u*            I  
     freq (  21-  21) =       2932.4  [cm-1]   --> A_u             I  

     Gaussian Broadening:   0.005 Ry, ngauss=   0
     DOS =  5.724246 states/spin/Ry/Unit Cell at Ef= 18.648383 eV
     double delta at Ef =945.753251
     lambda(    1)= -0.0005   gamma=    6.28 GHz
     lambda(    2)= -1.3200   gamma=12221.73 GHz
     lambda(    3)= -0.0000   gamma=    0.00 GHz
     lambda(    4)= -0.0000   gamma=    0.00 GHz
     lambda(    5)= -1.2919   gamma=10416.55 GHz
     lambda(    6)= -1.2919   gamma=10416.55 GHz
     lambda(    7)= -0.0000   gamma=    0.00 GHz
     lambda(    8)= -0.0000   gamma=    0.00 GHz
     lambda(    9)= -1.2665   gamma=   33.34 GHz
     lambda(   10)=  0.0000   gamma=    0.00 GHz
     lambda(   11)=  0.0000   gamma=    0.00 GHz
     lambda(   12)=  0.0000   gamma=    0.00 GHz
     lambda(   13)=********   gamma=18868.14 GHz
     lambda(   14)=********   gamma=18868.14 GHz
     lambda(   15)= 16.1843   gamma=13686.42 GHz
     lambda(   16)=  0.6443   gamma=20073.03 GHz
     lambda(   17)=  0.7187   gamma=23257.45 GHz
     lambda(   18)=  0.7187   gamma=23257.45 GHz
     lambda(   19)=  0.0000   gamma=    0.00 GHz
     lambda(   20)=  0.0000   gamma=    0.00 GHz
     lambda(   21)=  0.0003   gamma=   12.01 GHz

     Gaussian Broadening:   0.010 Ry, ngauss=   0
     DOS =  7.268345 states/spin/Ry/Unit Cell at Ef= 18.645272 eV
     double delta at Ef =574.707345
     lambda(    1)= -0.0015   gamma=   21.69 GHz
     lambda(    2)= -0.6205   gamma= 7294.58 GHz
     lambda(    3)= -0.0012   gamma=   12.71 GHz
     lambda(    4)= -0.0012   gamma=   12.71 GHz
     lambda(    5)= -0.5511   gamma= 5642.32 GHz
     lambda(    6)= -0.5511   gamma= 5642.32 GHz
     lambda(    7)= -0.0002   gamma=    0.72 GHz
     lambda(    8)= -0.0002   gamma=    0.72 GHz
     lambda(    9)= -1.8861   gamma=   63.05 GHz
     lambda(   10)=  0.0000   gamma=    0.00 GHz
     lambda(   11)=  0.0000   gamma=    0.00 GHz
     lambda(   12)=  0.0000   gamma=    0.00 GHz
     lambda(   13)=********   gamma=10988.93 GHz
     lambda(   14)=********   gamma=10988.93 GHz
     lambda(   15)=  8.2415   gamma= 8849.50 GHz
     lambda(   16)=  0.2762   gamma=10928.38 GHz
     lambda(   17)=  0.3263   gamma=13409.89 GHz
     lambda(   18)=  0.3263   gamma=13409.89 GHz
     lambda(   19)=  0.0001   gamma=    6.19 GHz
     lambda(   20)=  0.0001   gamma=    6.19 GHz
     lambda(   21)=  0.0005   gamma=   24.99 GHz

     Gaussian Broadening:   0.015 Ry, ngauss=   0
     DOS =  7.283379 states/spin/Ry/Unit Cell at Ef= 18.645747 eV
     double delta at Ef =392.104755
     lambda(    1)= -0.0035   gamma=   51.73 GHz
     lambda(    2)= -0.4197   gamma= 4944.16 GHz
     lambda(    3)= -0.0047   gamma=   51.74 GHz
     lambda(    4)= -0.0047   gamma=   51.74 GHz
     lambda(    5)= -0.3809   gamma= 3907.10 GHz
     lambda(    6)= -0.3809   gamma= 3907.10 GHz
     lambda(    7)= -0.0018   gamma=    5.21 GHz
     lambda(    8)= -0.0018   gamma=    5.21 GHz
     lambda(    9)= -1.7767   gamma=   59.51 GHz
     lambda(   10)=  0.0000   gamma=    0.01 GHz
     lambda(   11)=  0.0000   gamma=    0.01 GHz
     lambda(   12)=  0.0000   gamma=    0.01 GHz
     lambda(   13)=********   gamma= 7454.13 GHz
     lambda(   14)=********   gamma= 7454.13 GHz
     lambda(   15)=  5.8752   gamma= 6321.72 GHz
     lambda(   16)=  0.1846   gamma= 7319.61 GHz
     lambda(   17)=  0.2170   gamma= 8933.86 GHz
     lambda(   18)=  0.2170   gamma= 8933.86 GHz
     lambda(   19)=  0.0005   gamma=   22.17 GHz
     lambda(   20)=  0.0005   gamma=   22.17 GHz
     lambda(   21)=  0.0005   gamma=   27.92 GHz

     Gaussian Broadening:   0.020 Ry, ngauss=   0
     DOS =  7.270496 states/spin/Ry/Unit Cell at Ef= 18.646979 eV
     double delta at Ef =297.713408
     lambda(    1)= -0.0055   gamma=   80.74 GHz
     lambda(    2)= -0.3164   gamma= 3720.78 GHz
     lambda(    3)= -0.0086   gamma=   94.28 GHz
     lambda(    4)= -0.0086   gamma=   94.28 GHz
     lambda(    5)= -0.2977   gamma= 3048.34 GHz
     lambda(    6)= -0.2977   gamma= 3048.34 GHz
     lambda(    7)= -0.0045   gamma=   13.02 GHz
     lambda(    8)= -0.0045   gamma=   13.02 GHz
     lambda(    9)= -2.0743   gamma=   69.36 GHz
     lambda(   10)=  0.0000   gamma=    0.02 GHz
     lambda(   11)=  0.0000   gamma=    0.02 GHz
     lambda(   12)=  0.0000   gamma=    0.02 GHz
     lambda(   13)=********   gamma= 5624.74 GHz
     lambda(   14)=********   gamma= 5624.74 GHz
     lambda(   15)=  4.6649   gamma= 5010.49 GHz
     lambda(   16)=  0.1382   gamma= 5470.17 GHz
     lambda(   17)=  0.1594   gamma= 6552.48 GHz
     lambda(   18)=  0.1594   gamma= 6552.48 GHz
     lambda(   19)=  0.0008   gamma=   37.00 GHz
     lambda(   20)=  0.0008   gamma=   37.00 GHz
     lambda(   21)=  0.0006   gamma=   34.41 GHz

     Gaussian Broadening:   0.025 Ry, ngauss=   0
     DOS =  7.276671 states/spin/Ry/Unit Cell at Ef= 18.647993 eV
     double delta at Ef =243.269163
     lambda(    1)= -0.0074   gamma=  108.36 GHz
     lambda(    2)= -0.2542   gamma= 2991.65 GHz
     lambda(    3)= -0.0133   gamma=  146.35 GHz
     lambda(    4)= -0.0133   gamma=  146.35 GHz
     lambda(    5)= -0.2464   gamma= 2525.82 GHz
     lambda(    6)= -0.2464   gamma= 2525.82 GHz
     lambda(    7)= -0.0080   gamma=   23.28 GHz
     lambda(    8)= -0.0080   gamma=   23.28 GHz
     lambda(    9)= -2.4343   gamma=   81.47 GHz
     lambda(   10)=  0.0000   gamma=    0.04 GHz
     lambda(   11)=  0.0000   gamma=    0.04 GHz
     lambda(   12)=  0.0000   gamma=    0.04 GHz
     lambda(   13)=********   gamma= 4564.77 GHz
     lambda(   14)=********   gamma= 4564.77 GHz
     lambda(   15)=  3.9220   gamma= 4216.13 GHz
     lambda(   16)=  0.1100   gamma= 4356.51 GHz
     lambda(   17)=  0.1253   gamma= 5154.69 GHz
     lambda(   18)=  0.1253   gamma= 5154.69 GHz
     lambda(   19)=  0.0013   gamma=   61.53 GHz
     lambda(   20)=  0.0013   gamma=   61.53 GHz
     lambda(   21)=  0.0009   gamma=   48.46 GHz

     Gaussian Broadening:   0.030 Ry, ngauss=   0
     DOS =  7.271632 states/spin/Ry/Unit Cell at Ef= 18.648847 eV
     double delta at Ef =208.487078
     lambda(    1)= -0.0095   gamma=  138.99 GHz
     lambda(    2)= -0.2134   gamma= 2509.96 GHz
     lambda(    3)= -0.0186   gamma=  204.55 GHz
     lambda(    4)= -0.0186   gamma=  204.55 GHz
     lambda(    5)= -0.2122   gamma= 2173.24 GHz
     lambda(    6)= -0.2122   gamma= 2173.24 GHz
     lambda(    7)= -0.0122   gamma=   35.56 GHz
     lambda(    8)= -0.0122   gamma=   35.56 GHz
     lambda(    9)= -2.7242   gamma=   91.11 GHz
     lambda(   10)=  0.0000   gamma=    0.08 GHz
     lambda(   11)=  0.0000   gamma=    0.08 GHz
     lambda(   12)=  0.0000   gamma=    0.07 GHz
     lambda(   13)=********   gamma= 3879.09 GHz
     lambda(   14)=********   gamma= 3879.09 GHz
     lambda(   15)=  3.4191   gamma= 3673.05 GHz
     lambda(   16)=  0.0916   gamma= 3623.56 GHz
     lambda(   17)=  0.1037   gamma= 4262.08 GHz
     lambda(   18)=  0.1037   gamma= 4262.08 GHz
     lambda(   19)=  0.0019   gamma=   94.59 GHz
     lambda(   20)=  0.0019   gamma=   94.59 GHz
     lambda(   21)=  0.0012   gamma=   66.59 GHz

     Gaussian Broadening:   0.035 Ry, ngauss=   0
     DOS =  7.255347 states/spin/Ry/Unit Cell at Ef= 18.649597 eV
     double delta at Ef =184.475825
     lambda(    1)= -0.0117   gamma=  171.73 GHz
     lambda(    2)= -0.1850   gamma= 2171.43 GHz
     lambda(    3)= -0.0239   gamma=  262.18 GHz
     lambda(    4)= -0.0239   gamma=  262.18 GHz
     lambda(    5)= -0.1879   gamma= 1919.87 GHz
     lambda(    6)= -0.1879   gamma= 1919.87 GHz
     lambda(    7)= -0.0168   gamma=   48.89 GHz
     lambda(    8)= -0.0168   gamma=   48.89 GHz
     lambda(    9)= -2.9626   gamma=   98.86 GHz
     lambda(   10)=  0.0000   gamma=    0.13 GHz
     lambda(   11)=  0.0000   gamma=    0.13 GHz
     lambda(   12)=  0.0000   gamma=    0.11 GHz
     lambda(   13)=930.0916   gamma= 3397.34 GHz
     lambda(   14)=930.0916   gamma= 3397.34 GHz
     lambda(   15)=  3.0553   gamma= 3274.81 GHz
     lambda(   16)=  0.0788   gamma= 3111.24 GHz
     lambda(   17)=  0.0890   gamma= 3648.51 GHz
     lambda(   18)=  0.0890   gamma= 3648.51 GHz
     lambda(   19)=  0.0027   gamma=  129.14 GHz
     lambda(   20)=  0.0027   gamma=  129.14 GHz
     lambda(   21)=  0.0016   gamma=   84.63 GHz

     Gaussian Broadening:   0.040 Ry, ngauss=   0
     DOS =  7.228118 states/spin/Ry/Unit Cell at Ef= 18.650255 eV
     double delta at Ef =166.918202
     lambda(    1)= -0.0140   gamma=  204.56 GHz
     lambda(    2)= -0.1644   gamma= 1922.47 GHz
     lambda(    3)= -0.0290   gamma=  316.35 GHz
     lambda(    4)= -0.0290   gamma=  316.35 GHz
     lambda(    5)= -0.1698   gamma= 1728.94 GHz
     lambda(    6)= -0.1698   gamma= 1728.94 GHz
     lambda(    7)= -0.0215   gamma=   62.46 GHz
     lambda(    8)= -0.0215   gamma=   62.46 GHz
     lambda(    9)= -3.1835   gamma=  105.83 GHz
     lambda(   10)=  0.0000   gamma=    0.18 GHz
     lambda(   11)=  0.0000   gamma=    0.18 GHz
     lambda(   12)=  0.0000   gamma=    0.16 GHz
     lambda(   13)=834.8873   gamma= 3038.14 GHz
     lambda(   14)=834.8873   gamma= 3038.14 GHz
     lambda(   15)=  2.7823   gamma= 2971.04 GHz
     lambda(   16)=  0.0695   gamma= 2735.08 GHz
     lambda(   17)=  0.0783   gamma= 3201.09 GHz
     lambda(   18)=  0.0783   gamma= 3201.09 GHz
     lambda(   19)=  0.0033   gamma=  161.53 GHz
     lambda(   20)=  0.0033   gamma=  161.53 GHz
     lambda(   21)=  0.0019   gamma=  101.14 GHz

     Gaussian Broadening:   0.045 Ry, ngauss=   0
     DOS =  7.193262 states/spin/Ry/Unit Cell at Ef= 18.650726 eV
     double delta at Ef =153.516543
     lambda(    1)= -0.0163   gamma=  236.30 GHz
     lambda(    2)= -0.1489   gamma= 1732.26 GHz
     lambda(    3)= -0.0337   gamma=  366.43 GHz
     lambda(    4)= -0.0337   gamma=  366.43 GHz
     lambda(    5)= -0.1559   gamma= 1579.83 GHz
     lambda(    6)= -0.1559   gamma= 1579.83 GHz
     lambda(    7)= -0.0262   gamma=   75.79 GHz
     lambda(    8)= -0.0262   gamma=   75.79 GHz
     lambda(    9)= -3.4066   gamma=  112.70 GHz
     lambda(   10)=  0.0000   gamma=    0.24 GHz
     lambda(   11)=  0.0000   gamma=    0.24 GHz
     lambda(   12)=  0.0000   gamma=    0.21 GHz
     lambda(   13)=761.5747   gamma= 2757.99 GHz
     lambda(   14)=761.5747   gamma= 2757.99 GHz
     lambda(   15)=  2.5715   gamma= 2732.71 GHz
     lambda(   16)=  0.0625   gamma= 2447.66 GHz
     lambda(   17)=  0.0703   gamma= 2860.05 GHz
     lambda(   18)=  0.0703   gamma= 2860.05 GHz
     lambda(   19)=  0.0040   gamma=  191.01 GHz
     lambda(   20)=  0.0040   gamma=  191.01 GHz
     lambda(   21)=  0.0022   gamma=  116.17 GHz

     Gaussian Broadening:   0.050 Ry, ngauss=   0
     DOS =  7.155414 states/spin/Ry/Unit Cell at Ef= 18.650867 eV
     double delta at Ef =142.941764
     lambda(    1)= -0.0184   gamma=  266.36 GHz
     lambda(    2)= -0.1367   gamma= 1582.31 GHz
     lambda(    3)= -0.0382   gamma=  412.31 GHz
     lambda(    4)= -0.0382   gamma=  412.31 GHz
     lambda(    5)= -0.1449   gamma= 1460.31 GHz
     lambda(    6)= -0.1449   gamma= 1460.31 GHz
     lambda(    7)= -0.0308   gamma=   88.65 GHz
     lambda(    8)= -0.0308   gamma=   88.65 GHz
     lambda(    9)= -3.6380   gamma=  119.72 GHz
     lambda(   10)=  0.0000   gamma=    0.30 GHz
     lambda(   11)=  0.0000   gamma=    0.30 GHz
     lambda(   12)=  0.0000   gamma=    0.28 GHz
     lambda(   13)=702.8243   gamma= 2531.84 GHz
     lambda(   14)=702.8243   gamma= 2531.84 GHz
     lambda(   15)=  2.4037   gamma= 2540.92 GHz
     lambda(   16)=  0.0570   gamma= 2221.15 GHz
     lambda(   17)=  0.0641   gamma= 2591.31 GHz
     lambda(   18)=  0.0641   gamma= 2591.31 GHz
     lambda(   19)=  0.0046   gamma=  217.61 GHz
     lambda(   20)=  0.0046   gamma=  217.61 GHz
     lambda(   21)=  0.0025   gamma=  129.94 GHz

     Calculation of q =    0.0000000   0.5000000  -0.5000000

     Parallelization info
     --------------------
     sticks:   dense  smooth     PW     G-vecs:    dense   smooth      PW
     Min         128      51     17                 3674      922     189
     Max         129      52     18                 3676      924     192
     Sum        2061     817    281                58799    14771    3043

     Using Slab Decomposition


     Title: 
     YH6 electron-phonon 2x2x2 q (RTSC sodalite - Im-3m, Troyan 2021 measured 22


     bravais-lattice index     =            3
     lattice parameter (alat)  =       6.7560  a.u.
     unit-cell volume          =     154.1839 (a.u.)^3
     number of atoms/cell      =            7
     number of atomic types    =            2
     number of electrons       =        17.00
     number of Kohn-Sham states=           13
     kinetic-energy cutoff     =      80.0000  Ry
     charge density cutoff     =     800.0000  Ry
     Exchange-correlation= PBE
                           (   1   4   3   4   0   0   0)

     celldm(1)=   6.756000  celldm(2)=   0.000000  celldm(3)=   0.000000
     celldm(4)=   0.000000  celldm(5)=   0.000000  celldm(6)=   0.000000

     crystal axes: (cart. coord. in units of alat)
               a(1) = (   0.500000   0.500000   0.500000 )  
               a(2) = (  -0.500000   0.500000   0.500000 )  
               a(3) = (  -0.500000  -0.500000   0.500000 )  

     reciprocal axes: (cart. coord. in units 2 pi/alat)
               b(1) = (  1.000000  0.000000  1.000000 )  
               b(2) = ( -1.000000  1.000000  0.000000 )  
               b(3) = (  0.000000 -1.000000  1.000000 )  


     PseudoPot. # 1 for Y  read from file:
     ./pseudo/Y.pbe-spn-rrkjus_psl.1.0.0.UPF
     MD5 check sum: 5fe32e6a006803c2ec2edff47948a3c8
     Pseudo is Ultrasoft + core correction, Zval = 11.0
     Generated using &quot;atomic&quot; code by A. Dal Corso  v.6.2.2
     Using radial grid of 1223 points,  6 beta functions with: 
                l(1) =   0
                l(2) =   0
                l(3) =   1
                l(4) =   1
                l(5) =   2
                l(6) =   2
     Q(r) pseudized with 0 coefficients 


     PseudoPot. # 2 for H  read from file:
     ./pseudo/H.pbe-rrkjus_psl.1.0.0.UPF
     MD5 check sum: 3f4114867bd07edc7f1424d066fc1888
     Pseudo is Ultrasoft, Zval =  1.0
     Generated using &quot;atomic&quot; code by A. Dal Corso  v.6.3MaX
     Using radial grid of  929 points,  2 beta functions with: 
                l(1) =   0
                l(2) =   0
     Q(r) pseudized with 0 coefficients 


     atomic species   valence    mass     pseudopotential
     Y                11.00    88.90590     Y ( 1.00)
     H                 1.00     1.00800     H ( 1.00)

      6 Sym. Ops., with inversion, found



   Cartesian axes

     site n.     atom                  positions (alat units)
         1        Y      tau(   1) = (   0.0000000   0.0000000   0.0000000  )
         2        H      tau(   2) = (  -0.1250000   0.3750000   0.3750000  )
         3        H      tau(   3) = (   0.1250000   0.1250000   0.3750000  )
         4        H      tau(   4) = (  -0.3750000  -0.1250000   0.3750000  )
         5        H      tau(   5) = (   0.1250000   0.6250000   0.6250000  )
         6        H      tau(   6) = (  -0.1250000  -0.1250000   0.6250000  )
         7        H      tau(   7) = (  -0.6250000   0.1250000   0.6250000  )

     number of k points=  4104  Methfessel-Paxton smearing, width (Ry)=  0.0200

     Number of k-points >= 100: set verbosity='high' to print them.

     Dense  grid:    58799 G-vectors     FFT dimensions: (  54,  54,  54)

     Smooth grid:    14771 G-vectors     FFT dimensions: (  36,  36,  36)

     Estimated max dynamical RAM per process >      16.87 MB

     Estimated total dynamical RAM >     269.91 MB

     The potential is recalculated from file :
     ./out/_ph0/yh6.q_2/yh6.save/charge-density

     Starting wfcs are   19 atomic wfcs

     Band Structure Calculation
     Davidson diagonalization with overlap

     ethr =  5.88E-11,  avg # of iterations = 13.8

     total cpu time spent up to now is      137.8 secs

     End of band structure calculation

     Number of k-points >= 100: set verbosity='high' to print the bands.

     the Fermi energy is    18.6470 ev

     Writing config to output data dir ./out/_ph0/yh6.q_2/yh6.save/ :
     XML data file

     YH6 electron-phonon 2x2x2 q (RTSC sodalite - Im-3m, Troyan 2021 measured 22

     bravais-lattice index     =            3
     lattice parameter (alat)  =       6.7560  a.u.
     unit-cell volume          =     154.1839 (a.u.)^3
     number of atoms/cell      =            7
     number of atomic types    =            2
     kinetic-energy cut-off    =      80.0000  Ry
     charge density cut-off    =     800.0000  Ry
     convergence threshold     =      1.0E-14
     beta                      =       0.3000
     number of iterations used =            4
     Exchange-correlation= PBE
                           (   1   4   3   4   0   0   0)


     celldm(1)=    6.75600  celldm(2)=    0.00000  celldm(3)=    0.00000
     celldm(4)=    0.00000  celldm(5)=    0.00000  celldm(6)=    0.00000

     crystal axes: (cart. coord. in units of alat)
               a(1) = (  0.5000  0.5000  0.5000 )  
               a(2) = ( -0.5000  0.5000  0.5000 )  
               a(3) = ( -0.5000 -0.5000  0.5000 )  

     reciprocal axes: (cart. coord. in units 2 pi/alat)
               b(1) = (  1.0000  0.0000  1.0000 )  
               b(2) = ( -1.0000  1.0000  0.0000 )  
               b(3) = (  0.0000 -1.0000  1.0000 )  


     Atoms inside the unit cell: 

     Cartesian axes

     site n.  atom      mass           positions (alat units)
        1  Y      88.9059   tau(    1) = (    0.00000    0.00000    0.00000  )
        2  H       1.0080   tau(    2) = (   -0.12500    0.37500    0.37500  )
        3  H       1.0080   tau(    3) = (    0.12500    0.12500    0.37500  )
        4  H       1.0080   tau(    4) = (   -0.37500   -0.12500    0.37500  )
        5  H       1.0080   tau(    5) = (    0.12500    0.62500    0.62500  )
        6  H       1.0080   tau(    6) = (   -0.12500   -0.12500    0.62500  )
        7  H       1.0080   tau(    7) = (   -0.62500    0.12500    0.62500  )

     Computing dynamical matrix for 
                    q = (   0.0000000   0.5000000  -0.5000000 )

      3 Sym.Ops. (with q -> -q+G )


     G cutoff =  924.9314  (   3675 G-vectors)     FFT grid: ( 54, 54, 54)
     G cutoff =  369.9726  (    923 G-vectors)  smooth grid: ( 36, 36, 36)

     number of k points=  4104  Methfessel-Paxton smearing, width (Ry)=  0.0200

     PseudoPot. # 1 for Y  read from file:
     ./pseudo/Y.pbe-spn-rrkjus_psl.1.0.0.UPF
     MD5 check sum: 5fe32e6a006803c2ec2edff47948a3c8
     Pseudo is Ultrasoft + core correction, Zval = 11.0
     Generated using &quot;atomic&quot; code by A. Dal Corso  v.6.2.2
     Using radial grid of 1223 points,  6 beta functions with: 
                l(1) =   0
                l(2) =   0
                l(3) =   1
                l(4) =   1
                l(5) =   2
                l(6) =   2
     Q(r) pseudized with 0 coefficients 


     PseudoPot. # 2 for H  read from file:
     ./pseudo/H.pbe-rrkjus_psl.1.0.0.UPF
     MD5 check sum: 3f4114867bd07edc7f1424d066fc1888
     Pseudo is Ultrasoft, Zval =  1.0
     Generated using &quot;atomic&quot; code by A. Dal Corso  v.6.3MaX
     Using radial grid of  929 points,  2 beta functions with: 
                l(1) =   0
                l(2) =   0
     Q(r) pseudized with 0 coefficients 


     Mode symmetry, C_i (-1)    point group:


     Atomic displacements:
     There are   21 irreducible representations

     Representation     1      1 modes -  To be done

     Representation     2      1 modes -  To be done

     Representation     3      1 modes -  To be done

     Representation     4      1 modes -  To be done

     Representation     5      1 modes -  To be done

     Representation     6      1 modes -  To be done

     Representation     7      1 modes -  To be done

     Representation     8      1 modes -  To be done

     Representation     9      1 modes -  To be done

     Representation    10      1 modes -  To be done

     Representation    11      1 modes -  To be done

     Representation    12      1 modes -  To be done

     Representation    13      1 modes -  To be done

     Representation    14      1 modes -  To be done

     Representation    15      1 modes -  To be done

     Representation    16      1 modes -  To be done

     Representation    17      1 modes -  To be done

     Representation    18      1 modes -  To be done

     Representation    19      1 modes -  To be done

     Representation    20      1 modes -  To be done

     Representation    21      1 modes -  To be done


     Message from routine init_vloc:
     Interpolation table for Vloc re-allocated

     Alpha used in Ewald sum =   2.8000
     PHONON       :  36m 6.80s CPU  38m17.49s WALL



     Representation #   1 mode #   1

     Self-consistent Calculation

      iter #   1 total cpu time :  2323.2 secs   av.it.:   4.7
      thresh= 1.000E-02 alpha_mix =  0.300 |ddv_scf|^2 =  2.425E-06

      iter #   2 total cpu time :  2363.6 secs   av.it.:  10.0
      thresh= 1.557E-04 alpha_mix =  0.300 |ddv_scf|^2 =  1.089E-06

      iter #   3 total cpu time :  2402.3 secs   av.it.:   9.4
      thresh= 1.043E-04 alpha_mix =  0.300 |ddv_scf|^2 =  2.845E-09

      iter #   4 total cpu time :  2444.9 secs   av.it.:  10.8
      thresh= 5.334E-06 alpha_mix =  0.300 |ddv_scf|^2 =  2.594E-10

      iter #   5 total cpu time :  2487.5 secs   av.it.:  10.7
      thresh= 1.611E-06 alpha_mix =  0.300 |ddv_scf|^2 =  1.939E-11

      iter #   6 total cpu time :  2530.4 secs   av.it.:  10.9
      thresh= 4.403E-07 alpha_mix =  0.300 |ddv_scf|^2 =  2.423E-12

      iter #   7 total cpu time :  2573.3 secs   av.it.:  10.9
      thresh= 1.557E-07 alpha_mix =  0.300 |ddv_scf|^2 =  1.137E-13

      iter #   8 total cpu time :  2614.0 secs   av.it.:  10.2
      thresh= 3.371E-08 alpha_mix =  0.300 |ddv_scf|^2 =  3.344E-14

      iter #   9 total cpu time :  2656.3 secs   av.it.:  10.7
      thresh= 1.829E-08 alpha_mix =  0.300 |ddv_scf|^2 =  5.567E-15

     End of self-consistent calculation

     Convergence has been achieved 


     Representation #   2 mode #   2

     Self-consistent Calculation

      iter #   1 total cpu time :  2687.0 secs   av.it.:   4.5
      thresh= 1.000E-02 alpha_mix =  0.300 |ddv_scf|^2 =  1.416E-07

      iter #   2 total cpu time :  2728.4 secs   av.it.:  10.3
      thresh= 3.763E-05 alpha_mix =  0.300 |ddv_scf|^2 =  5.469E-08

      iter #   3 total cpu time :  2767.6 secs   av.it.:   9.6
      thresh= 2.339E-05 alpha_mix =  0.300 |ddv_scf|^2 =  8.823E-09

      iter #   4 total cpu time :  2810.0 secs   av.it.:  10.7
      thresh= 9.393E-06 alpha_mix =  0.300 |ddv_scf|^2 =  3.211E-10

      iter #   5 total cpu time :  2853.6 secs   av.it.:  11.1
      thresh= 1.792E-06 alpha_mix =  0.300 |ddv_scf|^2 =  1.245E-11

      iter #   6 total cpu time :  2895.1 secs   av.it.:  10.5
      thresh= 3.529E-07 alpha_mix =  0.300 |ddv_scf|^2 =  2.011E-12

      iter #   7 total cpu time :  2937.6 secs   av.it.:  10.7
      thresh= 1.418E-07 alpha_mix =  0.300 |ddv_scf|^2 =  1.520E-13

      iter #   8 total cpu time :  2978.4 secs   av.it.:  10.2
      thresh= 3.899E-08 alpha_mix =  0.300 |ddv_scf|^2 =  4.258E-14

      iter #   9 total cpu time :  3019.1 secs   av.it.:  10.2
      thresh= 2.063E-08 alpha_mix =  0.300 |ddv_scf|^2 =  9.295E-15

     End of self-consistent calculation

     Convergence has been achieved 


     Representation #   3 mode #   3

     Self-consistent Calculation

      iter #   1 total cpu time :  3051.7 secs   av.it.:   4.5
      thresh= 1.000E-02 alpha_mix =  0.300 |ddv_scf|^2 =  4.802E-07

      iter #   2 total cpu time :  3096.2 secs   av.it.:  10.1
      thresh= 6.930E-05 alpha_mix =  0.300 |ddv_scf|^2 =  2.214E-07

      iter #   3 total cpu time :  3135.0 secs   av.it.:   9.5
      thresh= 4.706E-05 alpha_mix =  0.300 |ddv_scf|^2 =  4.580E-09

      iter #   4 total cpu time :  3177.5 secs   av.it.:  10.7
      thresh= 6.768E-06 alpha_mix =  0.300 |ddv_scf|^2 =  3.190E-10

      iter #   5 total cpu time :  3220.8 secs   av.it.:  11.0
      thresh= 1.786E-06 alpha_mix =  0.300 |ddv_scf|^2 =  1.354E-11

      iter #   6 total cpu time :  3262.4 secs   av.it.:  10.5
      thresh= 3.680E-07 alpha_mix =  0.300 |ddv_scf|^2 =  2.458E-12

      iter #   7 total cpu time :  3304.9 secs   av.it.:  10.8
      thresh= 1.568E-07 alpha_mix =  0.300 |ddv_scf|^2 =  2.642E-13

      iter #   8 total cpu time :  3345.8 secs   av.it.:  10.3
      thresh= 5.140E-08 alpha_mix =  0.300 |ddv_scf|^2 =  7.205E-14

      iter #   9 total cpu time :  3387.2 secs   av.it.:  10.4
      thresh= 2.684E-08 alpha_mix =  0.300 |ddv_scf|^2 =  7.496E-15

     End of self-consistent calculation

     Convergence has been achieved 


     Representation #   4 mode #   4

     Self-consistent Calculation

      iter #   1 total cpu time :  3416.9 secs   av.it.:   4.2
      thresh= 1.000E-02 alpha_mix =  0.300 |ddv_scf|^2 =  3.922E-08

      iter #   2 total cpu time :  3458.2 secs   av.it.:  10.2
      thresh= 1.980E-05 alpha_mix =  0.300 |ddv_scf|^2 =  7.092E-09

      iter #   3 total cpu time :  3500.9 secs   av.it.:  10.8
      thresh= 8.422E-06 alpha_mix =  0.300 |ddv_scf|^2 =  3.405E-10

      iter #   4 total cpu time :  3542.3 secs   av.it.:  10.4
      thresh= 1.845E-06 alpha_mix =  0.300 |ddv_scf|^2 =  1.373E-10

      iter #   5 total cpu time :  3584.4 secs   av.it.:  10.6
      thresh= 1.172E-06 alpha_mix =  0.300 |ddv_scf|^2 =  9.078E-12

      iter #   6 total cpu time :  3626.9 secs   av.it.:  10.7
      thresh= 3.013E-07 alpha_mix =  0.300 |ddv_scf|^2 =  7.937E-13

      iter #   7 total cpu time :  3667.3 secs   av.it.:  10.1
      thresh= 8.909E-08 alpha_mix =  0.300 |ddv_scf|^2 =  1.812E-13

      iter #   8 total cpu time :  3712.3 secs   av.it.:  11.0
      thresh= 4.257E-08 alpha_mix =  0.300 |ddv_scf|^2 =  7.490E-15

     End of self-consistent calculation

     Convergence has been achieved 


     Representation #   5 mode #   5

     Self-consistent Calculation

      iter #   1 total cpu time :  3743.1 secs   av.it.:   4.5
      thresh= 1.000E-02 alpha_mix =  0.300 |ddv_scf|^2 =  5.624E-08

      iter #   2 total cpu time :  3784.3 secs   av.it.:  10.3
      thresh= 2.371E-05 alpha_mix =  0.300 |ddv_scf|^2 =  1.305E-08

      iter #   3 total cpu time :  3826.7 secs   av.it.:  10.7
      thresh= 1.143E-05 alpha_mix =  0.300 |ddv_scf|^2 =  2.070E-09

      iter #   4 total cpu time :  3866.7 secs   av.it.:   9.9
      thresh= 4.549E-06 alpha_mix =  0.300 |ddv_scf|^2 =  1.828E-10

      iter #   5 total cpu time :  3910.6 secs   av.it.:  11.2
      thresh= 1.352E-06 alpha_mix =  0.300 |ddv_scf|^2 =  9.793E-12

      iter #   6 total cpu time :  3952.5 secs   av.it.:  10.5
      thresh= 3.129E-07 alpha_mix =  0.300 |ddv_scf|^2 =  1.505E-12

      iter #   7 total cpu time :  3994.9 secs   av.it.:  10.7
      thresh= 1.227E-07 alpha_mix =  0.300 |ddv_scf|^2 =  8.774E-14

      iter #   8 total cpu time :  4036.9 secs   av.it.:  10.5
      thresh= 2.962E-08 alpha_mix =  0.300 |ddv_scf|^2 =  1.706E-14

      iter #   9 total cpu time :  4079.5 secs   av.it.:  10.7
      thresh= 1.306E-08 alpha_mix =  0.300 |ddv_scf|^2 =  2.506E-15

     End of self-consistent calculation

     Convergence has been achieved 


     Representation #   6 mode #   6

     Self-consistent Calculation

      iter #   1 total cpu time :  4110.0 secs   av.it.:   4.5
      thresh= 1.000E-02 alpha_mix =  0.300 |ddv_scf|^2 =  7.472E-08

      iter #   2 total cpu time :  4151.8 secs   av.it.:  10.4
      thresh= 2.733E-05 alpha_mix =  0.300 |ddv_scf|^2 =  3.912E-08

      iter #   3 total cpu time :  4190.5 secs   av.it.:   9.4
      thresh= 1.978E-05 alpha_mix =  0.300 |ddv_scf|^2 =  3.249E-09

      iter #   4 total cpu time :  4234.0 secs   av.it.:  11.1
      thresh= 5.700E-06 alpha_mix =  0.300 |ddv_scf|^2 =  1.153E-10

      iter #   5 total cpu time :  4277.3 secs   av.it.:  11.0
      thresh= 1.074E-06 alpha_mix =  0.300 |ddv_scf|^2 =  1.039E-11

      iter #   6 total cpu time :  4319.2 secs   av.it.:  10.6
      thresh= 3.223E-07 alpha_mix =  0.300 |ddv_scf|^2 =  1.702E-12

      iter #   7 total cpu time :  4361.8 secs   av.it.:  10.8
      thresh= 1.305E-07 alpha_mix =  0.300 |ddv_scf|^2 =  6.029E-14

      iter #   8 total cpu time :  4401.9 secs   av.it.:  10.0
      thresh= 2.455E-08 alpha_mix =  0.300 |ddv_scf|^2 =  2.213E-14

      iter #   9 total cpu time :  4445.4 secs   av.it.:  10.9
      thresh= 1.488E-08 alpha_mix =  0.300 |ddv_scf|^2 =  1.125E-15

     End of self-consistent calculation

     Convergence has been achieved 


     Representation #   7 mode #   7

     Self-consistent Calculation

      iter #   1 total cpu time :  4476.5 secs   av.it.:   4.6
      thresh= 1.000E-02 alpha_mix =  0.300 |ddv_scf|^2 =  1.144E-06

      iter #   2 total cpu time :  4517.3 secs   av.it.:  10.1
      thresh= 1.070E-04 alpha_mix =  0.300 |ddv_scf|^2 =  5.563E-07

      iter #   3 total cpu time :  4555.9 secs   av.it.:   9.4
      thresh= 7.459E-05 alpha_mix =  0.300 |ddv_scf|^2 =  4.919E-09

      iter #   4 total cpu time :  4598.7 secs   av.it.:  10.8
      thresh= 7.013E-06 alpha_mix =  0.300 |ddv_scf|^2 =  2.286E-10

      iter #   5 total cpu time :  4641.4 secs   av.it.:  10.8
      thresh= 1.512E-06 alpha_mix =  0.300 |ddv_scf|^2 =  2.077E-11

      iter #   6 total cpu time :  4684.6 secs   av.it.:  10.9
      thresh= 4.557E-07 alpha_mix =  0.300 |ddv_scf|^2 =  2.322E-12

      iter #   7 total cpu time :  4726.6 secs   av.it.:  10.6
      thresh= 1.524E-07 alpha_mix =  0.300 |ddv_scf|^2 =  2.270E-13

      iter #   8 total cpu time :  4769.7 secs   av.it.:  11.0
      thresh= 4.764E-08 alpha_mix =  0.300 |ddv_scf|^2 =  1.067E-14

      iter #   9 total cpu time :  4810.7 secs   av.it.:  10.3
      thresh= 1.033E-08 alpha_mix =  0.300 |ddv_scf|^2 =  3.952E-15

     End of self-consistent calculation

     Convergence has been achieved 


     Representation #   8 mode #   8

     Self-consistent Calculation

      iter #   1 total cpu time :  4840.6 secs   av.it.:   4.2
      thresh= 1.000E-02 alpha_mix =  0.300 |ddv_scf|^2 =  3.777E-08

      iter #   2 total cpu time :  4882.2 secs   av.it.:  10.3
      thresh= 1.944E-05 alpha_mix =  0.300 |ddv_scf|^2 =  1.791E-08

      iter #   3 total cpu time :  4921.4 secs   av.it.:   9.6
      thresh= 1.338E-05 alpha_mix =  0.300 |ddv_scf|^2 =  2.788E-09

      iter #   4 total cpu time :  4964.2 secs   av.it.:  10.8
      thresh= 5.280E-06 alpha_mix =  0.300 |ddv_scf|^2 =  1.153E-10

      iter #   5 total cpu time :  5007.6 secs   av.it.:  11.0
      thresh= 1.074E-06 alpha_mix =  0.300 |ddv_scf|^2 =  6.776E-12

      iter #   6 total cpu time :  5049.7 secs   av.it.:  10.7
      thresh= 2.603E-07 alpha_mix =  0.300 |ddv_scf|^2 =  8.190E-13

      iter #   7 total cpu time :  5092.4 secs   av.it.:  10.8
      thresh= 9.050E-08 alpha_mix =  0.300 |ddv_scf|^2 =  8.157E-14

      iter #   8 total cpu time :  5135.3 secs   av.it.:  10.8
      thresh= 2.856E-08 alpha_mix =  0.300 |ddv_scf|^2 =  7.446E-15

     End of self-consistent calculation

     Convergence has been achieved 


     Representation #   9 mode #   9

     Self-consistent Calculation

      iter #   1 total cpu time :  5167.7 secs   av.it.:   4.9
      thresh= 1.000E-02 alpha_mix =  0.300 |ddv_scf|^2 =  4.522E-06

      iter #   2 total cpu time :  5208.1 secs   av.it.:   9.9
      thresh= 2.126E-04 alpha_mix =  0.300 |ddv_scf|^2 =  2.055E-06

      iter #   3 total cpu time :  5246.8 secs   av.it.:   9.4
      thresh= 1.434E-04 alpha_mix =  0.300 |ddv_scf|^2 =  3.238E-09

      iter #   4 total cpu time :  5289.7 secs   av.it.:  10.8
      thresh= 5.690E-06 alpha_mix =  0.300 |ddv_scf|^2 =  2.336E-10

      iter #   5 total cpu time :  5334.3 secs   av.it.:  10.7
      thresh= 1.528E-06 alpha_mix =  0.300 |ddv_scf|^2 =  3.183E-11

      iter #   6 total cpu time :  5377.6 secs   av.it.:  11.0
      thresh= 5.641E-07 alpha_mix =  0.300 |ddv_scf|^2 =  2.389E-12

      iter #   7 total cpu time :  5420.2 secs   av.it.:  10.7
      thresh= 1.546E-07 alpha_mix =  0.300 |ddv_scf|^2 =  1.540E-13

      iter #   8 total cpu time :  5461.9 secs   av.it.:  10.5
      thresh= 3.925E-08 alpha_mix =  0.300 |ddv_scf|^2 =  3.742E-14

      iter #   9 total cpu time :  5503.6 secs   av.it.:  10.4
      thresh= 1.934E-08 alpha_mix =  0.300 |ddv_scf|^2 =  9.901E-15

     End of self-consistent calculation

     Convergence has been achieved 


     Representation #  10 mode #  10

     Self-consistent Calculation

      iter #   1 total cpu time :  5534.3 secs   av.it.:   4.5
      thresh= 1.000E-02 alpha_mix =  0.300 |ddv_scf|^2 =  1.251E-06

      iter #   2 total cpu time :  5574.3 secs   av.it.:   9.9
      thresh= 1.119E-04 alpha_mix =  0.300 |ddv_scf|^2 =  1.063E-07

      iter #   3 total cpu time :  5613.7 secs   av.it.:   9.7
      thresh= 3.260E-05 alpha_mix =  0.300 |ddv_scf|^2 =  1.838E-09

      iter #   4 total cpu time :  5656.6 secs   av.it.:  10.9
      thresh= 4.288E-06 alpha_mix =  0.300 |ddv_scf|^2 =  6.886E-11

      iter #   5 total cpu time :  5699.2 secs   av.it.:  10.8
      thresh= 8.298E-07 alpha_mix =  0.300 |ddv_scf|^2 =  6.601E-12

      iter #   6 total cpu time :  5741.6 secs   av.it.:  10.7
      thresh= 2.569E-07 alpha_mix =  0.300 |ddv_scf|^2 =  1.211E-12

      iter #   7 total cpu time :  5784.7 secs   av.it.:  11.0
      thresh= 1.101E-07 alpha_mix =  0.300 |ddv_scf|^2 =  7.233E-14

      iter #   8 total cpu time :  5826.0 secs   av.it.:  10.4
      thresh= 2.689E-08 alpha_mix =  0.300 |ddv_scf|^2 =  1.957E-14

      iter #   9 total cpu time :  5869.3 secs   av.it.:  11.0
      thresh= 1.399E-08 alpha_mix =  0.300 |ddv_scf|^2 =  8.047E-16

     End of self-consistent calculation

     Convergence has been achieved 


     Representation #  11 mode #  11

     Self-consistent Calculation

      iter #   1 total cpu time :  5910.2 secs   av.it.:   7.5
      thresh= 1.000E-02 alpha_mix =  0.300 |ddv_scf|^2 =  1.135E-04

      iter #   2 total cpu time :  5950.3 secs   av.it.:  10.0
      thresh= 1.065E-03 alpha_mix =  0.300 |ddv_scf|^2 =  1.061E-05

      iter #   3 total cpu time :  5989.2 secs   av.it.:   9.6
      thresh= 3.257E-04 alpha_mix =  0.300 |ddv_scf|^2 =  8.559E-08

      iter #   4 total cpu time :  6032.1 secs   av.it.:  10.9
      thresh= 2.926E-05 alpha_mix =  0.300 |ddv_scf|^2 =  6.847E-09

      iter #   5 total cpu time :  6075.4 secs   av.it.:  11.0
      thresh= 8.275E-06 alpha_mix =  0.300 |ddv_scf|^2 =  4.415E-10

      iter #   6 total cpu time :  6117.8 secs   av.it.:  10.8
      thresh= 2.101E-06 alpha_mix =  0.300 |ddv_scf|^2 =  7.214E-11

      iter #   7 total cpu time :  6161.6 secs   av.it.:  11.3
      thresh= 8.493E-07 alpha_mix =  0.300 |ddv_scf|^2 =  1.303E-12

      iter #   8 total cpu time :  6205.6 secs   av.it.:  11.2
      thresh= 1.142E-07 alpha_mix =  0.300 |ddv_scf|^2 =  8.880E-14

      iter #   9 total cpu time :  6247.4 secs   av.it.:  10.5
      thresh= 2.980E-08 alpha_mix =  0.300 |ddv_scf|^2 =  3.516E-14

      iter #  10 total cpu time :  6290.0 secs   av.it.:  10.7
      thresh= 1.875E-08 alpha_mix =  0.300 |ddv_scf|^2 =  6.561E-15

     End of self-consistent calculation

     Convergence has been achieved 


     Representation #  12 mode #  12

     Self-consistent Calculation

      iter #   1 total cpu time :  6319.5 secs   av.it.:   4.2
      thresh= 1.000E-02 alpha_mix =  0.300 |ddv_scf|^2 =  8.492E-08

      iter #   2 total cpu time :  6360.4 secs   av.it.:  10.2
      thresh= 2.914E-05 alpha_mix =  0.300 |ddv_scf|^2 =  8.740E-09

      iter #   3 total cpu time :  6400.6 secs   av.it.:  10.0
      thresh= 9.349E-06 alpha_mix =  0.300 |ddv_scf|^2 =  1.392E-09

      iter #   4 total cpu time :  6442.6 secs   av.it.:  10.6
      thresh= 3.730E-06 alpha_mix =  0.300 |ddv_scf|^2 =  9.134E-11

      iter #   5 total cpu time :  6485.2 secs   av.it.:  10.8
      thresh= 9.557E-07 alpha_mix =  0.300 |ddv_scf|^2 =  2.707E-12

      iter #   6 total cpu time :  6527.1 secs   av.it.:  10.6
      thresh= 1.645E-07 alpha_mix =  0.300 |ddv_scf|^2 =  2.671E-13

      iter #   7 total cpu time :  6569.2 secs   av.it.:  10.6
      thresh= 5.168E-08 alpha_mix =  0.300 |ddv_scf|^2 =  4.774E-14

      iter #   8 total cpu time :  6612.7 secs   av.it.:  11.1
      thresh= 2.185E-08 alpha_mix =  0.300 |ddv_scf|^2 =  2.667E-15

     End of self-consistent calculation

     Convergence has been achieved 


     Representation #  13 mode #  13

     Self-consistent Calculation

      iter #   1 total cpu time :  6642.9 secs   av.it.:   4.3
      thresh= 1.000E-02 alpha_mix =  0.300 |ddv_scf|^2 =  3.556E-08

      iter #   2 total cpu time :  6684.1 secs   av.it.:  10.3
      thresh= 1.886E-05 alpha_mix =  0.300 |ddv_scf|^2 =  8.360E-09

      iter #   3 total cpu time :  6723.6 secs   av.it.:   9.8
      thresh= 9.143E-06 alpha_mix =  0.300 |ddv_scf|^2 =  2.511E-09

      iter #   4 total cpu time :  6766.7 secs   av.it.:  10.9
      thresh= 5.011E-06 alpha_mix =  0.300 |ddv_scf|^2 =  7.991E-11

      iter #   5 total cpu time :  6809.9 secs   av.it.:  11.0
      thresh= 8.939E-07 alpha_mix =  0.300 |ddv_scf|^2 =  7.251E-12

      iter #   6 total cpu time :  6853.4 secs   av.it.:  11.1
      thresh= 2.693E-07 alpha_mix =  0.300 |ddv_scf|^2 =  3.658E-13

      iter #   7 total cpu time :  6894.6 secs   av.it.:  10.4
      thresh= 6.048E-08 alpha_mix =  0.300 |ddv_scf|^2 =  9.198E-14

      iter #   8 total cpu time :  6936.1 secs   av.it.:  10.5
      thresh= 3.033E-08 alpha_mix =  0.300 |ddv_scf|^2 =  2.078E-14

      iter #   9 total cpu time :  6980.1 secs   av.it.:  11.3
      thresh= 1.442E-08 alpha_mix =  0.300 |ddv_scf|^2 =  7.765E-16

     End of self-consistent calculation

     Convergence has been achieved 


     Representation #  14 mode #  14

     Self-consistent Calculation

      iter #   1 total cpu time :  7010.7 secs   av.it.:   4.4
      thresh= 1.000E-02 alpha_mix =  0.300 |ddv_scf|^2 =  2.365E-07

      iter #   2 total cpu time :  7051.2 secs   av.it.:  10.1
      thresh= 4.863E-05 alpha_mix =  0.300 |ddv_scf|^2 =  2.659E-08

      iter #   3 total cpu time :  7090.8 secs   av.it.:   9.8
      thresh= 1.631E-05 alpha_mix =  0.300 |ddv_scf|^2 =  3.674E-09

      iter #   4 total cpu time :  7133.1 secs   av.it.:  10.7
      thresh= 6.061E-06 alpha_mix =  0.300 |ddv_scf|^2 =  1.797E-10

      iter #   5 total cpu time :  7176.5 secs   av.it.:  11.1
      thresh= 1.341E-06 alpha_mix =  0.300 |ddv_scf|^2 =  9.071E-12

      iter #   6 total cpu time :  7218.6 secs   av.it.:  10.7
      thresh= 3.012E-07 alpha_mix =  0.300 |ddv_scf|^2 =  9.568E-13

      iter #   7 total cpu time :  7260.9 secs   av.it.:  10.7
      thresh= 9.782E-08 alpha_mix =  0.300 |ddv_scf|^2 =  1.410E-13

      iter #   8 total cpu time :  7305.1 secs   av.it.:  10.7
      thresh= 3.755E-08 alpha_mix =  0.300 |ddv_scf|^2 =  2.276E-14

      iter #   9 total cpu time :  7347.4 secs   av.it.:  10.7
      thresh= 1.509E-08 alpha_mix =  0.300 |ddv_scf|^2 =  3.053E-15

     End of self-consistent calculation

     Convergence has been achieved 


     Representation #  15 mode #  15

     Self-consistent Calculation

      iter #   1 total cpu time :  7378.2 secs   av.it.:   4.5
      thresh= 1.000E-02 alpha_mix =  0.300 |ddv_scf|^2 =  3.769E-07

      iter #   2 total cpu time :  7418.8 secs   av.it.:  10.1
      thresh= 6.139E-05 alpha_mix =  0.300 |ddv_scf|^2 =  3.540E-08

      iter #   3 total cpu time :  7458.7 secs   av.it.:   9.9
      thresh= 1.881E-05 alpha_mix =  0.300 |ddv_scf|^2 =  4.062E-09

      iter #   4 total cpu time :  7500.9 secs   av.it.:  10.7
      thresh= 6.374E-06 alpha_mix =  0.300 |ddv_scf|^2 =  1.459E-10

      iter #   5 total cpu time :  7544.6 secs   av.it.:  11.1
      thresh= 1.208E-06 alpha_mix =  0.300 |ddv_scf|^2 =  6.698E-12

      iter #   6 total cpu time :  7586.8 secs   av.it.:  10.7
      thresh= 2.588E-07 alpha_mix =  0.300 |ddv_scf|^2 =  9.496E-13

      iter #   7 total cpu time :  7629.2 secs   av.it.:  10.7
      thresh= 9.745E-08 alpha_mix =  0.300 |ddv_scf|^2 =  9.775E-14

      iter #   8 total cpu time :  7671.3 secs   av.it.:  10.6
      thresh= 3.126E-08 alpha_mix =  0.300 |ddv_scf|^2 =  1.653E-14

      iter #   9 total cpu time :  7714.4 secs   av.it.:  10.9
      thresh= 1.286E-08 alpha_mix =  0.300 |ddv_scf|^2 =  1.906E-15

     End of self-consistent calculation

     Convergence has been achieved 


     Representation #  16 mode #  16

     Self-consistent Calculation

      iter #   1 total cpu time :  7753.1 secs   av.it.:   6.9
      thresh= 1.000E-02 alpha_mix =  0.300 |ddv_scf|^2 =  3.524E-06

      iter #   2 total cpu time :  7793.7 secs   av.it.:  10.2
      thresh= 1.877E-04 alpha_mix =  0.300 |ddv_scf|^2 =  5.813E-07

      iter #   3 total cpu time :  7836.0 secs   av.it.:  10.7
      thresh= 7.625E-05 alpha_mix =  0.300 |ddv_scf|^2 =  1.222E-08

      iter #   4 total cpu time :  7879.2 secs   av.it.:  11.0
      thresh= 1.106E-05 alpha_mix =  0.300 |ddv_scf|^2 =  1.291E-09

      iter #   5 total cpu time :  7921.6 secs   av.it.:  10.7
      thresh= 3.593E-06 alpha_mix =  0.300 |ddv_scf|^2 =  2.317E-10

      iter #   6 total cpu time :  7965.3 secs   av.it.:  11.2
      thresh= 1.522E-06 alpha_mix =  0.300 |ddv_scf|^2 =  1.237E-11

      iter #   7 total cpu time :  8007.5 secs   av.it.:  10.7
      thresh= 3.518E-07 alpha_mix =  0.300 |ddv_scf|^2 =  2.851E-12

      iter #   8 total cpu time :  8050.7 secs   av.it.:  11.0
      thresh= 1.688E-07 alpha_mix =  0.300 |ddv_scf|^2 =  2.010E-13

      iter #   9 total cpu time :  8092.8 secs   av.it.:  10.7
      thresh= 4.484E-08 alpha_mix =  0.300 |ddv_scf|^2 =  3.942E-14

      iter #  10 total cpu time :  8135.3 secs   av.it.:  10.8
      thresh= 1.985E-08 alpha_mix =  0.300 |ddv_scf|^2 =  5.789E-15

     End of self-consistent calculation

     Convergence has been achieved 


     Representation #  17 mode #  17

     Self-consistent Calculation

      iter #   1 total cpu time :  8165.7 secs   av.it.:   4.5
      thresh= 1.000E-02 alpha_mix =  0.300 |ddv_scf|^2 =  8.037E-08

      iter #   2 total cpu time :  8206.2 secs   av.it.:  10.1
      thresh= 2.835E-05 alpha_mix =  0.300 |ddv_scf|^2 =  1.660E-08

      iter #   3 total cpu time :  8248.2 secs   av.it.:  10.7
      thresh= 1.288E-05 alpha_mix =  0.300 |ddv_scf|^2 =  6.662E-10

      iter #   4 total cpu time :  8289.3 secs   av.it.:  10.4
      thresh= 2.581E-06 alpha_mix =  0.300 |ddv_scf|^2 =  1.757E-10

      iter #   5 total cpu time :  8332.9 secs   av.it.:  11.1
      thresh= 1.325E-06 alpha_mix =  0.300 |ddv_scf|^2 =  6.831E-12

      iter #   6 total cpu time :  8375.3 secs   av.it.:  10.8
      thresh= 2.614E-07 alpha_mix =  0.300 |ddv_scf|^2 =  5.994E-13

      iter #   7 total cpu time :  8416.8 secs   av.it.:  10.5
      thresh= 7.742E-08 alpha_mix =  0.300 |ddv_scf|^2 =  1.064E-13

      iter #   8 total cpu time :  8459.1 secs   av.it.:  10.7
      thresh= 3.262E-08 alpha_mix =  0.300 |ddv_scf|^2 =  1.580E-14

      iter #   9 total cpu time :  8501.5 secs   av.it.:  10.7
      thresh= 1.257E-08 alpha_mix =  0.300 |ddv_scf|^2 =  2.273E-15

     End of self-consistent calculation

     Convergence has been achieved 


     Representation #  18 mode #  18

     Self-consistent Calculation

      iter #   1 total cpu time :  8531.8 secs   av.it.:   4.4
      thresh= 1.000E-02 alpha_mix =  0.300 |ddv_scf|^2 =  6.279E-08

      iter #   2 total cpu time :  8573.3 secs   av.it.:  10.3
      thresh= 2.506E-05 alpha_mix =  0.300 |ddv_scf|^2 =  9.939E-09

      iter #   3 total cpu time :  8615.3 secs   av.it.:  10.6
      thresh= 9.969E-06 alpha_mix =  0.300 |ddv_scf|^2 =  8.466E-10

      iter #   4 total cpu time :  8656.0 secs   av.it.:  10.2
      thresh= 2.910E-06 alpha_mix =  0.300 |ddv_scf|^2 =  1.973E-10

      iter #   5 total cpu time :  8699.3 secs   av.it.:  11.0
      thresh= 1.405E-06 alpha_mix =  0.300 |ddv_scf|^2 =  1.080E-11

      iter #   6 total cpu time :  8743.6 secs   av.it.:  11.4
      thresh= 3.287E-07 alpha_mix =  0.300 |ddv_scf|^2 =  2.507E-13

      iter #   7 total cpu time :  8784.6 secs   av.it.:  10.3
      thresh= 5.007E-08 alpha_mix =  0.300 |ddv_scf|^2 =  7.719E-14

      iter #   8 total cpu time :  8828.5 secs   av.it.:  11.2
      thresh= 2.778E-08 alpha_mix =  0.300 |ddv_scf|^2 =  2.936E-15

     End of self-consistent calculation

     Convergence has been achieved 


     Representation #  19 mode #  19

     Self-consistent Calculation

      iter #   1 total cpu time :  8858.5 secs   av.it.:   4.4
      thresh= 1.000E-02 alpha_mix =  0.300 |ddv_scf|^2 =  2.498E-08

      iter #   2 total cpu time :  8900.0 secs   av.it.:  10.4
      thresh= 1.581E-05 alpha_mix =  0.300 |ddv_scf|^2 =  7.233E-09

      iter #   3 total cpu time :  8940.4 secs   av.it.:  10.1
      thresh= 8.505E-06 alpha_mix =  0.300 |ddv_scf|^2 =  1.617E-09

      iter #   4 total cpu time :  8983.6 secs   av.it.:  11.0
      thresh= 4.021E-06 alpha_mix =  0.300 |ddv_scf|^2 =  8.728E-11

      iter #   5 total cpu time :  9026.6 secs   av.it.:  11.0
      thresh= 9.342E-07 alpha_mix =  0.300 |ddv_scf|^2 =  5.429E-12

      iter #   6 total cpu time :  9069.9 secs   av.it.:  11.0
      thresh= 2.330E-07 alpha_mix =  0.300 |ddv_scf|^2 =  4.475E-13

      iter #   7 total cpu time :  9110.5 secs   av.it.:  10.2
      thresh= 6.689E-08 alpha_mix =  0.300 |ddv_scf|^2 =  1.042E-13

      iter #   8 total cpu time :  9152.2 secs   av.it.:  10.6
      thresh= 3.228E-08 alpha_mix =  0.300 |ddv_scf|^2 =  1.508E-14

      iter #   9 total cpu time :  9194.9 secs   av.it.:  10.8
      thresh= 1.228E-08 alpha_mix =  0.300 |ddv_scf|^2 =  9.073E-16

     End of self-consistent calculation

     Convergence has been achieved 


     Representation #  20 mode #  20

     Self-consistent Calculation

      iter #   1 total cpu time :  9226.6 secs   av.it.:   4.8
      thresh= 1.000E-02 alpha_mix =  0.300 |ddv_scf|^2 =  2.459E-06

      iter #   2 total cpu time :  9266.5 secs   av.it.:   9.9
      thresh= 1.568E-04 alpha_mix =  0.300 |ddv_scf|^2 =  2.149E-07

      iter #   3 total cpu time :  9305.5 secs   av.it.:   9.6
      thresh= 4.636E-05 alpha_mix =  0.300 |ddv_scf|^2 =  2.075E-09

      iter #   4 total cpu time :  9348.4 secs   av.it.:  10.9
      thresh= 4.555E-06 alpha_mix =  0.300 |ddv_scf|^2 =  1.514E-10

      iter #   5 total cpu time :  9391.2 secs   av.it.:  10.8
      thresh= 1.231E-06 alpha_mix =  0.300 |ddv_scf|^2 =  8.586E-12

      iter #   6 total cpu time :  9434.1 secs   av.it.:  10.9
      thresh= 2.930E-07 alpha_mix =  0.300 |ddv_scf|^2 =  1.278E-12

      iter #   7 total cpu time :  9477.3 secs   av.it.:  11.0
      thresh= 1.131E-07 alpha_mix =  0.300 |ddv_scf|^2 =  1.775E-14

      iter #   8 total cpu time :  9518.2 secs   av.it.:  10.3
      thresh= 1.332E-08 alpha_mix =  0.300 |ddv_scf|^2 =  6.111E-15

     End of self-consistent calculation

     Convergence has been achieved 


     Representation #  21 mode #  21

     Self-consistent Calculation

      iter #   1 total cpu time :  9558.4 secs   av.it.:   7.3
      thresh= 1.000E-02 alpha_mix =  0.300 |ddv_scf|^2 =  5.569E-05

      iter #   2 total cpu time :  9598.7 secs   av.it.:  10.0
      thresh= 7.463E-04 alpha_mix =  0.300 |ddv_scf|^2 =  4.999E-06

      iter #   3 total cpu time :  9638.1 secs   av.it.:   9.7
      thresh= 2.236E-04 alpha_mix =  0.300 |ddv_scf|^2 =  1.637E-07

      iter #   4 total cpu time :  9680.8 secs   av.it.:  10.7
      thresh= 4.045E-05 alpha_mix =  0.300 |ddv_scf|^2 =  6.642E-09

      iter #   5 total cpu time :  9724.4 secs   av.it.:  11.1
      thresh= 8.150E-06 alpha_mix =  0.300 |ddv_scf|^2 =  4.906E-10

      iter #   6 total cpu time :  9766.7 secs   av.it.:  10.8
      thresh= 2.215E-06 alpha_mix =  0.300 |ddv_scf|^2 =  6.018E-11

      iter #   7 total cpu time :  9810.0 secs   av.it.:  11.1
      thresh= 7.758E-07 alpha_mix =  0.300 |ddv_scf|^2 =  3.120E-12

      iter #   8 total cpu time :  9853.8 secs   av.it.:  11.2
      thresh= 1.766E-07 alpha_mix =  0.300 |ddv_scf|^2 =  1.282E-13

      iter #   9 total cpu time :  9895.6 secs   av.it.:  10.6
      thresh= 3.580E-08 alpha_mix =  0.300 |ddv_scf|^2 =  4.126E-14

      iter #  10 total cpu time :  9939.2 secs   av.it.:  11.2
      thresh= 2.031E-08 alpha_mix =  0.300 |ddv_scf|^2 =  4.394E-15

     End of self-consistent calculation

     Convergence has been achieved 

     Number of q in the star =    3
     List of q in the star:
          1   0.000000000   0.500000000  -0.500000000
          2  -0.500000000   0.000000000  -0.500000000
          3  -0.500000000   0.500000000   0.000000000

     Diagonalizing the dynamical matrix

     q = (    0.000000000   0.500000000  -0.500000000 ) 

 **************************************************************************
     freq (    1) =     -48.283351 [THz] =   -1610.559239 [cm-1]
     freq (    2) =     -43.446853 [THz] =   -1449.231005 [cm-1]
     freq (    3) =     -41.179171 [THz] =   -1373.589284 [cm-1]
     freq (    4) =     -39.905734 [THz] =   -1331.111999 [cm-1]
     freq (    5) =     -37.931066 [THz] =   -1265.244180 [cm-1]
     freq (    6) =     -34.631074 [THz] =   -1155.168295 [cm-1]
     freq (    7) =     -30.608204 [THz] =   -1020.979775 [cm-1]
     freq (    8) =     -24.248077 [THz] =    -808.828790 [cm-1]
     freq (    9) =     -23.172390 [THz] =    -772.947742 [cm-1]
     freq (   10) =     -17.236614 [THz] =    -574.951555 [cm-1]
     freq (   11) =     -11.646042 [THz] =    -388.470139 [cm-1]
     freq (   12) =       6.079636 [THz] =     202.794839 [cm-1]
     freq (   13) =       8.921572 [THz] =     297.591617 [cm-1]
     freq (   14) =      12.783006 [THz] =     426.395178 [cm-1]
     freq (   15) =      18.603336 [THz] =     620.540488 [cm-1]
     freq (   16) =      75.258290 [THz] =    2510.346350 [cm-1]
     freq (   17) =      79.074973 [THz] =    2637.657197 [cm-1]
     freq (   18) =      80.152786 [THz] =    2673.609157 [cm-1]
     freq (   19) =      83.985983 [THz] =    2801.470837 [cm-1]
     freq (   20) =      84.769270 [THz] =    2827.598472 [cm-1]
     freq (   21) =      86.945727 [THz] =    2900.197268 [cm-1]
 **************************************************************************

     Mode symmetry, C_i (-1)    point group:

     freq (   1-   1) =      -1610.6  [cm-1]   --> A_u                
     freq (   2-   2) =      -1449.2  [cm-1]   --> A_u                
     freq (   3-   3) =      -1373.6  [cm-1]   --> A_g                
     freq (   4-   4) =      -1331.1  [cm-1]   --> A_g                
     freq (   5-   5) =      -1265.2  [cm-1]   --> A_g                
     freq (   6-   6) =      -1155.2  [cm-1]   --> A_u                
     freq (   7-   7) =      -1021.0  [cm-1]   --> A_g                
     freq (   8-   8) =       -808.8  [cm-1]   --> A_g                
     freq (   9-   9) =       -772.9  [cm-1]   --> A_u                
     freq (  10-  10) =       -575.0  [cm-1]   --> A_u                
     freq (  11-  11) =       -388.5  [cm-1]   --> A_u                
     freq (  12-  12) =        202.8  [cm-1]   --> A_u                
     freq (  13-  13) =        297.6  [cm-1]   --> A_u                
     freq (  14-  14) =        426.4  [cm-1]   --> A_g                
     freq (  15-  15) =        620.5  [cm-1]   --> A_u                
     freq (  16-  16) =       2510.3  [cm-1]   --> A_g                
     freq (  17-  17) =       2637.7  [cm-1]   --> A_g                
     freq (  18-  18) =       2673.6  [cm-1]   --> A_g                
     freq (  19-  19) =       2801.5  [cm-1]   --> A_u                
     freq (  20-  20) =       2827.6  [cm-1]   --> A_u                
     freq (  21-  21) =       2900.2  [cm-1]   --> A_u                

     Gaussian Broadening:   0.005 Ry, ngauss=   0
     DOS =  5.724198 states/spin/Ry/Unit Cell at Ef= 18.648392 eV
     double delta at Ef =110.658106
     lambda(    1)= -0.1397   gamma= 1780.66 GHz
     lambda(    2)= -0.2474   gamma= 2552.53 GHz
     lambda(    3)= -0.0887   gamma=  822.24 GHz
     lambda(    4)= -0.1057   gamma=  920.37 GHz
     lambda(    5)= -0.2919   gamma= 2295.59 GHz
     lambda(    6)= -0.0785   gamma=  514.81 GHz
     lambda(    7)= -0.5550   gamma= 2842.28 GHz
     lambda(    8)= -0.4019   gamma= 1291.67 GHz
     lambda(    9)= -0.1891   gamma=  555.00 GHz
     lambda(   10)= -0.2554   gamma=  414.79 GHz
     lambda(   11)= -3.5051   gamma= 2598.62 GHz
     lambda(   12)=  0.8865   gamma=  179.12 GHz
     lambda(   13)=  1.6004   gamma=  696.32 GHz
     lambda(   14)=  0.7004   gamma=  625.62 GHz
     lambda(   15)=  0.3071   gamma=  580.91 GHz
     lambda(   16)=  0.1070   gamma= 3313.14 GHz
     lambda(   17)=  0.0374   gamma= 1278.35 GHz
     lambda(   18)=  0.0344   gamma= 1208.29 GHz
     lambda(   19)=  0.0350   gamma= 1350.74 GHz
     lambda(   20)=  0.0278   gamma= 1092.27 GHz
     lambda(   21)=  0.0182   gamma=  750.44 GHz

     Gaussian Broadening:   0.010 Ry, ngauss=   0
     DOS =  7.268330 states/spin/Ry/Unit Cell at Ef= 18.645282 eV
     double delta at Ef =114.648699
     lambda(    1)= -0.1263   gamma= 2043.10 GHz
     lambda(    2)= -0.1239   gamma= 1623.27 GHz
     lambda(    3)= -0.0698   gamma=  821.15 GHz
     lambda(    4)= -0.1178   gamma= 1301.78 GHz
     lambda(    5)= -0.1819   gamma= 1816.88 GHz
     lambda(    6)= -0.0760   gamma=  632.69 GHz
     lambda(    7)= -0.3352   gamma= 2179.65 GHz
     lambda(    8)= -0.4181   gamma= 1706.08 GHz
     lambda(    9)= -0.1244   gamma=  463.55 GHz
     lambda(   10)= -0.1948   gamma=  401.74 GHz
     lambda(   11)= -1.3590   gamma= 1279.37 GHz
     lambda(   12)=  0.4350   gamma=  111.59 GHz
     lambda(   13)=  0.6361   gamma=  351.40 GHz
     lambda(   14)=  0.8328   gamma=  944.54 GHz
     lambda(   15)=  0.1769   gamma=  425.04 GHz
     lambda(   16)=  0.0721   gamma= 2835.75 GHz
     lambda(   17)=  0.0258   gamma= 1121.42 GHz
     lambda(   18)=  0.0274   gamma= 1223.68 GHz
     lambda(   19)=  0.0227   gamma= 1109.13 GHz
     lambda(   20)=  0.0187   gamma=  934.17 GHz
     lambda(   21)=  0.0125   gamma=  657.71 GHz

     Gaussian Broadening:   0.015 Ry, ngauss=   0
     DOS =  7.283373 states/spin/Ry/Unit Cell at Ef= 18.645756 eV
     double delta at Ef =116.326944
     lambda(    1)= -0.1258   gamma= 2039.99 GHz
     lambda(    2)= -0.1072   gamma= 1408.02 GHz
     lambda(    3)= -0.0824   gamma=  972.15 GHz
     lambda(    4)= -0.1278   gamma= 1415.28 GHz
     lambda(    5)= -0.1703   gamma= 1704.15 GHz
     lambda(    6)= -0.0808   gamma=  673.88 GHz
     lambda(    7)= -0.3225   gamma= 2101.68 GHz
     lambda(    8)= -0.4031   gamma= 1648.24 GHz
     lambda(    9)= -0.1334   gamma=  498.12 GHz
     lambda(   10)= -0.1853   gamma=  382.91 GHz
     lambda(   11)= -0.9800   gamma=  924.45 GHz
     lambda(   12)=  0.3847   gamma=   98.89 GHz
     lambda(   13)=  0.4440   gamma=  245.82 GHz
     lambda(   14)=  1.0792   gamma= 1226.50 GHz
     lambda(   15)=  0.1510   gamma=  363.42 GHz
     lambda(   16)=  0.0619   gamma= 2438.38 GHz
     lambda(   17)=  0.0225   gamma=  978.66 GHz
     lambda(   18)=  0.0267   gamma= 1194.63 GHz
     lambda(   19)=  0.0204   gamma=  999.05 GHz
     lambda(   20)=  0.0166   gamma=  829.18 GHz
     lambda(   21)=  0.0119   gamma=  628.04 GHz

     Gaussian Broadening:   0.020 Ry, ngauss=   0
     DOS =  7.270485 states/spin/Ry/Unit Cell at Ef= 18.646988 eV
     double delta at Ef =114.631273
     lambda(    1)= -0.1204   gamma= 1948.98 GHz
     lambda(    2)= -0.0957   gamma= 1254.42 GHz
     lambda(    3)= -0.0848   gamma=  998.47 GHz
     lambda(    4)= -0.1327   gamma= 1467.72 GHz
     lambda(    5)= -0.1613   gamma= 1611.71 GHz
     lambda(    6)= -0.0827   gamma=  688.79 GHz
     lambda(    7)= -0.3296   gamma= 2143.71 GHz
     lambda(    8)= -0.3853   gamma= 1572.88 GHz
     lambda(    9)= -0.1441   gamma=  537.31 GHz
     lambda(   10)= -0.1813   gamma=  373.89 GHz
     lambda(   11)= -0.8560   gamma=  806.08 GHz
     lambda(   12)=  0.3663   gamma=   94.00 GHz
     lambda(   13)=  0.3684   gamma=  203.57 GHz
     lambda(   14)=  1.1997   gamma= 1361.09 GHz
     lambda(   15)=  0.1396   gamma=  335.52 GHz
     lambda(   16)=  0.0561   gamma= 2207.81 GHz
     lambda(   17)=  0.0212   gamma=  920.45 GHz
     lambda(   18)=  0.0255   gamma= 1136.03 GHz
     lambda(   19)=  0.0181   gamma=  885.11 GHz
     lambda(   20)=  0.0148   gamma=  740.50 GHz
     lambda(   21)=  0.0112   gamma=  589.05 GHz

     Gaussian Broadening:   0.025 Ry, ngauss=   0
     DOS =  7.276657 states/spin/Ry/Unit Cell at Ef= 18.648002 eV
     double delta at Ef =111.860384
     lambda(    1)= -0.1144   gamma= 1853.43 GHz
     lambda(    2)= -0.0870   gamma= 1141.07 GHz
     lambda(    3)= -0.0833   gamma=  981.43 GHz
     lambda(    4)= -0.1351   gamma= 1494.85 GHz
     lambda(    5)= -0.1530   gamma= 1530.06 GHz
     lambda(    6)= -0.0824   gamma=  686.82 GHz
     lambda(    7)= -0.3231   gamma= 2103.39 GHz
     lambda(    8)= -0.3767   gamma= 1539.20 GHz
     lambda(    9)= -0.1509   gamma=  563.12 GHz
     lambda(   10)= -0.1808   gamma=  373.26 GHz
     lambda(   11)= -0.8001   gamma=  754.02 GHz
     lambda(   12)=  0.3483   gamma=   89.46 GHz
     lambda(   13)=  0.3354   gamma=  185.49 GHz
     lambda(   14)=  1.2462   gamma= 1415.00 GHz
     lambda(   15)=  0.1338   gamma=  321.85 GHz
     lambda(   16)=  0.0524   gamma= 2063.74 GHz
     lambda(   17)=  0.0204   gamma=  884.35 GHz
     lambda(   18)=  0.0243   gamma= 1083.47 GHz
     lambda(   19)=  0.0162   gamma=  795.04 GHz
     lambda(   20)=  0.0135   gamma=  674.05 GHz
     lambda(   21)=  0.0106   gamma=  555.12 GHz

     Gaussian Broadening:   0.030 Ry, ngauss=   0
     DOS =  7.271618 states/spin/Ry/Unit Cell at Ef= 18.648856 eV
     double delta at Ef =108.645242
     lambda(    1)= -0.1095   gamma= 1772.36 GHz
     lambda(    2)= -0.0807   gamma= 1058.15 GHz
     lambda(    3)= -0.0810   gamma=  953.39 GHz
     lambda(    4)= -0.1355   gamma= 1498.01 GHz
     lambda(    5)= -0.1451   gamma= 1449.86 GHz
     lambda(    6)= -0.0810   gamma=  674.31 GHz
     lambda(    7)= -0.3091   gamma= 2010.73 GHz
     lambda(    8)= -0.3702   gamma= 1511.50 GHz
     lambda(    9)= -0.1538   gamma=  573.60 GHz
     lambda(   10)= -0.1833   gamma=  378.24 GHz
     lambda(   11)= -0.7623   gamma=  717.92 GHz
     lambda(   12)=  0.3301   gamma=   84.72 GHz
     lambda(   13)=  0.3198   gamma=  176.76 GHz
     lambda(   14)=  1.2532   gamma= 1422.01 GHz
     lambda(   15)=  0.1319   gamma=  317.06 GHz
     lambda(   16)=  0.0497   gamma= 1956.26 GHz
     lambda(   17)=  0.0197   gamma=  856.25 GHz
     lambda(   18)=  0.0232   gamma= 1036.55 GHz
     lambda(   19)=  0.0148   gamma=  727.35 GHz
     lambda(   20)=  0.0126   gamma=  627.98 GHz
     lambda(   21)=  0.0100   gamma=  526.14 GHz

     Gaussian Broadening:   0.035 Ry, ngauss=   0
     DOS =  7.255335 states/spin/Ry/Unit Cell at Ef= 18.649606 eV
     double delta at Ef =105.433656
     lambda(    1)= -0.1055   gamma= 1704.62 GHz
     lambda(    2)= -0.0761   gamma=  995.72 GHz
     lambda(    3)= -0.0786   gamma=  923.98 GHz
     lambda(    4)= -0.1345   gamma= 1484.41 GHz
     lambda(    5)= -0.1378   gamma= 1373.17 GHz
     lambda(    6)= -0.0791   gamma=  657.28 GHz
     lambda(    7)= -0.2939   gamma= 1907.48 GHz
     lambda(    8)= -0.3632   gamma= 1479.48 GHz
     lambda(    9)= -0.1543   gamma=  574.09 GHz
     lambda(   10)= -0.1883   gamma=  387.58 GHz
     lambda(   11)= -0.7302   gamma=  686.21 GHz
     lambda(   12)=  0.3131   gamma=   80.19 GHz
     lambda(   13)=  0.3120   gamma=  172.07 GHz
     lambda(   14)=  1.2432   gamma= 1407.45 GHz
     lambda(   15)=  0.1328   gamma=  318.48 GHz
     lambda(   16)=  0.0476   gamma= 1866.68 GHz
     lambda(   17)=  0.0192   gamma=  833.14 GHz
     lambda(   18)=  0.0223   gamma=  994.19 GHz
     lambda(   19)=  0.0138   gamma=  675.34 GHz
     lambda(   20)=  0.0120   gamma=  597.15 GHz
     lambda(   21)=  0.0096   gamma=  500.93 GHz

     Gaussian Broadening:   0.040 Ry, ngauss=   0
     DOS =  7.228107 states/spin/Ry/Unit Cell at Ef= 18.650264 eV
     double delta at Ef =102.456676
     lambda(    1)= -0.1024   gamma= 1647.86 GHz
     lambda(    2)= -0.0727   gamma=  947.53 GHz
     lambda(    3)= -0.0766   gamma=  896.93 GHz
     lambda(    4)= -0.1329   gamma= 1461.11 GHz
     lambda(    5)= -0.1312   gamma= 1303.24 GHz
     lambda(    6)= -0.0773   gamma=  639.83 GHz
     lambda(    7)= -0.2800   gamma= 1810.87 GHz
     lambda(    8)= -0.3556   gamma= 1443.27 GHz
     lambda(    9)= -0.1538   gamma=  569.91 GHz
     lambda(   10)= -0.1950   gamma=  399.90 GHz
     lambda(   11)= -0.7026   gamma=  657.78 GHz
     lambda(   12)=  0.2983   gamma=   76.11 GHz
     lambda(   13)=  0.3084   gamma=  169.42 GHz
     lambda(   14)=  1.2273   gamma= 1384.20 GHz
     lambda(   15)=  0.1356   gamma=  323.82 GHz
     lambda(   16)=  0.0457   gamma= 1785.88 GHz
     lambda(   17)=  0.0189   gamma=  813.65 GHz
     lambda(   18)=  0.0216   gamma=  956.11 GHz
     lambda(   19)=  0.0130   gamma=  634.75 GHz
     lambda(   20)=  0.0116   gamma=  576.95 GHz
     lambda(   21)=  0.0092   gamma=  479.06 GHz

     Gaussian Broadening:   0.045 Ry, ngauss=   0
     DOS =  7.193252 states/spin/Ry/Unit Cell at Ef= 18.650735 eV
     double delta at Ef = 99.766054
     lambda(    1)= -0.0999   gamma= 1599.89 GHz
     lambda(    2)= -0.0702   gamma=  909.88 GHz
     lambda(    3)= -0.0750   gamma=  873.57 GHz
     lambda(    4)= -0.1310   gamma= 1432.55 GHz
     lambda(    5)= -0.1256   gamma= 1241.49 GHz
     lambda(    6)= -0.0757   gamma=  623.73 GHz
     lambda(    7)= -0.2680   gamma= 1724.61 GHz
     lambda(    8)= -0.3479   gamma= 1405.07 GHz
     lambda(    9)= -0.1529   gamma=  564.08 GHz
     lambda(   10)= -0.2027   gamma=  413.58 GHz
     lambda(   11)= -0.6793   gamma=  632.85 GHz
     lambda(   12)=  0.2857   gamma=   72.53 GHz
     lambda(   13)=  0.3070   gamma=  167.83 GHz
     lambda(   14)=  1.2090   gamma= 1357.03 GHz
     lambda(   15)=  0.1393   gamma=  331.24 GHz
     lambda(   16)=  0.0439   gamma= 1709.63 GHz
     lambda(   17)=  0.0185   gamma=  796.68 GHz
     lambda(   18)=  0.0209   gamma=  921.95 GHz
     lambda(   19)=  0.0124   gamma=  602.85 GHz
     lambda(   20)=  0.0114   gamma=  563.65 GHz
     lambda(   21)=  0.0089   gamma=  460.13 GHz

     Gaussian Broadening:   0.050 Ry, ngauss=   0
     DOS =  7.155404 states/spin/Ry/Unit Cell at Ef= 18.650876 eV
     double delta at Ef = 97.323339
     lambda(    1)= -0.0978   gamma= 1558.32 GHz
     lambda(    2)= -0.0682   gamma=  880.29 GHz
     lambda(    3)= -0.0737   gamma=  853.98 GHz
     lambda(    4)= -0.1288   gamma= 1401.16 GHz
     lambda(    5)= -0.1208   gamma= 1187.68 GHz
     lambda(    6)= -0.0744   gamma=  609.34 GHz
     lambda(    7)= -0.2574   gamma= 1647.53 GHz
     lambda(    8)= -0.3402   gamma= 1366.92 GHz
     lambda(    9)= -0.1520   gamma=  557.85 GHz
     lambda(   10)= -0.2104   gamma=  427.08 GHz
     lambda(   11)= -0.6595   gamma=  611.23 GHz
     lambda(   12)=  0.2748   gamma=   69.39 GHz
     lambda(   13)=  0.3067   gamma=  166.79 GHz
     lambda(   14)=  1.1891   gamma= 1327.66 GHz
     lambda(   15)=  0.1434   gamma=  339.21 GHz
     lambda(   16)=  0.0423   gamma= 1636.58 GHz
     lambda(   17)=  0.0183   gamma=  781.24 GHz
     lambda(   18)=  0.0203   gamma=  891.07 GHz
     lambda(   19)=  0.0120   gamma=  577.58 GHz
     lambda(   20)=  0.0113   gamma=  554.41 GHz
     lambda(   21)=  0.0086   gamma=  443.60 GHz

     Calculation of q =    0.5000000   0.0000000  -0.5000000

     Parallelization info
     --------------------
     sticks:   dense  smooth     PW     G-vecs:    dense   smooth      PW
     Min         128      51     17                 3674      922     189
     Max         129      52     18                 3676      924     192
     Sum        2061     817    281                58799    14771    3043

     Using Slab Decomposition


     Title: 
     YH6 electron-phonon 2x2x2 q (RTSC sodalite - Im-3m, Troyan 2021 measured 22


     bravais-lattice index     =            3
     lattice parameter (alat)  =       6.7560  a.u.
     unit-cell volume          =     154.1839 (a.u.)^3
     number of atoms/cell      =            7
     number of atomic types    =            2
     number of electrons       =        17.00
     number of Kohn-Sham states=           13
     kinetic-energy cutoff     =      80.0000  Ry
     charge density cutoff     =     800.0000  Ry
     Exchange-correlation= PBE
                           (   1   4   3   4   0   0   0)

     celldm(1)=   6.756000  celldm(2)=   0.000000  celldm(3)=   0.000000
     celldm(4)=   0.000000  celldm(5)=   0.000000  celldm(6)=   0.000000

     crystal axes: (cart. coord. in units of alat)
               a(1) = (   0.500000   0.500000   0.500000 )  
               a(2) = (  -0.500000   0.500000   0.500000 )  
               a(3) = (  -0.500000  -0.500000   0.500000 )  

     reciprocal axes: (cart. coord. in units 2 pi/alat)
               b(1) = (  1.000000  0.000000  1.000000 )  
               b(2) = ( -1.000000  1.000000  0.000000 )  
               b(3) = (  0.000000 -1.000000  1.000000 )  


     PseudoPot. # 1 for Y  read from file:
     ./pseudo/Y.pbe-spn-rrkjus_psl.1.0.0.UPF
     MD5 check sum: 5fe32e6a006803c2ec2edff47948a3c8
     Pseudo is Ultrasoft + core correction, Zval = 11.0
     Generated using &quot;atomic&quot; code by A. Dal Corso  v.6.2.2
     Using radial grid of 1223 points,  6 beta functions with: 
                l(1) =   0
                l(2) =   0
                l(3) =   1
                l(4) =   1
                l(5) =   2
                l(6) =   2
     Q(r) pseudized with 0 coefficients 


     PseudoPot. # 2 for H  read from file:
     ./pseudo/H.pbe-rrkjus_psl.1.0.0.UPF
     MD5 check sum: 3f4114867bd07edc7f1424d066fc1888
     Pseudo is Ultrasoft, Zval =  1.0
     Generated using &quot;atomic&quot; code by A. Dal Corso  v.6.3MaX
     Using radial grid of  929 points,  2 beta functions with: 
                l(1) =   0
                l(2) =   0
     Q(r) pseudized with 0 coefficients 


     atomic species   valence    mass     pseudopotential
     Y                11.00    88.90590     Y ( 1.00)
     H                 1.00     1.00800     H ( 1.00)

      6 Sym. Ops., with inversion, found



   Cartesian axes

     site n.     atom                  positions (alat units)
         1        Y      tau(   1) = (   0.0000000   0.0000000   0.0000000  )
         2        H      tau(   2) = (  -0.1250000   0.3750000   0.3750000  )
         3        H      tau(   3) = (   0.1250000   0.1250000   0.3750000  )
         4        H      tau(   4) = (  -0.3750000  -0.1250000   0.3750000  )
         5        H      tau(   5) = (   0.1250000   0.6250000   0.6250000  )
         6        H      tau(   6) = (  -0.1250000  -0.1250000   0.6250000  )
         7        H      tau(   7) = (  -0.6250000   0.1250000   0.6250000  )

     number of k points=  4104  Methfessel-Paxton smearing, width (Ry)=  0.0200

     Number of k-points >= 100: set verbosity='high' to print them.

     Dense  grid:    58799 G-vectors     FFT dimensions: (  54,  54,  54)

     Smooth grid:    14771 G-vectors     FFT dimensions: (  36,  36,  36)

     Estimated max dynamical RAM per process >      16.87 MB

     Estimated total dynamical RAM >     269.91 MB

     The potential is recalculated from file :
     ./out/_ph0/yh6.q_3/yh6.save/charge-density

     Starting wfcs are   19 atomic wfcs

     Band Structure Calculation
     Davidson diagonalization with overlap

     ethr =  5.88E-11,  avg # of iterations = 13.8

     total cpu time spent up to now is      276.3 secs

     End of band structure calculation

     Number of k-points >= 100: set verbosity='high' to print the bands.

     the Fermi energy is    18.6470 ev

     Writing config to output data dir ./out/_ph0/yh6.q_3/yh6.save/ :
     XML data file

     YH6 electron-phonon 2x2x2 q (RTSC sodalite - Im-3m, Troyan 2021 measured 22

     bravais-lattice index     =            3
     lattice parameter (alat)  =       6.7560  a.u.
     unit-cell volume          =     154.1839 (a.u.)^3
     number of atoms/cell      =            7
     number of atomic types    =            2
     kinetic-energy cut-off    =      80.0000  Ry
     charge density cut-off    =     800.0000  Ry
     convergence threshold     =      1.0E-14
     beta                      =       0.3000
     number of iterations used =            4
     Exchange-correlation= PBE
                           (   1   4   3   4   0   0   0)


     celldm(1)=    6.75600  celldm(2)=    0.00000  celldm(3)=    0.00000
     celldm(4)=    0.00000  celldm(5)=    0.00000  celldm(6)=    0.00000

     crystal axes: (cart. coord. in units of alat)
               a(1) = (  0.5000  0.5000  0.5000 )  
               a(2) = ( -0.5000  0.5000  0.5000 )  
               a(3) = ( -0.5000 -0.5000  0.5000 )  

     reciprocal axes: (cart. coord. in units 2 pi/alat)
               b(1) = (  1.0000  0.0000  1.0000 )  
               b(2) = ( -1.0000  1.0000  0.0000 )  
               b(3) = (  0.0000 -1.0000  1.0000 )  


     Atoms inside the unit cell: 

     Cartesian axes

     site n.  atom      mass           positions (alat units)
        1  Y      88.9059   tau(    1) = (    0.00000    0.00000    0.00000  )
        2  H       1.0080   tau(    2) = (   -0.12500    0.37500    0.37500  )
        3  H       1.0080   tau(    3) = (    0.12500    0.12500    0.37500  )
        4  H       1.0080   tau(    4) = (   -0.37500   -0.12500    0.37500  )
        5  H       1.0080   tau(    5) = (    0.12500    0.62500    0.62500  )
        6  H       1.0080   tau(    6) = (   -0.12500   -0.12500    0.62500  )
        7  H       1.0080   tau(    7) = (   -0.62500    0.12500    0.62500  )

     Computing dynamical matrix for 
                    q = (   0.5000000   0.0000000  -0.5000000 )

      3 Sym.Ops. (with q -> -q+G )


     G cutoff =  924.9314  (   3675 G-vectors)     FFT grid: ( 54, 54, 54)
     G cutoff =  369.9726  (    923 G-vectors)  smooth grid: ( 36, 36, 36)

     number of k points=  4104  Methfessel-Paxton smearing, width (Ry)=  0.0200

     PseudoPot. # 1 for Y  read from file:
     ./pseudo/Y.pbe-spn-rrkjus_psl.1.0.0.UPF
     MD5 check sum: 5fe32e6a006803c2ec2edff47948a3c8
     Pseudo is Ultrasoft + core correction, Zval = 11.0
     Generated using &quot;atomic&quot; code by A. Dal Corso  v.6.2.2
     Using radial grid of 1223 points,  6 beta functions with: 
                l(1) =   0
                l(2) =   0
                l(3) =   1
                l(4) =   1
                l(5) =   2
                l(6) =   2
     Q(r) pseudized with 0 coefficients 


     PseudoPot. # 2 for H  read from file:
     ./pseudo/H.pbe-rrkjus_psl.1.0.0.UPF
     MD5 check sum: 3f4114867bd07edc7f1424d066fc1888
     Pseudo is Ultrasoft, Zval =  1.0
     Generated using &quot;atomic&quot; code by A. Dal Corso  v.6.3MaX
     Using radial grid of  929 points,  2 beta functions with: 
                l(1) =   0
                l(2) =   0
     Q(r) pseudized with 0 coefficients 


     Mode symmetry, C_i (-1)    point group:


     Atomic displacements:
     There are   21 irreducible representations

     Representation     1      1 modes -  To be done

     Representation     2      1 modes -  To be done

     Representation     3      1 modes -  To be done

     Representation     4      1 modes -  To be done

     Representation     5      1 modes -  To be done

     Representation     6      1 modes -  To be done

     Representation     7      1 modes -  To be done

     Representation     8      1 modes -  To be done

     Representation     9      1 modes -  To be done

     Representation    10      1 modes -  To be done

     Representation    11      1 modes -  To be done

     Representation    12      1 modes -  To be done

     Representation    13      1 modes -  To be done

     Representation    14      1 modes -  To be done

     Representation    15      1 modes -  To be done

     Representation    16      1 modes -  To be done

     Representation    17      1 modes -  To be done

     Representation    18      1 modes -  To be done

     Representation    19      1 modes -  To be done

     Representation    20      1 modes -  To be done

     Representation    21      1 modes -  To be done



     Alpha used in Ewald sum =   2.8000
     PHONON       :      2h39m CPU      2h48m WALL



     Representation #   1 mode #   1

     Self-consistent Calculation

      iter #   1 total cpu time : 10157.2 secs   av.it.:   4.4
      thresh= 1.000E-02 alpha_mix =  0.300 |ddv_scf|^2 =  3.080E-07

      iter #   2 total cpu time : 10198.1 secs   av.it.:  10.1
      thresh= 5.550E-05 alpha_mix =  0.300 |ddv_scf|^2 =  1.194E-07

      iter #   3 total cpu time : 10237.1 secs   av.it.:   9.5
      thresh= 3.455E-05 alpha_mix =  0.300 |ddv_scf|^2 =  5.023E-09

      iter #   4 total cpu time : 10279.8 secs   av.it.:  10.7
      thresh= 7.088E-06 alpha_mix =  0.300 |ddv_scf|^2 =  1.788E-10

      iter #   5 total cpu time : 10323.1 secs   av.it.:  10.9
      thresh= 1.337E-06 alpha_mix =  0.300 |ddv_scf|^2 =  9.486E-12

      iter #   6 total cpu time : 10365.6 secs   av.it.:  10.7
      thresh= 3.080E-07 alpha_mix =  0.300 |ddv_scf|^2 =  1.159E-12

      iter #   7 total cpu time : 10408.1 secs   av.it.:  10.7
      thresh= 1.077E-07 alpha_mix =  0.300 |ddv_scf|^2 =  1.169E-13

      iter #   8 total cpu time : 10449.4 secs   av.it.:  10.3
      thresh= 3.419E-08 alpha_mix =  0.300 |ddv_scf|^2 =  2.587E-14

      iter #   9 total cpu time : 10491.7 secs   av.it.:  10.7
      thresh= 1.608E-08 alpha_mix =  0.300 |ddv_scf|^2 =  1.258E-15

     End of self-consistent calculation

     Convergence has been achieved 


     Representation #   2 mode #   2

     Self-consistent Calculation

      iter #   1 total cpu time : 10522.1 secs   av.it.:   4.4
      thresh= 1.000E-02 alpha_mix =  0.300 |ddv_scf|^2 =  1.074E-06

      iter #   2 total cpu time : 10562.7 secs   av.it.:  10.0
      thresh= 1.036E-04 alpha_mix =  0.300 |ddv_scf|^2 =  4.415E-07

      iter #   3 total cpu time : 10601.7 secs   av.it.:   9.5
      thresh= 6.644E-05 alpha_mix =  0.300 |ddv_scf|^2 =  7.884E-10

      iter #   4 total cpu time : 10645.1 secs   av.it.:  11.0
      thresh= 2.808E-06 alpha_mix =  0.300 |ddv_scf|^2 =  5.575E-11

      iter #   5 total cpu time : 10687.7 secs   av.it.:  10.7
      thresh= 7.467E-07 alpha_mix =  0.300 |ddv_scf|^2 =  7.448E-12

      iter #   6 total cpu time : 10730.0 secs   av.it.:  10.6
      thresh= 2.729E-07 alpha_mix =  0.300 |ddv_scf|^2 =  7.602E-13

      iter #   7 total cpu time : 10773.1 secs   av.it.:  10.8
      thresh= 8.719E-08 alpha_mix =  0.300 |ddv_scf|^2 =  1.783E-14

      iter #   8 total cpu time : 10813.9 secs   av.it.:  10.2
      thresh= 1.335E-08 alpha_mix =  0.300 |ddv_scf|^2 =  5.813E-15

     End of self-consistent calculation

     Convergence has been achieved 


     Representation #   3 mode #   3

     Self-consistent Calculation

      iter #   1 total cpu time : 10844.1 secs   av.it.:   4.4
      thresh= 1.000E-02 alpha_mix =  0.300 |ddv_scf|^2 =  5.216E-08

      iter #   2 total cpu time : 10884.9 secs   av.it.:  10.1
      thresh= 2.284E-05 alpha_mix =  0.300 |ddv_scf|^2 =  1.007E-08

      iter #   3 total cpu time : 10929.0 secs   av.it.:  10.6
      thresh= 1.003E-05 alpha_mix =  0.300 |ddv_scf|^2 =  2.765E-09

      iter #   4 total cpu time : 10969.6 secs   av.it.:  10.0
      thresh= 5.258E-06 alpha_mix =  0.300 |ddv_scf|^2 =  2.610E-10

      iter #   5 total cpu time : 11013.4 secs   av.it.:  11.1
      thresh= 1.616E-06 alpha_mix =  0.300 |ddv_scf|^2 =  1.005E-11

      iter #   6 total cpu time : 11056.9 secs   av.it.:  11.0
      thresh= 3.171E-07 alpha_mix =  0.300 |ddv_scf|^2 =  4.779E-13

      iter #   7 total cpu time : 11097.2 secs   av.it.:  10.0
      thresh= 6.913E-08 alpha_mix =  0.300 |ddv_scf|^2 =  1.297E-13

      iter #   8 total cpu time : 11139.0 secs   av.it.:  10.6
      thresh= 3.601E-08 alpha_mix =  0.300 |ddv_scf|^2 =  1.508E-14

      iter #   9 total cpu time : 11180.2 secs   av.it.:  10.3
      thresh= 1.228E-08 alpha_mix =  0.300 |ddv_scf|^2 =  2.997E-15

     End of self-consistent calculation

     Convergence has been achieved 


     Representation #   4 mode #   4

     Self-consistent Calculation

      iter #   1 total cpu time : 11212.0 secs   av.it.:   4.8
      thresh= 1.000E-02 alpha_mix =  0.300 |ddv_scf|^2 =  2.494E-06

      iter #   2 total cpu time : 11252.4 secs   av.it.:  10.0
      thresh= 1.579E-04 alpha_mix =  0.300 |ddv_scf|^2 =  1.014E-06

      iter #   3 total cpu time : 11291.2 secs   av.it.:   9.5
      thresh= 1.007E-04 alpha_mix =  0.300 |ddv_scf|^2 =  2.811E-09

      iter #   4 total cpu time : 11334.3 secs   av.it.:  11.0
      thresh= 5.302E-06 alpha_mix =  0.300 |ddv_scf|^2 =  1.195E-10

      iter #   5 total cpu time : 11376.1 secs   av.it.:  10.5
      thresh= 1.093E-06 alpha_mix =  0.300 |ddv_scf|^2 =  2.411E-11

      iter #   6 total cpu time : 11419.3 secs   av.it.:  11.0
      thresh= 4.910E-07 alpha_mix =  0.300 |ddv_scf|^2 =  1.338E-12

      iter #   7 total cpu time : 11462.5 secs   av.it.:  11.0
      thresh= 1.157E-07 alpha_mix =  0.300 |ddv_scf|^2 =  9.126E-14

      iter #   8 total cpu time : 11502.4 secs   av.it.:  10.0
      thresh= 3.021E-08 alpha_mix =  0.300 |ddv_scf|^2 =  3.130E-14

      iter #   9 total cpu time : 11545.6 secs   av.it.:  11.0
      thresh= 1.769E-08 alpha_mix =  0.300 |ddv_scf|^2 =  2.311E-15

     End of self-consistent calculation

     Convergence has been achieved 


     Representation #   5 mode #   5

     Self-consistent Calculation

      iter #   1 total cpu time : 11576.2 secs   av.it.:   4.5
      thresh= 1.000E-02 alpha_mix =  0.300 |ddv_scf|^2 =  6.030E-08

      iter #   2 total cpu time : 11617.3 secs   av.it.:  10.2
      thresh= 2.456E-05 alpha_mix =  0.300 |ddv_scf|^2 =  1.155E-08

      iter #   3 total cpu time : 11659.4 secs   av.it.:  10.6
      thresh= 1.075E-05 alpha_mix =  0.300 |ddv_scf|^2 =  3.388E-09

      iter #   4 total cpu time : 11700.1 secs   av.it.:  10.1
      thresh= 5.821E-06 alpha_mix =  0.300 |ddv_scf|^2 =  2.451E-10

      iter #   5 total cpu time : 11743.8 secs   av.it.:  11.1
      thresh= 1.566E-06 alpha_mix =  0.300 |ddv_scf|^2 =  1.139E-11

      iter #   6 total cpu time : 11787.0 secs   av.it.:  11.0
      thresh= 3.375E-07 alpha_mix =  0.300 |ddv_scf|^2 =  5.127E-13

      iter #   7 total cpu time : 11829.0 secs   av.it.:  10.6
      thresh= 7.161E-08 alpha_mix =  0.300 |ddv_scf|^2 =  6.472E-14

      iter #   8 total cpu time : 11869.9 secs   av.it.:  10.3
      thresh= 2.544E-08 alpha_mix =  0.300 |ddv_scf|^2 =  2.083E-14

      iter #   9 total cpu time : 11913.1 secs   av.it.:  11.0
      thresh= 1.443E-08 alpha_mix =  0.300 |ddv_scf|^2 =  2.320E-15

     End of self-consistent calculation

     Convergence has been achieved 


     Representation #   6 mode #   6

     Self-consistent Calculation

      iter #   1 total cpu time : 11945.3 secs   av.it.:   4.9
      thresh= 1.000E-02 alpha_mix =  0.300 |ddv_scf|^2 =  4.081E-06

      iter #   2 total cpu time : 11985.7 secs   av.it.:  10.0
      thresh= 2.020E-04 alpha_mix =  0.300 |ddv_scf|^2 =  1.680E-06

      iter #   3 total cpu time : 12024.4 secs   av.it.:   9.5
      thresh= 1.296E-04 alpha_mix =  0.300 |ddv_scf|^2 =  1.960E-09

      iter #   4 total cpu time : 12068.3 secs   av.it.:  11.1
      thresh= 4.427E-06 alpha_mix =  0.300 |ddv_scf|^2 =  1.295E-10

      iter #   5 total cpu time : 12111.8 secs   av.it.:  11.0
      thresh= 1.138E-06 alpha_mix =  0.300 |ddv_scf|^2 =  1.189E-11

      iter #   6 total cpu time : 12154.5 secs   av.it.:  10.9
      thresh= 3.448E-07 alpha_mix =  0.300 |ddv_scf|^2 =  6.869E-13

      iter #   7 total cpu time : 12197.4 secs   av.it.:  10.8
      thresh= 8.288E-08 alpha_mix =  0.300 |ddv_scf|^2 =  2.542E-14

      iter #   8 total cpu time : 12238.9 secs   av.it.:  10.5
      thresh= 1.594E-08 alpha_mix =  0.300 |ddv_scf|^2 =  6.667E-15

     End of self-consistent calculation

     Convergence has been achieved 


     Representation #   7 mode #   7

     Self-consistent Calculation

      iter #   1 total cpu time : 12270.3 secs   av.it.:   4.7
      thresh= 1.000E-02 alpha_mix =  0.300 |ddv_scf|^2 =  2.847E-06

      iter #   2 total cpu time : 12310.7 secs   av.it.:  10.0
      thresh= 1.687E-04 alpha_mix =  0.300 |ddv_scf|^2 =  1.186E-06

      iter #   3 total cpu time : 12349.5 secs   av.it.:   9.5
      thresh= 1.089E-04 alpha_mix =  0.300 |ddv_scf|^2 =  2.115E-09

      iter #   4 total cpu time : 12393.1 secs   av.it.:  11.0
      thresh= 4.599E-06 alpha_mix =  0.300 |ddv_scf|^2 =  1.677E-10

      iter #   5 total cpu time : 12435.4 secs   av.it.:  10.7
      thresh= 1.295E-06 alpha_mix =  0.300 |ddv_scf|^2 =  2.148E-11

      iter #   6 total cpu time : 12478.7 secs   av.it.:  10.9
      thresh= 4.635E-07 alpha_mix =  0.300 |ddv_scf|^2 =  1.336E-12

      iter #   7 total cpu time : 12521.8 secs   av.it.:  10.9
      thresh= 1.156E-07 alpha_mix =  0.300 |ddv_scf|^2 =  2.302E-14

      iter #   8 total cpu time : 12562.0 secs   av.it.:  10.0
      thresh= 1.517E-08 alpha_mix =  0.300 |ddv_scf|^2 =  8.129E-15

     End of self-consistent calculation

     Convergence has been achieved 


     Representation #   8 mode #   8

     Self-consistent Calculation

      iter #   1 total cpu time : 12592.9 secs   av.it.:   4.5
      thresh= 1.000E-02 alpha_mix =  0.300 |ddv_scf|^2 =  3.471E-07

      iter #   2 total cpu time : 12634.0 secs   av.it.:  10.2
      thresh= 5.892E-05 alpha_mix =  0.300 |ddv_scf|^2 =  1.597E-07

      iter #   3 total cpu time : 12672.6 secs   av.it.:   9.4
      thresh= 3.996E-05 alpha_mix =  0.300 |ddv_scf|^2 =  5.337E-09

      iter #   4 total cpu time : 12715.4 secs   av.it.:  10.8
      thresh= 7.305E-06 alpha_mix =  0.300 |ddv_scf|^2 =  2.095E-10

      iter #   5 total cpu time : 12759.0 secs   av.it.:  11.1
      thresh= 1.448E-06 alpha_mix =  0.300 |ddv_scf|^2 =  1.371E-11

      iter #   6 total cpu time : 12800.7 secs   av.it.:  10.5
      thresh= 3.703E-07 alpha_mix =  0.300 |ddv_scf|^2 =  2.835E-12

      iter #   7 total cpu time : 12843.5 secs   av.it.:  10.8
      thresh= 1.684E-07 alpha_mix =  0.300 |ddv_scf|^2 =  1.918E-13

      iter #   8 total cpu time : 12885.0 secs   av.it.:  10.3
      thresh= 4.379E-08 alpha_mix =  0.300 |ddv_scf|^2 =  5.181E-14

      iter #   9 total cpu time : 12927.8 secs   av.it.:  10.8
      thresh= 2.276E-08 alpha_mix =  0.300 |ddv_scf|^2 =  2.967E-15

     End of self-consistent calculation

     Convergence has been achieved 


     Representation #   9 mode #   9

     Self-consistent Calculation

      iter #   1 total cpu time : 12958.4 secs   av.it.:   4.5
      thresh= 1.000E-02 alpha_mix =  0.300 |ddv_scf|^2 =  1.268E-07

      iter #   2 total cpu time : 12998.9 secs   av.it.:  10.0
      thresh= 3.561E-05 alpha_mix =  0.300 |ddv_scf|^2 =  2.854E-08

      iter #   3 total cpu time : 13039.6 secs   av.it.:  10.1
      thresh= 1.689E-05 alpha_mix =  0.300 |ddv_scf|^2 =  8.705E-09

      iter #   4 total cpu time : 13080.8 secs   av.it.:  10.3
      thresh= 9.330E-06 alpha_mix =  0.300 |ddv_scf|^2 =  2.013E-10

      iter #   5 total cpu time : 13124.4 secs   av.it.:  11.1
      thresh= 1.419E-06 alpha_mix =  0.300 |ddv_scf|^2 =  1.081E-11

      iter #   6 total cpu time : 13167.0 secs   av.it.:  10.8
      thresh= 3.288E-07 alpha_mix =  0.300 |ddv_scf|^2 =  1.191E-12

      iter #   7 total cpu time : 13208.4 secs   av.it.:  10.3
      thresh= 1.091E-07 alpha_mix =  0.300 |ddv_scf|^2 =  2.053E-13

      iter #   8 total cpu time : 13250.9 secs   av.it.:  10.7
      thresh= 4.531E-08 alpha_mix =  0.300 |ddv_scf|^2 =  3.324E-14

      iter #   9 total cpu time : 13292.8 secs   av.it.:  10.6
      thresh= 1.823E-08 alpha_mix =  0.300 |ddv_scf|^2 =  3.128E-15

     End of self-consistent calculation

     Convergence has been achieved 


     Representation #  10 mode #  10

     Self-consistent Calculation

      iter #   1 total cpu time : 13323.3 secs   av.it.:   4.4
      thresh= 1.000E-02 alpha_mix =  0.300 |ddv_scf|^2 =  7.913E-08

      iter #   2 total cpu time : 13363.9 secs   av.it.:  10.1
      thresh= 2.813E-05 alpha_mix =  0.300 |ddv_scf|^2 =  1.885E-08

      iter #   3 total cpu time : 13404.5 secs   av.it.:  10.1
      thresh= 1.373E-05 alpha_mix =  0.300 |ddv_scf|^2 =  3.845E-09

      iter #   4 total cpu time : 13446.3 secs   av.it.:  10.6
      thresh= 6.201E-06 alpha_mix =  0.300 |ddv_scf|^2 =  2.977E-10

      iter #   5 total cpu time : 13489.7 secs   av.it.:  11.0
      thresh= 1.726E-06 alpha_mix =  0.300 |ddv_scf|^2 =  1.088E-11

      iter #   6 total cpu time : 13532.8 secs   av.it.:  11.0
      thresh= 3.299E-07 alpha_mix =  0.300 |ddv_scf|^2 =  8.034E-13

      iter #   7 total cpu time : 13574.0 secs   av.it.:  10.4
      thresh= 8.963E-08 alpha_mix =  0.300 |ddv_scf|^2 =  1.803E-13

      iter #   8 total cpu time : 13616.9 secs   av.it.:  10.9
      thresh= 4.247E-08 alpha_mix =  0.300 |ddv_scf|^2 =  7.970E-15

     End of self-consistent calculation

     Convergence has been achieved 


     Representation #  11 mode #  11

     Self-consistent Calculation

      iter #   1 total cpu time : 13647.6 secs   av.it.:   4.5
      thresh= 1.000E-02 alpha_mix =  0.300 |ddv_scf|^2 =  8.675E-07

      iter #   2 total cpu time : 13687.8 secs   av.it.:   9.9
      thresh= 9.314E-05 alpha_mix =  0.300 |ddv_scf|^2 =  1.225E-07

      iter #   3 total cpu time : 13727.0 secs   av.it.:   9.6
      thresh= 3.500E-05 alpha_mix =  0.300 |ddv_scf|^2 =  2.790E-09

      iter #   4 total cpu time : 13769.2 secs   av.it.:  10.7
      thresh= 5.282E-06 alpha_mix =  0.300 |ddv_scf|^2 =  1.757E-10

      iter #   5 total cpu time : 13812.2 secs   av.it.:  10.9
      thresh= 1.326E-06 alpha_mix =  0.300 |ddv_scf|^2 =  8.175E-12

      iter #   6 total cpu time : 13854.3 secs   av.it.:  10.7
      thresh= 2.859E-07 alpha_mix =  0.300 |ddv_scf|^2 =  1.638E-12

      iter #   7 total cpu time : 13897.2 secs   av.it.:  10.9
      thresh= 1.280E-07 alpha_mix =  0.300 |ddv_scf|^2 =  1.067E-13

      iter #   8 total cpu time : 13939.7 secs   av.it.:  10.8
      thresh= 3.266E-08 alpha_mix =  0.300 |ddv_scf|^2 =  1.591E-14

      iter #   9 total cpu time : 13981.9 secs   av.it.:  10.6
      thresh= 1.261E-08 alpha_mix =  0.300 |ddv_scf|^2 =  2.226E-15

     End of self-consistent calculation

     Convergence has been achieved 


     Representation #  12 mode #  12

     Self-consistent Calculation

      iter #   1 total cpu time : 14023.0 secs   av.it.:   7.5
      thresh= 1.000E-02 alpha_mix =  0.300 |ddv_scf|^2 =  1.201E-04

      iter #   2 total cpu time : 14063.3 secs   av.it.:  10.0
      thresh= 1.096E-03 alpha_mix =  0.300 |ddv_scf|^2 =  1.854E-05

      iter #   3 total cpu time : 14102.1 secs   av.it.:   9.5
      thresh= 4.305E-04 alpha_mix =  0.300 |ddv_scf|^2 =  1.049E-07

      iter #   4 total cpu time : 14144.8 secs   av.it.:  10.8
      thresh= 3.239E-05 alpha_mix =  0.300 |ddv_scf|^2 =  7.160E-09

      iter #   5 total cpu time : 14188.2 secs   av.it.:  11.0
      thresh= 8.462E-06 alpha_mix =  0.300 |ddv_scf|^2 =  4.713E-10

      iter #   6 total cpu time : 14231.4 secs   av.it.:  11.0
      thresh= 2.171E-06 alpha_mix =  0.300 |ddv_scf|^2 =  5.269E-11

      iter #   7 total cpu time : 14276.1 secs   av.it.:  11.5
      thresh= 7.259E-07 alpha_mix =  0.300 |ddv_scf|^2 =  1.050E-12

      iter #   8 total cpu time : 14319.6 secs   av.it.:  10.9
      thresh= 1.025E-07 alpha_mix =  0.300 |ddv_scf|^2 =  1.249E-13

      iter #   9 total cpu time : 14361.1 secs   av.it.:  10.5
      thresh= 3.534E-08 alpha_mix =  0.300 |ddv_scf|^2 =  3.475E-14

      iter #  10 total cpu time : 14402.7 secs   av.it.:  10.5
      thresh= 1.864E-08 alpha_mix =  0.300 |ddv_scf|^2 =  8.841E-15

     End of self-consistent calculation

     Convergence has been achieved 


     Representation #  13 mode #  13

     Self-consistent Calculation

      iter #   1 total cpu time : 14433.8 secs   av.it.:   4.5
      thresh= 1.000E-02 alpha_mix =  0.300 |ddv_scf|^2 =  6.340E-07

      iter #   2 total cpu time : 14474.3 secs   av.it.:  10.0
      thresh= 7.962E-05 alpha_mix =  0.300 |ddv_scf|^2 =  9.128E-08

      iter #   3 total cpu time : 14515.1 secs   av.it.:   9.7
      thresh= 3.021E-05 alpha_mix =  0.300 |ddv_scf|^2 =  3.088E-09

      iter #   4 total cpu time : 14557.3 secs   av.it.:  10.6
      thresh= 5.557E-06 alpha_mix =  0.300 |ddv_scf|^2 =  2.493E-10

      iter #   5 total cpu time : 14600.7 secs   av.it.:  11.0
      thresh= 1.579E-06 alpha_mix =  0.300 |ddv_scf|^2 =  8.518E-12

      iter #   6 total cpu time : 14642.1 secs   av.it.:  10.4
      thresh= 2.919E-07 alpha_mix =  0.300 |ddv_scf|^2 =  1.895E-12

      iter #   7 total cpu time : 14684.2 secs   av.it.:  10.7
      thresh= 1.377E-07 alpha_mix =  0.300 |ddv_scf|^2 =  1.017E-13

      iter #   8 total cpu time : 14724.9 secs   av.it.:  10.2
      thresh= 3.189E-08 alpha_mix =  0.300 |ddv_scf|^2 =  2.730E-14

      iter #   9 total cpu time : 14767.8 secs   av.it.:  10.9
      thresh= 1.652E-08 alpha_mix =  0.300 |ddv_scf|^2 =  1.774E-15

     End of self-consistent calculation

     Convergence has been achieved 


     Representation #  14 mode #  14

     Self-consistent Calculation

      iter #   1 total cpu time : 14798.8 secs   av.it.:   4.5
      thresh= 1.000E-02 alpha_mix =  0.300 |ddv_scf|^2 =  5.591E-07

      iter #   2 total cpu time : 14839.3 secs   av.it.:  10.0
      thresh= 7.477E-05 alpha_mix =  0.300 |ddv_scf|^2 =  8.645E-08

      iter #   3 total cpu time : 14878.6 secs   av.it.:   9.7
      thresh= 2.940E-05 alpha_mix =  0.300 |ddv_scf|^2 =  3.445E-09

      iter #   4 total cpu time : 14921.1 secs   av.it.:  10.7
      thresh= 5.870E-06 alpha_mix =  0.300 |ddv_scf|^2 =  2.711E-10

      iter #   5 total cpu time : 14964.2 secs   av.it.:  10.9
      thresh= 1.647E-06 alpha_mix =  0.300 |ddv_scf|^2 =  9.647E-12

      iter #   6 total cpu time : 15006.5 secs   av.it.:  10.7
      thresh= 3.106E-07 alpha_mix =  0.300 |ddv_scf|^2 =  1.809E-12

      iter #   7 total cpu time : 15049.5 secs   av.it.:  10.9
      thresh= 1.345E-07 alpha_mix =  0.300 |ddv_scf|^2 =  1.308E-13

      iter #   8 total cpu time : 15090.6 secs   av.it.:  10.3
      thresh= 3.617E-08 alpha_mix =  0.300 |ddv_scf|^2 =  3.117E-14

      iter #   9 total cpu time : 15133.5 secs   av.it.:  10.9
      thresh= 1.765E-08 alpha_mix =  0.300 |ddv_scf|^2 =  2.463E-15

     End of self-consistent calculation

     Convergence has been achieved 


     Representation #  15 mode #  15

     Self-consistent Calculation

      iter #   1 total cpu time : 15174.0 secs   av.it.:   7.4
      thresh= 1.000E-02 alpha_mix =  0.300 |ddv_scf|^2 =  7.166E-05

      iter #   2 total cpu time : 15214.4 secs   av.it.:  10.0
      thresh= 8.465E-04 alpha_mix =  0.300 |ddv_scf|^2 =  1.049E-05

      iter #   3 total cpu time : 15253.6 secs   av.it.:   9.6
      thresh= 3.239E-04 alpha_mix =  0.300 |ddv_scf|^2 =  1.579E-07

      iter #   4 total cpu time : 15296.1 secs   av.it.:  10.8
      thresh= 3.974E-05 alpha_mix =  0.300 |ddv_scf|^2 =  7.519E-09

      iter #   5 total cpu time : 15339.5 secs   av.it.:  11.1
      thresh= 8.671E-06 alpha_mix =  0.300 |ddv_scf|^2 =  4.666E-10

      iter #   6 total cpu time : 15382.0 secs   av.it.:  10.8
      thresh= 2.160E-06 alpha_mix =  0.300 |ddv_scf|^2 =  7.571E-11

      iter #   7 total cpu time : 15425.8 secs   av.it.:  11.2
      thresh= 8.701E-07 alpha_mix =  0.300 |ddv_scf|^2 =  2.607E-12

      iter #   8 total cpu time : 15469.5 secs   av.it.:  11.2
      thresh= 1.615E-07 alpha_mix =  0.300 |ddv_scf|^2 =  1.472E-13

      iter #   9 total cpu time : 15511.3 secs   av.it.:  10.6
      thresh= 3.837E-08 alpha_mix =  0.300 |ddv_scf|^2 =  5.349E-14

      iter #  10 total cpu time : 15553.6 secs   av.it.:  10.7
      thresh= 2.313E-08 alpha_mix =  0.300 |ddv_scf|^2 =  1.092E-14

      iter #  11 total cpu time : 15597.8 secs   av.it.:  11.3
      thresh= 1.045E-08 alpha_mix =  0.300 |ddv_scf|^2 =  5.130E-16

     End of self-consistent calculation

     Convergence has been achieved 


     Representation #  16 mode #  16

     Self-consistent Calculation

      iter #   1 total cpu time : 15627.9 secs   av.it.:   4.4
      thresh= 1.000E-02 alpha_mix =  0.300 |ddv_scf|^2 =  2.921E-08

      iter #   2 total cpu time : 15669.5 secs   av.it.:  10.4
      thresh= 1.709E-05 alpha_mix =  0.300 |ddv_scf|^2 =  6.331E-09

      iter #   3 total cpu time : 15711.1 secs   av.it.:  10.5
      thresh= 7.957E-06 alpha_mix =  0.300 |ddv_scf|^2 =  1.276E-09

      iter #   4 total cpu time : 15753.0 secs   av.it.:  10.6
      thresh= 3.572E-06 alpha_mix =  0.300 |ddv_scf|^2 =  1.894E-10

      iter #   5 total cpu time : 15796.8 secs   av.it.:  11.2
      thresh= 1.376E-06 alpha_mix =  0.300 |ddv_scf|^2 =  4.489E-12

      iter #   6 total cpu time : 15840.0 secs   av.it.:  11.0
      thresh= 2.119E-07 alpha_mix =  0.300 |ddv_scf|^2 =  5.671E-13

      iter #   7 total cpu time : 15880.6 secs   av.it.:  10.2
      thresh= 7.531E-08 alpha_mix =  0.300 |ddv_scf|^2 =  1.040E-13

      iter #   8 total cpu time : 15922.2 secs   av.it.:  10.5
      thresh= 3.225E-08 alpha_mix =  0.300 |ddv_scf|^2 =  1.201E-14

      iter #   9 total cpu time : 15964.0 secs   av.it.:  10.6
      thresh= 1.096E-08 alpha_mix =  0.300 |ddv_scf|^2 =  1.792E-15

     End of self-consistent calculation

     Convergence has been achieved 


     Representation #  17 mode #  17

     Self-consistent Calculation

      iter #   1 total cpu time : 15995.3 secs   av.it.:   4.6
      thresh= 1.000E-02 alpha_mix =  0.300 |ddv_scf|^2 =  1.185E-06

      iter #   2 total cpu time : 16035.6 secs   av.it.:   9.9
      thresh= 1.089E-04 alpha_mix =  0.300 |ddv_scf|^2 =  1.709E-07

      iter #   3 total cpu time : 16074.6 secs   av.it.:   9.6
      thresh= 4.134E-05 alpha_mix =  0.300 |ddv_scf|^2 =  2.366E-09

      iter #   4 total cpu time : 16117.6 secs   av.it.:  10.9
      thresh= 4.864E-06 alpha_mix =  0.300 |ddv_scf|^2 =  1.727E-10

      iter #   5 total cpu time : 16160.8 secs   av.it.:  11.0
      thresh= 1.314E-06 alpha_mix =  0.300 |ddv_scf|^2 =  8.419E-12

      iter #   6 total cpu time : 16203.4 secs   av.it.:  10.8
      thresh= 2.901E-07 alpha_mix =  0.300 |ddv_scf|^2 =  1.763E-12

      iter #   7 total cpu time : 16246.8 secs   av.it.:  11.0
      thresh= 1.328E-07 alpha_mix =  0.300 |ddv_scf|^2 =  8.204E-14

      iter #   8 total cpu time : 16287.5 secs   av.it.:  10.2
      thresh= 2.864E-08 alpha_mix =  0.300 |ddv_scf|^2 =  2.652E-14

      iter #   9 total cpu time : 16331.1 secs   av.it.:  11.0
      thresh= 1.628E-08 alpha_mix =  0.300 |ddv_scf|^2 =  1.510E-15

     End of self-consistent calculation

     Convergence has been achieved 


     Representation #  18 mode #  18

     Self-consistent Calculation

      iter #   1 total cpu time : 16361.6 secs   av.it.:   4.5
      thresh= 1.000E-02 alpha_mix =  0.300 |ddv_scf|^2 =  1.401E-07

      iter #   2 total cpu time : 16402.7 secs   av.it.:  10.3
      thresh= 3.743E-05 alpha_mix =  0.300 |ddv_scf|^2 =  2.133E-08

      iter #   3 total cpu time : 16443.0 secs   av.it.:  10.0
      thresh= 1.460E-05 alpha_mix =  0.300 |ddv_scf|^2 =  3.417E-09

      iter #   4 total cpu time : 16485.2 secs   av.it.:  10.6
      thresh= 5.846E-06 alpha_mix =  0.300 |ddv_scf|^2 =  1.906E-10

      iter #   5 total cpu time : 16528.7 secs   av.it.:  11.1
      thresh= 1.381E-06 alpha_mix =  0.300 |ddv_scf|^2 =  8.227E-12

      iter #   6 total cpu time : 16571.7 secs   av.it.:  10.9
      thresh= 2.868E-07 alpha_mix =  0.300 |ddv_scf|^2 =  6.886E-13

      iter #   7 total cpu time : 16613.8 secs   av.it.:  10.6
      thresh= 8.298E-08 alpha_mix =  0.300 |ddv_scf|^2 =  1.297E-13

      iter #   8 total cpu time : 16656.0 secs   av.it.:  10.7
      thresh= 3.601E-08 alpha_mix =  0.300 |ddv_scf|^2 =  1.926E-14

      iter #   9 total cpu time : 16698.0 secs   av.it.:  10.6
      thresh= 1.388E-08 alpha_mix =  0.300 |ddv_scf|^2 =  4.348E-15

     End of self-consistent calculation

     Convergence has been achieved 


     Representation #  19 mode #  19

     Self-consistent Calculation

      iter #   1 total cpu time : 16728.1 secs   av.it.:   4.3
      thresh= 1.000E-02 alpha_mix =  0.300 |ddv_scf|^2 =  3.930E-08

      iter #   2 total cpu time : 16769.5 secs   av.it.:  10.4
      thresh= 1.983E-05 alpha_mix =  0.300 |ddv_scf|^2 =  7.121E-09

      iter #   3 total cpu time : 16810.5 secs   av.it.:  10.2
      thresh= 8.439E-06 alpha_mix =  0.300 |ddv_scf|^2 =  1.594E-09

      iter #   4 total cpu time : 16851.8 secs   av.it.:  10.4
      thresh= 3.993E-06 alpha_mix =  0.300 |ddv_scf|^2 =  2.119E-10

      iter #   5 total cpu time : 16895.2 secs   av.it.:  11.0
      thresh= 1.456E-06 alpha_mix =  0.300 |ddv_scf|^2 =  7.117E-12

      iter #   6 total cpu time : 16938.3 secs   av.it.:  10.9
      thresh= 2.668E-07 alpha_mix =  0.300 |ddv_scf|^2 =  4.757E-13

      iter #   7 total cpu time : 16979.3 secs   av.it.:  10.3
      thresh= 6.897E-08 alpha_mix =  0.300 |ddv_scf|^2 =  1.039E-13

      iter #   8 total cpu time : 17022.4 secs   av.it.:  10.9
      thresh= 3.223E-08 alpha_mix =  0.300 |ddv_scf|^2 =  6.783E-15

     End of self-consistent calculation

     Convergence has been achieved 


     Representation #  20 mode #  20

     Self-consistent Calculation

      iter #   1 total cpu time : 17052.7 secs   av.it.:   4.4
      thresh= 1.000E-02 alpha_mix =  0.300 |ddv_scf|^2 =  9.114E-08

      iter #   2 total cpu time : 17093.7 secs   av.it.:  10.2
      thresh= 3.019E-05 alpha_mix =  0.300 |ddv_scf|^2 =  1.262E-08

      iter #   3 total cpu time : 17135.0 secs   av.it.:  10.2
      thresh= 1.124E-05 alpha_mix =  0.300 |ddv_scf|^2 =  2.912E-09

      iter #   4 total cpu time : 17176.3 secs   av.it.:  10.4
      thresh= 5.396E-06 alpha_mix =  0.300 |ddv_scf|^2 =  2.634E-10

      iter #   5 total cpu time : 17219.5 secs   av.it.:  11.0
      thresh= 1.623E-06 alpha_mix =  0.300 |ddv_scf|^2 =  8.900E-12

      iter #   6 total cpu time : 17263.2 secs   av.it.:  11.1
      thresh= 2.983E-07 alpha_mix =  0.300 |ddv_scf|^2 =  5.521E-13

      iter #   7 total cpu time : 17305.2 secs   av.it.:  10.6
      thresh= 7.431E-08 alpha_mix =  0.300 |ddv_scf|^2 =  1.020E-13

      iter #   8 total cpu time : 17347.4 secs   av.it.:  10.7
      thresh= 3.194E-08 alpha_mix =  0.300 |ddv_scf|^2 =  1.159E-14

      iter #   9 total cpu time : 17390.0 secs   av.it.:  10.8
      thresh= 1.077E-08 alpha_mix =  0.300 |ddv_scf|^2 =  1.338E-15

     End of self-consistent calculation

     Convergence has been achieved 


     Representation #  21 mode #  21

     Self-consistent Calculation

      iter #   1 total cpu time : 17429.2 secs   av.it.:   7.0
      thresh= 1.000E-02 alpha_mix =  0.300 |ddv_scf|^2 =  1.066E-05

      iter #   2 total cpu time : 17470.1 secs   av.it.:  10.2
      thresh= 3.264E-04 alpha_mix =  0.300 |ddv_scf|^2 =  1.565E-06

      iter #   3 total cpu time : 17510.5 secs   av.it.:  10.0
      thresh= 1.251E-04 alpha_mix =  0.300 |ddv_scf|^2 =  1.778E-07

      iter #   4 total cpu time : 17552.8 secs   av.it.:  10.7
      thresh= 4.216E-05 alpha_mix =  0.300 |ddv_scf|^2 =  7.638E-09

      iter #   5 total cpu time : 17596.4 secs   av.it.:  11.2
      thresh= 8.740E-06 alpha_mix =  0.300 |ddv_scf|^2 =  3.633E-10

      iter #   6 total cpu time : 17639.6 secs   av.it.:  11.0
      thresh= 1.906E-06 alpha_mix =  0.300 |ddv_scf|^2 =  3.022E-11

      iter #   7 total cpu time : 17682.7 secs   av.it.:  11.0
      thresh= 5.497E-07 alpha_mix =  0.300 |ddv_scf|^2 =  3.435E-12

      iter #   8 total cpu time : 17726.8 secs   av.it.:  11.3
      thresh= 1.853E-07 alpha_mix =  0.300 |ddv_scf|^2 =  1.335E-13

      iter #   9 total cpu time : 17768.0 secs   av.it.:  10.4
      thresh= 3.653E-08 alpha_mix =  0.300 |ddv_scf|^2 =  4.742E-14

      iter #  10 total cpu time : 17811.7 secs   av.it.:  11.1
      thresh= 2.178E-08 alpha_mix =  0.300 |ddv_scf|^2 =  2.494E-15

     End of self-consistent calculation

     Convergence has been achieved 

     Number of q in the star =    3
     List of q in the star:
          1   0.500000000   0.000000000  -0.500000000
          2  -0.500000000  -0.500000000   0.000000000
          3   0.000000000   0.500000000   0.500000000

     Diagonalizing the dynamical matrix

     q = (    0.500000000   0.000000000  -0.500000000 ) 

 **************************************************************************
     freq (    1) =     -48.527972 [THz] =   -1618.718900 [cm-1]
     freq (    2) =     -44.982080 [THz] =   -1500.440697 [cm-1]
     freq (    3) =     -44.796965 [THz] =   -1494.265893 [cm-1]
     freq (    4) =     -40.039276 [THz] =   -1335.566484 [cm-1]
     freq (    5) =     -38.656675 [THz] =   -1289.447870 [cm-1]
     freq (    6) =     -36.454826 [THz] =   -1216.002109 [cm-1]
     freq (    7) =     -33.631657 [THz] =   -1121.831327 [cm-1]
     freq (    8) =     -27.923970 [THz] =    -931.443368 [cm-1]
     freq (    9) =     -21.551257 [THz] =    -718.872551 [cm-1]
     freq (   10) =     -20.356017 [THz] =    -679.003645 [cm-1]
     freq (   11) =     -10.860965 [THz] =    -362.282790 [cm-1]
     freq (   12) =      -4.732958 [THz] =    -157.874484 [cm-1]
     freq (   13) =      10.440231 [THz] =     348.248620 [cm-1]
     freq (   14) =      11.646091 [THz] =     388.471773 [cm-1]
     freq (   15) =      17.938552 [THz] =     598.365698 [cm-1]
     freq (   16) =      70.151574 [THz] =    2340.004619 [cm-1]
     freq (   17) =      80.549388 [THz] =    2686.838387 [cm-1]
     freq (   18) =      81.650122 [THz] =    2723.554895 [cm-1]
     freq (   19) =      84.332955 [THz] =    2813.044579 [cm-1]
     freq (   20) =      85.036121 [THz] =    2836.499668 [cm-1]
     freq (   21) =      86.402730 [THz] =    2882.084836 [cm-1]
 **************************************************************************

     Mode symmetry, C_i (-1)    point group:

     freq (   1-   1) =      -1618.7  [cm-1]   --> A_u                
     freq (   2-   2) =      -1500.4  [cm-1]   --> A_u                
     freq (   3-   3) =      -1494.3  [cm-1]   --> A_g                
     freq (   4-   4) =      -1335.6  [cm-1]   --> A_u                
     freq (   5-   5) =      -1289.4  [cm-1]   --> A_g                
     freq (   6-   6) =      -1216.0  [cm-1]   --> A_g                
     freq (   7-   7) =      -1121.8  [cm-1]   --> A_u                
     freq (   8-   8) =       -931.4  [cm-1]   --> A_g                
     freq (   9-   9) =       -718.9  [cm-1]   --> A_u                
     freq (  10-  10) =       -679.0  [cm-1]   --> A_g                
     freq (  11-  11) =       -362.3  [cm-1]   --> A_u                
     freq (  12-  12) =       -157.9  [cm-1]   --> A_u                
     freq (  13-  13) =        348.2  [cm-1]   --> A_u                
     freq (  14-  14) =        388.5  [cm-1]   --> A_g                
     freq (  15-  15) =        598.4  [cm-1]   --> A_u                
     freq (  16-  16) =       2340.0  [cm-1]   --> A_g                
     freq (  17-  17) =       2686.8  [cm-1]   --> A_g                
     freq (  18-  18) =       2723.6  [cm-1]   --> A_g                
     freq (  19-  19) =       2813.0  [cm-1]   --> A_u                
     freq (  20-  20) =       2836.5  [cm-1]   --> A_u                
     freq (  21-  21) =       2882.1  [cm-1]   --> A_u                

     Gaussian Broadening:   0.005 Ry, ngauss=   0
     DOS =  5.724198 states/spin/Ry/Unit Cell at Ef= 18.648392 eV
     double delta at Ef = 98.131970
     lambda(    1)= -0.0881   gamma= 1133.89 GHz
     lambda(    2)= -0.0840   gamma=  928.91 GHz
     lambda(    3)= -0.2111   gamma= 2315.93 GHz
     lambda(    4)= -0.0405   gamma=  354.55 GHz
     lambda(    5)= -0.1358   gamma= 1108.91 GHz
     lambda(    6)= -0.1351   gamma=  981.36 GHz
     lambda(    7)= -0.0860   gamma=  531.61 GHz
     lambda(    8)= -0.2172   gamma=  925.90 GHz
     lambda(    9)= -0.1458   gamma=  370.24 GHz
     lambda(   10)= -0.3187   gamma=  721.98 GHz
     lambda(   11)= -0.3541   gamma=  228.34 GHz
     lambda(   12)= -0.1757   gamma=   21.52 GHz
     lambda(   13)=  0.3133   gamma=  186.65 GHz
     lambda(   14)=  0.9069   gamma=  672.35 GHz
     lambda(   15)=  0.1308   gamma=  230.10 GHz
     lambda(   16)=  0.2257   gamma= 6071.39 GHz
     lambda(   17)=  0.0286   gamma= 1015.10 GHz
     lambda(   18)=  0.0129   gamma=  468.82 GHz
     lambda(   19)=  0.0077   gamma=  300.48 GHz
     lambda(   20)=  0.0038   gamma=  149.38 GHz
     lambda(   21)=  0.0075   gamma=  307.32 GHz

     Gaussian Broadening:   0.010 Ry, ngauss=   0
     DOS =  7.268330 states/spin/Ry/Unit Cell at Ef= 18.645282 eV
     double delta at Ef =115.052296
     lambda(    1)= -0.0876   gamma= 1432.51 GHz
     lambda(    2)= -0.0577   gamma=  810.93 GHz
     lambda(    3)= -0.1744   gamma= 2428.89 GHz
     lambda(    4)= -0.0560   gamma=  622.91 GHz
     lambda(    5)= -0.1033   gamma= 1071.41 GHz
     lambda(    6)= -0.1322   gamma= 1219.65 GHz
     lambda(    7)= -0.0986   gamma=  773.82 GHz
     lambda(    8)= -0.3100   gamma= 1677.52 GHz
     lambda(    9)= -0.2412   gamma=  777.60 GHz
     lambda(   10)= -0.4853   gamma= 1395.74 GHz
     lambda(   11)= -0.5149   gamma=  421.53 GHz
     lambda(   12)= -0.2858   gamma=   44.43 GHz
     lambda(   13)=  0.3876   gamma=  293.27 GHz
     lambda(   14)=  0.8821   gamma=  830.42 GHz
     lambda(   15)=  0.1238   gamma=  276.42 GHz
     lambda(   16)=  0.1832   gamma= 6258.69 GHz
     lambda(   17)=  0.0245   gamma= 1103.85 GHz
     lambda(   18)=  0.0121   gamma=  560.57 GHz
     lambda(   19)=  0.0070   gamma=  345.48 GHz
     lambda(   20)=  0.0051   gamma=  253.83 GHz
     lambda(   21)=  0.0117   gamma=  604.12 GHz

     Gaussian Broadening:   0.015 Ry, ngauss=   0
     DOS =  7.283373 states/spin/Ry/Unit Cell at Ef= 18.645756 eV
     double delta at Ef =110.530923
     lambda(    1)= -0.0871   gamma= 1425.92 GHz
     lambda(    2)= -0.0559   gamma=  787.17 GHz
     lambda(    3)= -0.1479   gamma= 2063.90 GHz
     lambda(    4)= -0.0586   gamma=  653.52 GHz
     lambda(    5)= -0.0998   gamma= 1036.74 GHz
     lambda(    6)= -0.1425   gamma= 1316.99 GHz
     lambda(    7)= -0.1105   gamma=  869.58 GHz
     lambda(    8)= -0.3095   gamma= 1678.33 GHz
     lambda(    9)= -0.2695   gamma=  870.54 GHz
     lambda(   10)= -0.4797   gamma= 1382.53 GHz
     lambda(   11)= -0.5769   gamma=  473.34 GHz
     lambda(   12)= -0.3338   gamma=   52.01 GHz
     lambda(   13)=  0.3812   gamma=  288.97 GHz
     lambda(   14)=  0.8438   gamma=  795.98 GHz
     lambda(   15)=  0.1181   gamma=  264.32 GHz
     lambda(   16)=  0.1571   gamma= 5378.39 GHz
     lambda(   17)=  0.0235   gamma= 1058.53 GHz
     lambda(   18)=  0.0119   gamma=  549.97 GHz
     lambda(   19)=  0.0070   gamma=  346.02 GHz
     lambda(   20)=  0.0060   gamma=  300.26 GHz
     lambda(   21)=  0.0119   gamma=  616.51 GHz

     Gaussian Broadening:   0.020 Ry, ngauss=   0
     DOS =  7.270485 states/spin/Ry/Unit Cell at Ef= 18.646988 eV
     double delta at Ef =108.792421
     lambda(    1)= -0.0893   gamma= 1459.57 GHz
     lambda(    2)= -0.0585   gamma=  821.75 GHz
     lambda(    3)= -0.1374   gamma= 1914.78 GHz
     lambda(    4)= -0.0618   gamma=  687.53 GHz
     lambda(    5)= -0.0989   gamma= 1025.75 GHz
     lambda(    6)= -0.1468   gamma= 1354.43 GHz
     lambda(    7)= -0.1188   gamma=  932.88 GHz
     lambda(    8)= -0.3030   gamma= 1640.58 GHz
     lambda(    9)= -0.2885   gamma=  930.32 GHz
     lambda(   10)= -0.4632   gamma= 1332.61 GHz
     lambda(   11)= -0.6274   gamma=  513.79 GHz
     lambda(   12)= -0.3546   gamma=   55.15 GHz
     lambda(   13)=  0.3783   gamma=  286.25 GHz
     lambda(   14)=  0.8050   gamma=  758.05 GHz
     lambda(   15)=  0.1181   gamma=  263.78 GHz
     lambda(   16)=  0.1381   gamma= 4718.83 GHz
     lambda(   17)=  0.0226   gamma= 1017.90 GHz
     lambda(   18)=  0.0122   gamma=  563.03 GHz
     lambda(   19)=  0.0077   gamma=  381.50 GHz
     lambda(   20)=  0.0067   gamma=  337.80 GHz
     lambda(   21)=  0.0121   gamma=  629.58 GHz

     Gaussian Broadening:   0.025 Ry, ngauss=   0
     DOS =  7.276657 states/spin/Ry/Unit Cell at Ef= 18.648002 eV
     double delta at Ef =106.919125
     lambda(    1)= -0.0914   gamma= 1495.32 GHz
     lambda(    2)= -0.0605   gamma=  851.19 GHz
     lambda(    3)= -0.1321   gamma= 1841.83 GHz
     lambda(    4)= -0.0644   gamma=  717.35 GHz
     lambda(    5)= -0.0976   gamma= 1013.18 GHz
     lambda(    6)= -0.1472   gamma= 1359.70 GHz
     lambda(    7)= -0.1236   gamma=  971.19 GHz
     lambda(    8)= -0.2950   gamma= 1598.60 GHz
     lambda(    9)= -0.3035   gamma=  979.51 GHz
     lambda(   10)= -0.4479   gamma= 1289.71 GHz
     lambda(   11)= -0.6581   gamma=  539.44 GHz
     lambda(   12)= -0.3687   gamma=   57.39 GHz
     lambda(   13)=  0.3825   gamma=  289.70 GHz
     lambda(   14)=  0.7686   gamma=  724.39 GHz
     lambda(   15)=  0.1192   gamma=  266.63 GHz
     lambda(   16)=  0.1222   gamma= 4179.70 GHz
     lambda(   17)=  0.0214   gamma=  963.74 GHz
     lambda(   18)=  0.0123   gamma=  571.98 GHz
     lambda(   19)=  0.0084   gamma=  414.31 GHz
     lambda(   20)=  0.0072   gamma=  362.47 GHz
     lambda(   21)=  0.0121   gamma=  625.72 GHz

     Gaussian Broadening:   0.030 Ry, ngauss=   0
     DOS =  7.271618 states/spin/Ry/Unit Cell at Ef= 18.648856 eV
     double delta at Ef =104.940606
     lambda(    1)= -0.0929   gamma= 1519.44 GHz
     lambda(    2)= -0.0619   gamma=  869.25 GHz
     lambda(    3)= -0.1289   gamma= 1796.09 GHz
     lambda(    4)= -0.0667   gamma=  742.96 GHz
     lambda(    5)= -0.0962   gamma=  998.20 GHz
     lambda(    6)= -0.1470   gamma= 1356.94 GHz
     lambda(    7)= -0.1267   gamma=  995.33 GHz
     lambda(    8)= -0.2888   gamma= 1563.73 GHz
     lambda(    9)= -0.3150   gamma= 1015.79 GHz
     lambda(   10)= -0.4359   gamma= 1254.10 GHz
     lambda(   11)= -0.6769   gamma=  554.43 GHz
     lambda(   12)= -0.3803   gamma=   59.15 GHz
     lambda(   13)=  0.3890   gamma=  294.39 GHz
     lambda(   14)=  0.7408   gamma=  697.74 GHz
     lambda(   15)=  0.1203   gamma=  268.90 GHz
     lambda(   16)=  0.1090   gamma= 3726.50 GHz
     lambda(   17)=  0.0202   gamma=  908.36 GHz
     lambda(   18)=  0.0124   gamma=  575.64 GHz
     lambda(   19)=  0.0088   gamma=  436.63 GHz
     lambda(   20)=  0.0075   gamma=  377.13 GHz
     lambda(   21)=  0.0118   gamma=  609.92 GHz

     Gaussian Broadening:   0.035 Ry, ngauss=   0
     DOS =  7.255335 states/spin/Ry/Unit Cell at Ef= 18.649606 eV
     double delta at Ef =103.145393
     lambda(    1)= -0.0939   gamma= 1531.62 GHz
     lambda(    2)= -0.0627   gamma=  879.43 GHz
     lambda(    3)= -0.1266   gamma= 1759.84 GHz
     lambda(    4)= -0.0688   gamma=  764.35 GHz
     lambda(    5)= -0.0950   gamma=  983.56 GHz
     lambda(    6)= -0.1466   gamma= 1350.15 GHz
     lambda(    7)= -0.1290   gamma= 1010.59 GHz
     lambda(    8)= -0.2852   gamma= 1540.77 GHz
     lambda(    9)= -0.3227   gamma= 1038.33 GHz
     lambda(   10)= -0.4273   gamma= 1226.71 GHz
     lambda(   11)= -0.6880   gamma=  562.25 GHz
     lambda(   12)= -0.3897   gamma=   60.48 GHz
     lambda(   13)=  0.3940   gamma=  297.56 GHz
     lambda(   14)=  0.7209   gamma=  677.44 GHz
     lambda(   15)=  0.1212   gamma=  270.19 GHz
     lambda(   16)=  0.0983   gamma= 3351.79 GHz
     lambda(   17)=  0.0191   gamma=  860.40 GHz
     lambda(   18)=  0.0125   gamma=  577.56 GHz
     lambda(   19)=  0.0091   gamma=  450.82 GHz
     lambda(   20)=  0.0077   gamma=  385.79 GHz
     lambda(   21)=  0.0114   gamma=  590.33 GHz

     Gaussian Broadening:   0.040 Ry, ngauss=   0
     DOS =  7.228107 states/spin/Ry/Unit Cell at Ef= 18.650264 eV
     double delta at Ef =101.533737
     lambda(    1)= -0.0943   gamma= 1532.90 GHz
     lambda(    2)= -0.0634   gamma=  884.95 GHz
     lambda(    3)= -0.1246   gamma= 1725.50 GHz
     lambda(    4)= -0.0705   gamma=  780.25 GHz
     lambda(    5)= -0.0940   gamma=  969.36 GHz
     lambda(    6)= -0.1460   gamma= 1338.95 GHz
     lambda(    7)= -0.1306   gamma= 1019.67 GHz
     lambda(    8)= -0.2837   gamma= 1526.90 GHz
     lambda(    9)= -0.3270   gamma= 1048.39 GHz
     lambda(   10)= -0.4219   gamma= 1206.55 GHz
     lambda(   11)= -0.6940   gamma=  565.09 GHz
     lambda(   12)= -0.3973   gamma=   61.43 GHz
     lambda(   13)=  0.3966   gamma=  298.42 GHz
     lambda(   14)=  0.7069   gamma=  661.82 GHz
     lambda(   15)=  0.1220   gamma=  270.90 GHz
     lambda(   16)=  0.0896   gamma= 3044.09 GHz
     lambda(   17)=  0.0183   gamma=  821.57 GHz
     lambda(   18)=  0.0126   gamma=  579.18 GHz
     lambda(   19)=  0.0094   gamma=  459.37 GHz
     lambda(   20)=  0.0078   gamma=  391.40 GHz
     lambda(   21)=  0.0111   gamma=  571.11 GHz

     Gaussian Broadening:   0.045 Ry, ngauss=   0
     DOS =  7.193252 states/spin/Ry/Unit Cell at Ef= 18.650735 eV
     double delta at Ef =100.042042
     lambda(    1)= -0.0943   gamma= 1525.28 GHz
     lambda(    2)= -0.0639   gamma=  887.72 GHz
     lambda(    3)= -0.1226   gamma= 1690.48 GHz
     lambda(    4)= -0.0718   gamma=  790.58 GHz
     lambda(    5)= -0.0930   gamma=  954.84 GHz
     lambda(    6)= -0.1450   gamma= 1323.53 GHz
     lambda(    7)= -0.1318   gamma= 1024.21 GHz
     lambda(    8)= -0.2833   gamma= 1517.17 GHz
     lambda(    9)= -0.3290   gamma= 1049.65 GHz
     lambda(   10)= -0.4186   gamma= 1191.47 GHz
     lambda(   11)= -0.6972   gamma=  564.93 GHz
     lambda(   12)= -0.4034   gamma=   62.07 GHz
     lambda(   13)=  0.3972   gamma=  297.38 GHz
     lambda(   14)=  0.6972   gamma=  649.57 GHz
     lambda(   15)=  0.1228   gamma=  271.42 GHz
     lambda(   16)=  0.0826   gamma= 2790.70 GHz
     lambda(   17)=  0.0177   gamma=  790.66 GHz
     lambda(   18)=  0.0127   gamma=  580.92 GHz
     lambda(   19)=  0.0095   gamma=  464.06 GHz
     lambda(   20)=  0.0080   gamma=  395.82 GHz
     lambda(   21)=  0.0108   gamma=  553.80 GHz

     Gaussian Broadening:   0.050 Ry, ngauss=   0
     DOS =  7.155404 states/spin/Ry/Unit Cell at Ef= 18.650876 eV
     double delta at Ef = 98.614876
     lambda(    1)= -0.0939   gamma= 1510.99 GHz
     lambda(    2)= -0.0643   gamma=  888.50 GHz
     lambda(    3)= -0.1207   gamma= 1654.48 GHz
     lambda(    4)= -0.0727   gamma=  796.30 GHz
     lambda(    5)= -0.0920   gamma=  939.55 GHz
     lambda(    6)= -0.1437   gamma= 1304.69 GHz
     lambda(    7)= -0.1327   gamma= 1025.26 GHz
     lambda(    8)= -0.2829   gamma= 1507.38 GHz
     lambda(    9)= -0.3295   gamma= 1045.72 GHz
     lambda(   10)= -0.4164   gamma= 1179.03 GHz
     lambda(   11)= -0.6988   gamma=  563.23 GHz
     lambda(   12)= -0.4083   gamma=   62.50 GHz
     lambda(   13)=  0.3962   gamma=  295.08 GHz
     lambda(   14)=  0.6903   gamma=  639.72 GHz
     lambda(   15)=  0.1237   gamma=  271.93 GHz
     lambda(   16)=  0.0767   gamma= 2580.07 GHz
     lambda(   17)=  0.0173   gamma=  765.67 GHz
     lambda(   18)=  0.0128   gamma=  582.70 GHz
     lambda(   19)=  0.0096   gamma=  466.14 GHz
     lambda(   20)=  0.0081   gamma=  399.93 GHz
     lambda(   21)=  0.0106   gamma=  538.55 GHz

     Calculation of q =    0.0000000   0.0000000  -1.0000000

     Parallelization info
     --------------------
     sticks:   dense  smooth     PW     G-vecs:    dense   smooth      PW
     Min         128      51     18                 3674      922     207
     Max         129      52     19                 3676      924     208
     Sum        2061     817    303                58799    14771    3319

     Using Slab Decomposition


     Title: 
     YH6 electron-phonon 2x2x2 q (RTSC sodalite - Im-3m, Troyan 2021 measured 22


     bravais-lattice index     =            3
     lattice parameter (alat)  =       6.7560  a.u.
     unit-cell volume          =     154.1839 (a.u.)^3
     number of atoms/cell      =            7
     number of atomic types    =            2
     number of electrons       =        17.00
     number of Kohn-Sham states=           13
     kinetic-energy cutoff     =      80.0000  Ry
     charge density cutoff     =     800.0000  Ry
     Exchange-correlation= PBE
                           (   1   4   3   4   0   0   0)

     celldm(1)=   6.756000  celldm(2)=   0.000000  celldm(3)=   0.000000
     celldm(4)=   0.000000  celldm(5)=   0.000000  celldm(6)=   0.000000

     crystal axes: (cart. coord. in units of alat)
               a(1) = (   0.500000   0.500000   0.500000 )  
               a(2) = (  -0.500000   0.500000   0.500000 )  
               a(3) = (  -0.500000  -0.500000   0.500000 )  

     reciprocal axes: (cart. coord. in units 2 pi/alat)
               b(1) = (  1.000000  0.000000  1.000000 )  
               b(2) = ( -1.000000  1.000000  0.000000 )  
               b(3) = (  0.000000 -1.000000  1.000000 )  


     PseudoPot. # 1 for Y  read from file:
     ./pseudo/Y.pbe-spn-rrkjus_psl.1.0.0.UPF
     MD5 check sum: 5fe32e6a006803c2ec2edff47948a3c8
     Pseudo is Ultrasoft + core correction, Zval = 11.0
     Generated using &quot;atomic&quot; code by A. Dal Corso  v.6.2.2
     Using radial grid of 1223 points,  6 beta functions with: 
                l(1) =   0
                l(2) =   0
                l(3) =   1
                l(4) =   1
                l(5) =   2
                l(6) =   2
     Q(r) pseudized with 0 coefficients 


     PseudoPot. # 2 for H  read from file:
     ./pseudo/H.pbe-rrkjus_psl.1.0.0.UPF
     MD5 check sum: 3f4114867bd07edc7f1424d066fc1888
     Pseudo is Ultrasoft, Zval =  1.0
     Generated using &quot;atomic&quot; code by A. Dal Corso  v.6.3MaX
     Using radial grid of  929 points,  2 beta functions with: 
                l(1) =   0
                l(2) =   0
     Q(r) pseudized with 0 coefficients 


     atomic species   valence    mass     pseudopotential
     Y                11.00    88.90590     Y ( 1.00)
     H                 1.00     1.00800     H ( 1.00)

      6 Sym. Ops., with inversion, found



   Cartesian axes

     site n.     atom                  positions (alat units)
         1        Y      tau(   1) = (   0.0000000   0.0000000   0.0000000  )
         2        H      tau(   2) = (  -0.1250000   0.3750000   0.3750000  )
         3        H      tau(   3) = (   0.1250000   0.1250000   0.3750000  )
         4        H      tau(   4) = (  -0.3750000  -0.1250000   0.3750000  )
         5        H      tau(   5) = (   0.1250000   0.6250000   0.6250000  )
         6        H      tau(   6) = (  -0.1250000  -0.1250000   0.6250000  )
         7        H      tau(   7) = (  -0.6250000   0.1250000   0.6250000  )

     number of k points=  1380  Methfessel-Paxton smearing, width (Ry)=  0.0200

     Number of k-points >= 100: set verbosity='high' to print them.

     Dense  grid:    58799 G-vectors     FFT dimensions: (  54,  54,  54)

     Smooth grid:    14771 G-vectors     FFT dimensions: (  36,  36,  36)

     Estimated max dynamical RAM per process >      16.91 MB

     Estimated total dynamical RAM >     270.61 MB

     The potential is recalculated from file :
     ./out/_ph0/yh6.q_4/yh6.save/charge-density

     Starting wfcs are   19 atomic wfcs

     Band Structure Calculation
     Davidson diagonalization with overlap

     ethr =  5.88E-11,  avg # of iterations = 13.7

     total cpu time spent up to now is      323.1 secs

     End of band structure calculation

     Number of k-points >= 100: set verbosity='high' to print the bands.

     the Fermi energy is    18.6470 ev

     Writing config to output data dir ./out/_ph0/yh6.q_4/yh6.save/ :
     XML data file

     YH6 electron-phonon 2x2x2 q (RTSC sodalite - Im-3m, Troyan 2021 measured 22

     bravais-lattice index     =            3
     lattice parameter (alat)  =       6.7560  a.u.
     unit-cell volume          =     154.1839 (a.u.)^3
     number of atoms/cell      =            7
     number of atomic types    =            2
     kinetic-energy cut-off    =      80.0000  Ry
     charge density cut-off    =     800.0000  Ry
     convergence threshold     =      1.0E-14
     beta                      =       0.3000
     number of iterations used =            4
     Exchange-correlation= PBE
                           (   1   4   3   4   0   0   0)


     celldm(1)=    6.75600  celldm(2)=    0.00000  celldm(3)=    0.00000
     celldm(4)=    0.00000  celldm(5)=    0.00000  celldm(6)=    0.00000

     crystal axes: (cart. coord. in units of alat)
               a(1) = (  0.5000  0.5000  0.5000 )  
               a(2) = ( -0.5000  0.5000  0.5000 )  
               a(3) = ( -0.5000 -0.5000  0.5000 )  

     reciprocal axes: (cart. coord. in units 2 pi/alat)
               b(1) = (  1.0000  0.0000  1.0000 )  
               b(2) = ( -1.0000  1.0000  0.0000 )  
               b(3) = (  0.0000 -1.0000  1.0000 )  


     Atoms inside the unit cell: 

     Cartesian axes

     site n.  atom      mass           positions (alat units)
        1  Y      88.9059   tau(    1) = (    0.00000    0.00000    0.00000  )
        2  H       1.0080   tau(    2) = (   -0.12500    0.37500    0.37500  )
        3  H       1.0080   tau(    3) = (    0.12500    0.12500    0.37500  )
        4  H       1.0080   tau(    4) = (   -0.37500   -0.12500    0.37500  )
        5  H       1.0080   tau(    5) = (    0.12500    0.62500    0.62500  )
        6  H       1.0080   tau(    6) = (   -0.12500   -0.12500    0.62500  )
        7  H       1.0080   tau(    7) = (   -0.62500    0.12500    0.62500  )

     Computing dynamical matrix for 
                    q = (   0.0000000   0.0000000  -1.0000000 )

      7 Sym.Ops. (with q -> -q+G )


     G cutoff =  924.9314  (   3675 G-vectors)     FFT grid: ( 54, 54, 54)
     G cutoff =  369.9726  (    923 G-vectors)  smooth grid: ( 36, 36, 36)

     number of k points=  1380  Methfessel-Paxton smearing, width (Ry)=  0.0200

     PseudoPot. # 1 for Y  read from file:
     ./pseudo/Y.pbe-spn-rrkjus_psl.1.0.0.UPF
     MD5 check sum: 5fe32e6a006803c2ec2edff47948a3c8
     Pseudo is Ultrasoft + core correction, Zval = 11.0
     Generated using &quot;atomic&quot; code by A. Dal Corso  v.6.2.2
     Using radial grid of 1223 points,  6 beta functions with: 
                l(1) =   0
                l(2) =   0
                l(3) =   1
                l(4) =   1
                l(5) =   2
                l(6) =   2
     Q(r) pseudized with 0 coefficients 


     PseudoPot. # 2 for H  read from file:
     ./pseudo/H.pbe-rrkjus_psl.1.0.0.UPF
     MD5 check sum: 3f4114867bd07edc7f1424d066fc1888
     Pseudo is Ultrasoft, Zval =  1.0
     Generated using &quot;atomic&quot; code by A. Dal Corso  v.6.3MaX
     Using radial grid of  929 points,  2 beta functions with: 
                l(1) =   0
                l(2) =   0
     Q(r) pseudized with 0 coefficients 


     Mode symmetry, S_6 (-3)    point group:


     Atomic displacements:
     There are   14 irreducible representations

     Representation     1      1 modes -  To be done

     Representation     2      1 modes -  To be done

     Representation     3      1 modes -  To be done

     Representation     4      2 modes -  To be done

     Representation     5      2 modes -  To be done

     Representation     6      2 modes -  To be done

     Representation     7      1 modes -  To be done

     Representation     8      1 modes -  To be done

     Representation     9      1 modes -  To be done

     Representation    10      1 modes -  To be done

     Representation    11      2 modes -  To be done

     Representation    12      2 modes -  To be done

     Representation    13      2 modes -  To be done

     Representation    14      2 modes -  To be done



     Alpha used in Ewald sum =   2.8000
     PHONON       :      4h40m CPU      4h58m WALL



     Representation #   1 mode #   1

     Self-consistent Calculation

      iter #   1 total cpu time : 17893.7 secs   av.it.:   5.0
      thresh= 1.000E-02 alpha_mix =  0.300 |ddv_scf|^2 =  1.265E-06

      iter #   2 total cpu time : 17907.7 secs   av.it.:  10.1
      thresh= 1.125E-04 alpha_mix =  0.300 |ddv_scf|^2 =  1.655E-08

      iter #   3 total cpu time : 17922.0 secs   av.it.:  10.4
      thresh= 1.287E-05 alpha_mix =  0.300 |ddv_scf|^2 =  1.641E-09

      iter #   4 total cpu time : 17937.0 secs   av.it.:  11.2
      thresh= 4.051E-06 alpha_mix =  0.300 |ddv_scf|^2 =  2.089E-11

      iter #   5 total cpu time : 17951.3 secs   av.it.:  10.6
      thresh= 4.571E-07 alpha_mix =  0.300 |ddv_scf|^2 =  3.435E-12

      iter #   6 total cpu time : 17966.0 secs   av.it.:  10.9
      thresh= 1.853E-07 alpha_mix =  0.300 |ddv_scf|^2 =  1.539E-13

      iter #   7 total cpu time : 17980.7 secs   av.it.:  11.1
      thresh= 3.923E-08 alpha_mix =  0.300 |ddv_scf|^2 =  2.993E-15

     End of self-consistent calculation

     Convergence has been achieved 


     Representation #   2 mode #   2

     Self-consistent Calculation

      iter #   1 total cpu time : 17991.2 secs   av.it.:   4.5
      thresh= 1.000E-02 alpha_mix =  0.300 |ddv_scf|^2 =  2.367E-07

      iter #   2 total cpu time : 18005.3 secs   av.it.:  10.2
      thresh= 4.865E-05 alpha_mix =  0.300 |ddv_scf|^2 =  6.664E-09

      iter #   3 total cpu time : 18019.3 secs   av.it.:  10.3
      thresh= 8.163E-06 alpha_mix =  0.300 |ddv_scf|^2 =  2.140E-09

      iter #   4 total cpu time : 18034.1 secs   av.it.:  11.0
      thresh= 4.626E-06 alpha_mix =  0.300 |ddv_scf|^2 =  2.356E-11

      iter #   5 total cpu time : 18048.8 secs   av.it.:  11.0
      thresh= 4.854E-07 alpha_mix =  0.300 |ddv_scf|^2 =  8.942E-13

      iter #   6 total cpu time : 18062.9 secs   av.it.:  10.5
      thresh= 9.456E-08 alpha_mix =  0.300 |ddv_scf|^2 =  1.517E-13

      iter #   7 total cpu time : 18077.9 secs   av.it.:  11.1
      thresh= 3.894E-08 alpha_mix =  0.300 |ddv_scf|^2 =  3.465E-15

     End of self-consistent calculation

     Convergence has been achieved 


     Representation #   3 mode #   3

     Self-consistent Calculation

      iter #   1 total cpu time : 18089.2 secs   av.it.:   4.4
      thresh= 1.000E-02 alpha_mix =  0.300 |ddv_scf|^2 =  1.915E-07

      iter #   2 total cpu time : 18106.4 secs   av.it.:  10.2
      thresh= 4.376E-05 alpha_mix =  0.300 |ddv_scf|^2 =  4.835E-09

      iter #   3 total cpu time : 18120.4 secs   av.it.:  10.3
      thresh= 6.954E-06 alpha_mix =  0.300 |ddv_scf|^2 =  1.287E-09

      iter #   4 total cpu time : 18135.2 secs   av.it.:  11.1
      thresh= 3.588E-06 alpha_mix =  0.300 |ddv_scf|^2 =  2.439E-11

      iter #   5 total cpu time : 18150.0 secs   av.it.:  11.0
      thresh= 4.938E-07 alpha_mix =  0.300 |ddv_scf|^2 =  6.653E-13

      iter #   6 total cpu time : 18164.3 secs   av.it.:  10.5
      thresh= 8.156E-08 alpha_mix =  0.300 |ddv_scf|^2 =  1.420E-13

      iter #   7 total cpu time : 18179.3 secs   av.it.:  11.1
      thresh= 3.769E-08 alpha_mix =  0.300 |ddv_scf|^2 =  3.094E-15

     End of self-consistent calculation

     Convergence has been achieved 


     Representation #   4 modes #   4   5

     Self-consistent Calculation

      iter #   1 total cpu time : 18198.3 secs   av.it.:   4.5
      thresh= 1.000E-02 alpha_mix =  0.300 |ddv_scf|^2 =  1.854E-08

      iter #   2 total cpu time : 18227.9 secs   av.it.:  11.0
      thresh= 1.362E-05 alpha_mix =  0.300 |ddv_scf|^2 =  1.625E-09

      iter #   3 total cpu time : 18258.0 secs   av.it.:  11.3
      thresh= 4.031E-06 alpha_mix =  0.300 |ddv_scf|^2 =  1.819E-10

      iter #   4 total cpu time : 18289.6 secs   av.it.:  12.1
      thresh= 1.349E-06 alpha_mix =  0.300 |ddv_scf|^2 =  3.726E-12

      iter #   5 total cpu time : 18320.0 secs   av.it.:  11.5
      thresh= 1.930E-07 alpha_mix =  0.300 |ddv_scf|^2 =  5.684E-13

      iter #   6 total cpu time : 18351.0 secs   av.it.:  11.8
      thresh= 7.539E-08 alpha_mix =  0.300 |ddv_scf|^2 =  1.203E-14

      iter #   7 total cpu time : 18382.8 secs   av.it.:  12.1
      thresh= 1.097E-08 alpha_mix =  0.300 |ddv_scf|^2 =  1.443E-16

     End of self-consistent calculation

     Convergence has been achieved 


     Representation #   5 modes #   6   7

     Self-consistent Calculation

      iter #   1 total cpu time : 18404.2 secs   av.it.:   4.7
      thresh= 1.000E-02 alpha_mix =  0.300 |ddv_scf|^2 =  7.433E-08

      iter #   2 total cpu time : 18433.4 secs   av.it.:  10.8
      thresh= 2.726E-05 alpha_mix =  0.300 |ddv_scf|^2 =  5.550E-09

      iter #   3 total cpu time : 18463.4 secs   av.it.:  11.2
      thresh= 7.450E-06 alpha_mix =  0.300 |ddv_scf|^2 =  2.786E-10

      iter #   4 total cpu time : 18495.2 secs   av.it.:  12.0
      thresh= 1.669E-06 alpha_mix =  0.300 |ddv_scf|^2 =  3.968E-12

      iter #   5 total cpu time : 18525.0 secs   av.it.:  11.2
      thresh= 1.992E-07 alpha_mix =  0.300 |ddv_scf|^2 =  8.139E-13

      iter #   6 total cpu time : 18556.0 secs   av.it.:  11.7
      thresh= 9.022E-08 alpha_mix =  0.300 |ddv_scf|^2 =  1.927E-14

      iter #   7 total cpu time : 18587.6 secs   av.it.:  12.1
      thresh= 1.388E-08 alpha_mix =  0.300 |ddv_scf|^2 =  1.222E-16

     End of self-consistent calculation

     Convergence has been achieved 


     Representation #   6 modes #   8   9

     Self-consistent Calculation

      iter #   1 total cpu time : 18608.1 secs   av.it.:   4.3
      thresh= 1.000E-02 alpha_mix =  0.300 |ddv_scf|^2 =  1.531E-08

      iter #   2 total cpu time : 18637.8 secs   av.it.:  11.0
      thresh= 1.237E-05 alpha_mix =  0.300 |ddv_scf|^2 =  1.100E-09

      iter #   3 total cpu time : 18668.1 secs   av.it.:  11.3
      thresh= 3.316E-06 alpha_mix =  0.300 |ddv_scf|^2 =  1.054E-10

      iter #   4 total cpu time : 18699.9 secs   av.it.:  12.0
      thresh= 1.026E-06 alpha_mix =  0.300 |ddv_scf|^2 =  2.082E-12

      iter #   5 total cpu time : 18730.5 secs   av.it.:  11.5
      thresh= 1.443E-07 alpha_mix =  0.300 |ddv_scf|^2 =  3.897E-13

      iter #   6 total cpu time : 18761.9 secs   av.it.:  11.9
      thresh= 6.243E-08 alpha_mix =  0.300 |ddv_scf|^2 =  9.627E-15

     End of self-consistent calculation

     Convergence has been achieved 


     Representation #   7 mode #  10

     Self-consistent Calculation

      iter #   1 total cpu time : 18774.5 secs   av.it.:   4.8
      thresh= 1.000E-02 alpha_mix =  0.300 |ddv_scf|^2 =  3.393E-07

      iter #   2 total cpu time : 18788.3 secs   av.it.:  10.0
      thresh= 5.825E-05 alpha_mix =  0.300 |ddv_scf|^2 =  2.009E-08

      iter #   3 total cpu time : 18802.5 secs   av.it.:  10.5
      thresh= 1.417E-05 alpha_mix =  0.300 |ddv_scf|^2 =  3.353E-10

      iter #   4 total cpu time : 18817.5 secs   av.it.:  11.2
      thresh= 1.831E-06 alpha_mix =  0.300 |ddv_scf|^2 =  6.904E-12

      iter #   5 total cpu time : 18831.4 secs   av.it.:  10.3
      thresh= 2.627E-07 alpha_mix =  0.300 |ddv_scf|^2 =  1.567E-12

      iter #   6 total cpu time : 18846.3 secs   av.it.:  11.2
      thresh= 1.252E-07 alpha_mix =  0.300 |ddv_scf|^2 =  4.109E-14

      iter #   7 total cpu time : 18861.2 secs   av.it.:  11.2
      thresh= 2.027E-08 alpha_mix =  0.300 |ddv_scf|^2 =  4.274E-16

     End of self-consistent calculation

     Convergence has been achieved 


     Representation #   8 mode #  11

     Self-consistent Calculation

      iter #   1 total cpu time : 18871.8 secs   av.it.:   4.4
      thresh= 1.000E-02 alpha_mix =  0.300 |ddv_scf|^2 =  4.522E-08

      iter #   2 total cpu time : 18885.7 secs   av.it.:  10.3
      thresh= 2.127E-05 alpha_mix =  0.300 |ddv_scf|^2 =  7.197E-09

      iter #   3 total cpu time : 18900.0 secs   av.it.:  10.5
      thresh= 8.484E-06 alpha_mix =  0.300 |ddv_scf|^2 =  1.070E-09

      iter #   4 total cpu time : 18914.8 secs   av.it.:  11.1
      thresh= 3.270E-06 alpha_mix =  0.300 |ddv_scf|^2 =  1.410E-11

      iter #   5 total cpu time : 18929.8 secs   av.it.:  11.2
      thresh= 3.754E-07 alpha_mix =  0.300 |ddv_scf|^2 =  7.450E-13

      iter #   6 total cpu time : 18944.1 secs   av.it.:  10.7
      thresh= 8.632E-08 alpha_mix =  0.300 |ddv_scf|^2 =  1.357E-13

      iter #   7 total cpu time : 18959.1 secs   av.it.:  11.3
      thresh= 3.684E-08 alpha_mix =  0.300 |ddv_scf|^2 =  4.749E-16

     End of self-consistent calculation

     Convergence has been achieved 


     Representation #   9 mode #  12

     Self-consistent Calculation

      iter #   1 total cpu time : 18969.7 secs   av.it.:   4.6
      thresh= 1.000E-02 alpha_mix =  0.300 |ddv_scf|^2 =  1.381E-07

      iter #   2 total cpu time : 18983.4 secs   av.it.:  10.0
      thresh= 3.716E-05 alpha_mix =  0.300 |ddv_scf|^2 =  1.612E-08

      iter #   3 total cpu time : 18997.5 secs   av.it.:  10.3
      thresh= 1.270E-05 alpha_mix =  0.300 |ddv_scf|^2 =  1.585E-09

      iter #   4 total cpu time : 19012.4 secs   av.it.:  11.1
      thresh= 3.981E-06 alpha_mix =  0.300 |ddv_scf|^2 =  2.119E-11

      iter #   5 total cpu time : 19026.8 secs   av.it.:  10.8
      thresh= 4.603E-07 alpha_mix =  0.300 |ddv_scf|^2 =  1.824E-12

      iter #   6 total cpu time : 19041.7 secs   av.it.:  11.1
      thresh= 1.351E-07 alpha_mix =  0.300 |ddv_scf|^2 =  8.522E-14

      iter #   7 total cpu time : 19056.7 secs   av.it.:  11.4
      thresh= 2.919E-08 alpha_mix =  0.300 |ddv_scf|^2 =  1.848E-15

     End of self-consistent calculation

     Convergence has been achieved 


     Representation #  10 mode #  13

     Self-consistent Calculation

      iter #   1 total cpu time : 19070.2 secs   av.it.:   7.1
      thresh= 1.000E-02 alpha_mix =  0.300 |ddv_scf|^2 =  1.559E-05

      iter #   2 total cpu time : 19083.9 secs   av.it.:  10.1
      thresh= 3.948E-04 alpha_mix =  0.300 |ddv_scf|^2 =  8.963E-07

      iter #   3 total cpu time : 19098.1 secs   av.it.:  10.5
      thresh= 9.467E-05 alpha_mix =  0.300 |ddv_scf|^2 =  1.397E-08

      iter #   4 total cpu time : 19113.2 secs   av.it.:  11.3
      thresh= 1.182E-05 alpha_mix =  0.300 |ddv_scf|^2 =  1.942E-10

      iter #   5 total cpu time : 19127.2 secs   av.it.:  10.4
      thresh= 1.394E-06 alpha_mix =  0.300 |ddv_scf|^2 =  5.333E-11

      iter #   6 total cpu time : 19142.4 secs   av.it.:  11.4
      thresh= 7.303E-07 alpha_mix =  0.300 |ddv_scf|^2 =  7.637E-13

      iter #   7 total cpu time : 19157.6 secs   av.it.:  11.3
      thresh= 8.739E-08 alpha_mix =  0.300 |ddv_scf|^2 =  9.457E-15

     End of self-consistent calculation

     Convergence has been achieved 


     Representation #  11 modes #  14  15

     Self-consistent Calculation

      iter #   1 total cpu time : 19176.9 secs   av.it.:   4.6
      thresh= 1.000E-02 alpha_mix =  0.300 |ddv_scf|^2 =  9.660E-08

      iter #   2 total cpu time : 19206.4 secs   av.it.:  11.0
      thresh= 3.108E-05 alpha_mix =  0.300 |ddv_scf|^2 =  2.201E-09

      iter #   3 total cpu time : 19236.2 secs   av.it.:  11.2
      thresh= 4.692E-06 alpha_mix =  0.300 |ddv_scf|^2 =  2.163E-10

      iter #   4 total cpu time : 19267.9 secs   av.it.:  12.1
      thresh= 1.471E-06 alpha_mix =  0.300 |ddv_scf|^2 =  4.257E-12

      iter #   5 total cpu time : 19299.0 secs   av.it.:  11.8
      thresh= 2.063E-07 alpha_mix =  0.300 |ddv_scf|^2 =  5.128E-13

      iter #   6 total cpu time : 19330.3 secs   av.it.:  11.9
      thresh= 7.161E-08 alpha_mix =  0.300 |ddv_scf|^2 =  4.287E-14

      iter #   7 total cpu time : 19362.5 secs   av.it.:  12.3
      thresh= 2.070E-08 alpha_mix =  0.300 |ddv_scf|^2 =  1.268E-16

     End of self-consistent calculation

     Convergence has been achieved 


     Representation #  12 modes #  16  17

     Self-consistent Calculation

      iter #   1 total cpu time : 19383.1 secs   av.it.:   4.4
      thresh= 1.000E-02 alpha_mix =  0.300 |ddv_scf|^2 =  2.157E-09

      iter #   2 total cpu time : 19413.9 secs   av.it.:  11.5
      thresh= 4.644E-06 alpha_mix =  0.300 |ddv_scf|^2 =  6.412E-10

      iter #   3 total cpu time : 19444.5 secs   av.it.:  11.4
      thresh= 2.532E-06 alpha_mix =  0.300 |ddv_scf|^2 =  1.119E-10

      iter #   4 total cpu time : 19475.8 secs   av.it.:  11.9
      thresh= 1.058E-06 alpha_mix =  0.300 |ddv_scf|^2 =  5.028E-12

      iter #   5 total cpu time : 19507.7 secs   av.it.:  12.2
      thresh= 2.242E-07 alpha_mix =  0.300 |ddv_scf|^2 =  8.647E-14

      iter #   6 total cpu time : 19537.1 secs   av.it.:  11.0
      thresh= 2.941E-08 alpha_mix =  0.300 |ddv_scf|^2 =  2.607E-14

      iter #   7 total cpu time : 19568.8 secs   av.it.:  12.0
      thresh= 1.615E-08 alpha_mix =  0.300 |ddv_scf|^2 =  1.971E-16

     End of self-consistent calculation

     Convergence has been achieved 


     Representation #  13 modes #  18  19

     Self-consistent Calculation

      iter #   1 total cpu time : 19596.0 secs   av.it.:   7.3
      thresh= 1.000E-02 alpha_mix =  0.300 |ddv_scf|^2 =  5.474E-06

      iter #   2 total cpu time : 19625.5 secs   av.it.:  11.0
      thresh= 2.340E-04 alpha_mix =  0.300 |ddv_scf|^2 =  9.678E-08

      iter #   3 total cpu time : 19655.6 secs   av.it.:  11.3
      thresh= 3.111E-05 alpha_mix =  0.300 |ddv_scf|^2 =  6.226E-09

      iter #   4 total cpu time : 19687.2 secs   av.it.:  12.1
      thresh= 7.891E-06 alpha_mix =  0.300 |ddv_scf|^2 =  1.792E-10

      iter #   5 total cpu time : 19718.4 secs   av.it.:  11.9
      thresh= 1.339E-06 alpha_mix =  0.300 |ddv_scf|^2 =  1.064E-11

      iter #   6 total cpu time : 19750.1 secs   av.it.:  12.1
      thresh= 3.262E-07 alpha_mix =  0.300 |ddv_scf|^2 =  6.148E-13

      iter #   7 total cpu time : 19782.1 secs   av.it.:  12.2
      thresh= 7.841E-08 alpha_mix =  0.300 |ddv_scf|^2 =  2.337E-15

     End of self-consistent calculation

     Convergence has been achieved 


     Representation #  14 modes #  20  21

     Self-consistent Calculation

      iter #   1 total cpu time : 19803.0 secs   av.it.:   4.5
      thresh= 1.000E-02 alpha_mix =  0.300 |ddv_scf|^2 =  6.595E-08

      iter #   2 total cpu time : 19832.5 secs   av.it.:  11.0
      thresh= 2.568E-05 alpha_mix =  0.300 |ddv_scf|^2 =  1.723E-09

      iter #   3 total cpu time : 19862.2 secs   av.it.:  11.1
      thresh= 4.151E-06 alpha_mix =  0.300 |ddv_scf|^2 =  1.934E-10

      iter #   4 total cpu time : 19893.9 secs   av.it.:  12.0
      thresh= 1.391E-06 alpha_mix =  0.300 |ddv_scf|^2 =  4.379E-12

      iter #   5 total cpu time : 19925.2 secs   av.it.:  11.9
      thresh= 2.093E-07 alpha_mix =  0.300 |ddv_scf|^2 =  2.286E-13

      iter #   6 total cpu time : 19955.7 secs   av.it.:  11.6
      thresh= 4.781E-08 alpha_mix =  0.300 |ddv_scf|^2 =  3.755E-14

      iter #   7 total cpu time : 19987.7 secs   av.it.:  12.2
      thresh= 1.938E-08 alpha_mix =  0.300 |ddv_scf|^2 =  1.481E-16

     End of self-consistent calculation

     Convergence has been achieved 

     Number of q in the star =    1
     List of q in the star:
          1   0.000000000   0.000000000  -1.000000000

     Diagonalizing the dynamical matrix

     q = (    0.000000000   0.000000000  -1.000000000 ) 

 **************************************************************************
     freq (    1) =     -45.649328 [THz] =   -1522.697686 [cm-1]
     freq (    2) =     -44.712418 [THz] =   -1491.445720 [cm-1]
     freq (    3) =     -44.712418 [THz] =   -1491.445720 [cm-1]
     freq (    4) =     -40.291563 [THz] =   -1343.981864 [cm-1]
     freq (    5) =     -37.675281 [THz] =   -1256.712103 [cm-1]
     freq (    6) =     -37.675281 [THz] =   -1256.712103 [cm-1]
     freq (    7) =     -30.936309 [THz] =   -1031.924207 [cm-1]
     freq (    8) =     -30.302636 [THz] =   -1010.787122 [cm-1]
     freq (    9) =     -30.302636 [THz] =   -1010.787122 [cm-1]
     freq (   10) =     -18.043672 [THz] =    -601.872107 [cm-1]
     freq (   11) =       8.100440 [THz] =     270.201587 [cm-1]
     freq (   12) =      10.785106 [THz] =     359.752396 [cm-1]
     freq (   13) =      10.785106 [THz] =     359.752396 [cm-1]
     freq (   14) =      14.622638 [THz] =     487.758702 [cm-1]
     freq (   15) =      14.622638 [THz] =     487.758702 [cm-1]
     freq (   16) =      61.490520 [THz] =    2051.102962 [cm-1]
     freq (   17) =      74.893866 [THz] =    2498.190481 [cm-1]
     freq (   18) =      74.893866 [THz] =    2498.190481 [cm-1]
     freq (   19) =      82.517671 [THz] =    2752.493238 [cm-1]
     freq (   20) =      84.523116 [THz] =    2819.387670 [cm-1]
     freq (   21) =      84.523116 [THz] =    2819.387670 [cm-1]
 **************************************************************************

     Mode symmetry, S_6 (-3)    point group:

     freq (   1-   1) =      -1522.7  [cm-1]   --> A_u                
     freq (   2-   2) =      -1491.4  [cm-1]   --> E_u                
     freq (   3-   3) =      -1491.4  [cm-1]   --> E_u*               
     freq (   4-   4) =      -1344.0  [cm-1]   --> A_g                
     freq (   5-   5) =      -1256.7  [cm-1]   --> E_g                
     freq (   6-   6) =      -1256.7  [cm-1]   --> E_g*               
     freq (   7-   7) =      -1031.9  [cm-1]   --> A_u                
     freq (   8-   8) =      -1010.8  [cm-1]   --> E_u                
     freq (   9-   9) =      -1010.8  [cm-1]   --> E_u*               
     freq (  10-  10) =       -601.9  [cm-1]   --> A_g                
     freq (  11-  11) =        270.2  [cm-1]   --> A_u                
     freq (  12-  12) =        359.8  [cm-1]   --> E_g                
     freq (  13-  13) =        359.8  [cm-1]   --> E_g*               
     freq (  14-  14) =        487.8  [cm-1]   --> E_u                
     freq (  15-  15) =        487.8  [cm-1]   --> E_u*               
     freq (  16-  16) =       2051.1  [cm-1]   --> A_g                
     freq (  17-  17) =       2498.2  [cm-1]   --> E_g                
     freq (  18-  18) =       2498.2  [cm-1]   --> E_g*               
     freq (  19-  19) =       2752.5  [cm-1]   --> A_u                
     freq (  20-  20) =       2819.4  [cm-1]   --> E_u                
     freq (  21-  21) =       2819.4  [cm-1]   --> E_u*               

     Gaussian Broadening:   0.005 Ry, ngauss=   0
     DOS =  5.724198 states/spin/Ry/Unit Cell at Ef= 18.648392 eV
     double delta at Ef =183.478142
     lambda(    1)= -0.3896   gamma= 4438.16 GHz
     lambda(    2)= -0.2008   gamma= 2194.89 GHz
     lambda(    3)= -0.2008   gamma= 2194.89 GHz
     lambda(    4)= -0.2396   gamma= 2125.99 GHz
     lambda(    5)= -0.3783   gamma= 2935.05 GHz
     lambda(    6)= -0.3783   gamma= 2935.05 GHz
     lambda(    7)= -0.4023   gamma= 2104.61 GHz
     lambda(    8)= -0.3888   gamma= 1951.46 GHz
     lambda(    9)= -0.3888   gamma= 1951.46 GHz
     lambda(   10)= -0.6839   gamma= 1217.06 GHz
     lambda(   11)=  0.0981   gamma=   35.19 GHz
     lambda(   12)=  2.2730   gamma= 1445.25 GHz
     lambda(   13)=  2.2730   gamma= 1445.25 GHz
     lambda(   14)=  0.4978   gamma=  581.78 GHz
     lambda(   15)=  0.4978   gamma=  581.78 GHz
     lambda(   16)=  0.1821   gamma= 3762.97 GHz
     lambda(   17)=  0.1341   gamma= 4112.68 GHz
     lambda(   18)=  0.1341   gamma= 4112.68 GHz
     lambda(   19)=  0.0285   gamma= 1060.37 GHz
     lambda(   20)=  0.0322   gamma= 1256.97 GHz
     lambda(   21)=  0.0322   gamma= 1256.97 GHz

     Gaussian Broadening:   0.010 Ry, ngauss=   0
     DOS =  7.268330 states/spin/Ry/Unit Cell at Ef= 18.645282 eV
     double delta at Ef =165.379746
     lambda(    1)= -0.2153   gamma= 3114.00 GHz
     lambda(    2)= -0.1106   gamma= 1534.33 GHz
     lambda(    3)= -0.1106   gamma= 1534.33 GHz
     lambda(    4)= -0.1927   gamma= 2171.54 GHz
     lambda(    5)= -0.2386   gamma= 2350.32 GHz
     lambda(    6)= -0.2386   gamma= 2350.32 GHz
     lambda(    7)= -0.2127   gamma= 1413.22 GHz
     lambda(    8)= -0.1931   gamma= 1230.54 GHz
     lambda(    9)= -0.1931   gamma= 1230.54 GHz
     lambda(   10)= -0.6274   gamma= 1417.67 GHz
     lambda(   11)=  0.0795   gamma=   36.19 GHz
     lambda(   12)=  1.3960   gamma= 1127.06 GHz
     lambda(   13)=  1.3960   gamma= 1127.06 GHz
     lambda(   14)=  0.1920   gamma=  284.93 GHz
     lambda(   15)=  0.1920   gamma=  284.93 GHz
     lambda(   16)=  0.1657   gamma= 4348.17 GHz
     lambda(   17)=  0.0941   gamma= 3664.46 GHz
     lambda(   18)=  0.0941   gamma= 3664.46 GHz
     lambda(   19)=  0.0129   gamma=  610.40 GHz
     lambda(   20)=  0.0225   gamma= 1114.03 GHz
     lambda(   21)=  0.0225   gamma= 1114.03 GHz

     Gaussian Broadening:   0.015 Ry, ngauss=   0
     DOS =  7.283373 states/spin/Ry/Unit Cell at Ef= 18.645756 eV
     double delta at Ef =148.447874
     lambda(    1)= -0.1626   gamma= 2356.08 GHz
     lambda(    2)= -0.1034   gamma= 1438.37 GHz
     lambda(    3)= -0.1034   gamma= 1438.37 GHz
     lambda(    4)= -0.1589   gamma= 1794.71 GHz
     lambda(    5)= -0.1874   gamma= 1850.57 GHz
     lambda(    6)= -0.1874   gamma= 1850.57 GHz
     lambda(    7)= -0.1879   gamma= 1250.52 GHz
     lambda(    8)= -0.1658   gamma= 1058.62 GHz
     lambda(    9)= -0.1658   gamma= 1058.62 GHz
     lambda(   10)= -0.5946   gamma= 1346.48 GHz
     lambda(   11)=  0.0800   gamma=   36.52 GHz
     lambda(   12)=  1.3932   gamma= 1127.10 GHz
     lambda(   13)=  1.3932   gamma= 1127.10 GHz
     lambda(   14)=  0.1484   gamma=  220.76 GHz
     lambda(   15)=  0.1484   gamma=  220.76 GHz
     lambda(   16)=  0.1548   gamma= 4070.16 GHz
     lambda(   17)=  0.0783   gamma= 3054.10 GHz
     lambda(   18)=  0.0783   gamma= 3054.10 GHz
     lambda(   19)=  0.0123   gamma=  584.80 GHz
     lambda(   20)=  0.0218   gamma= 1083.49 GHz
     lambda(   21)=  0.0218   gamma= 1083.49 GHz

     Gaussian Broadening:   0.020 Ry, ngauss=   0
     DOS =  7.270485 states/spin/Ry/Unit Cell at Ef= 18.646988 eV
     double delta at Ef =135.955323
     lambda(    1)= -0.1500   gamma= 2169.68 GHz
     lambda(    2)= -0.1013   gamma= 1406.69 GHz
     lambda(    3)= -0.1013   gamma= 1406.69 GHz
     lambda(    4)= -0.1351   gamma= 1522.51 GHz
     lambda(    5)= -0.1608   gamma= 1584.56 GHz
     lambda(    6)= -0.1608   gamma= 1584.56 GHz
     lambda(    7)= -0.1660   gamma= 1103.23 GHz
     lambda(    8)= -0.1468   gamma=  935.84 GHz
     lambda(    9)= -0.1468   gamma=  935.84 GHz
     lambda(   10)= -0.5474   gamma= 1237.40 GHz
     lambda(   11)=  0.0812   gamma=   36.98 GHz
     lambda(   12)=  1.3344   gamma= 1077.67 GHz
     lambda(   13)=  1.3344   gamma= 1077.67 GHz
     lambda(   14)=  0.1319   gamma=  195.87 GHz
     lambda(   15)=  0.1319   gamma=  195.87 GHz
     lambda(   16)=  0.1404   gamma= 3684.72 GHz
     lambda(   17)=  0.0686   gamma= 2670.09 GHz
     lambda(   18)=  0.0686   gamma= 2670.09 GHz
     lambda(   19)=  0.0136   gamma=  641.58 GHz
     lambda(   20)=  0.0203   gamma= 1007.57 GHz
     lambda(   21)=  0.0203   gamma= 1007.57 GHz

     Gaussian Broadening:   0.025 Ry, ngauss=   0
     DOS =  7.276657 states/spin/Ry/Unit Cell at Ef= 18.648002 eV
     double delta at Ef =126.670106
     lambda(    1)= -0.1489   gamma= 2155.68 GHz
     lambda(    2)= -0.0986   gamma= 1369.19 GHz
     lambda(    3)= -0.0986   gamma= 1369.19 GHz
     lambda(    4)= -0.1187   gamma= 1339.51 GHz
     lambda(    5)= -0.1447   gamma= 1427.60 GHz
     lambda(    6)= -0.1447   gamma= 1427.60 GHz
     lambda(    7)= -0.1504   gamma= 1000.44 GHz
     lambda(    8)= -0.1346   gamma=  858.95 GHz
     lambda(    9)= -0.1346   gamma=  858.95 GHz
     lambda(   10)= -0.5114   gamma= 1157.05 GHz
     lambda(   11)=  0.0831   gamma=   37.89 GHz
     lambda(   12)=  1.2522   gamma= 1012.11 GHz
     lambda(   13)=  1.2522   gamma= 1012.11 GHz
     lambda(   14)=  0.1219   gamma=  181.12 GHz
     lambda(   15)=  0.1219   gamma=  181.12 GHz
     lambda(   16)=  0.1298   gamma= 3409.58 GHz
     lambda(   17)=  0.0615   gamma= 2398.43 GHz
     lambda(   18)=  0.0615   gamma= 2398.43 GHz
     lambda(   19)=  0.0144   gamma=  679.82 GHz
     lambda(   20)=  0.0190   gamma=  944.63 GHz
     lambda(   21)=  0.0190   gamma=  944.63 GHz

     Gaussian Broadening:   0.030 Ry, ngauss=   0
     DOS =  7.271618 states/spin/Ry/Unit Cell at Ef= 18.648856 eV
     double delta at Ef =119.537876
     lambda(    1)= -0.1487   gamma= 2151.22 GHz
     lambda(    2)= -0.0951   gamma= 1320.33 GHz
     lambda(    3)= -0.0951   gamma= 1320.33 GHz
     lambda(    4)= -0.1074   gamma= 1210.80 GHz
     lambda(    5)= -0.1346   gamma= 1326.95 GHz
     lambda(    6)= -0.1346   gamma= 1326.95 GHz
     lambda(    7)= -0.1413   gamma=  939.09 GHz
     lambda(    8)= -0.1282   gamma=  817.20 GHz
     lambda(    9)= -0.1282   gamma=  817.20 GHz
     lambda(   10)= -0.4851   gamma= 1096.62 GHz
     lambda(   11)=  0.0853   gamma=   38.86 GHz
     lambda(   12)=  1.1741   gamma=  948.35 GHz
     lambda(   13)=  1.1741   gamma=  948.35 GHz
     lambda(   14)=  0.1153   gamma=  171.24 GHz
     lambda(   15)=  0.1153   gamma=  171.24 GHz
     lambda(   16)=  0.1225   gamma= 3215.42 GHz
     lambda(   17)=  0.0563   gamma= 2194.48 GHz
     lambda(   18)=  0.0563   gamma= 2194.48 GHz
     lambda(   19)=  0.0147   gamma=  695.53 GHz
     lambda(   20)=  0.0181   gamma=  898.17 GHz
     lambda(   21)=  0.0181   gamma=  898.17 GHz

     Gaussian Broadening:   0.035 Ry, ngauss=   0
     DOS =  7.255335 states/spin/Ry/Unit Cell at Ef= 18.649606 eV
     double delta at Ef =113.752296
     lambda(    1)= -0.1470   gamma= 2122.40 GHz
     lambda(    2)= -0.0914   gamma= 1265.77 GHz
     lambda(    3)= -0.0914   gamma= 1265.77 GHz
     lambda(    4)= -0.0989   gamma= 1112.02 GHz
     lambda(    5)= -0.1278   gamma= 1257.29 GHz
     lambda(    6)= -0.1278   gamma= 1257.29 GHz
     lambda(    7)= -0.1365   gamma=  905.31 GHz
     lambda(    8)= -0.1250   gamma=  795.20 GHz
     lambda(    9)= -0.1250   gamma=  795.20 GHz
     lambda(   10)= -0.4637   gamma= 1045.92 GHz
     lambda(   11)=  0.0874   gamma=   39.71 GHz
     lambda(   12)=  1.1068   gamma=  891.97 GHz
     lambda(   13)=  1.1068   gamma=  891.97 GHz
     lambda(   14)=  0.1110   gamma=  164.42 GHz
     lambda(   15)=  0.1110   gamma=  164.42 GHz
     lambda(   16)=  0.1170   gamma= 3065.56 GHz
     lambda(   17)=  0.0523   gamma= 2033.13 GHz
     lambda(   18)=  0.0523   gamma= 2033.13 GHz
     lambda(   19)=  0.0148   gamma=  699.15 GHz
     lambda(   20)=  0.0174   gamma=  860.11 GHz
     lambda(   21)=  0.0174   gamma=  860.11 GHz

     Gaussian Broadening:   0.040 Ry, ngauss=   0
     DOS =  7.228107 states/spin/Ry/Unit Cell at Ef= 18.650264 eV
     double delta at Ef =108.932904
     lambda(    1)= -0.1443   gamma= 2075.13 GHz
     lambda(    2)= -0.0878   gamma= 1212.07 GHz
     lambda(    3)= -0.0878   gamma= 1212.07 GHz
     lambda(    4)= -0.0921   gamma= 1031.81 GHz
     lambda(    5)= -0.1231   gamma= 1206.03 GHz
     lambda(    6)= -0.1231   gamma= 1206.03 GHz
     lambda(    7)= -0.1345   gamma=  888.27 GHz
     lambda(    8)= -0.1237   gamma=  783.76 GHz
     lambda(    9)= -0.1237   gamma=  783.76 GHz
     lambda(   10)= -0.4456   gamma= 1001.37 GHz
     lambda(   11)=  0.0893   gamma=   40.46 GHz
     lambda(   12)=  1.0519   gamma=  844.56 GHz
     lambda(   13)=  1.0519   gamma=  844.56 GHz
     lambda(   14)=  0.1082   gamma=  159.75 GHz
     lambda(   15)=  0.1082   gamma=  159.75 GHz
     lambda(   16)=  0.1126   gamma= 2938.94 GHz
     lambda(   17)=  0.0491   gamma= 1899.91 GHz
     lambda(   18)=  0.0491   gamma= 1899.91 GHz
     lambda(   19)=  0.0149   gamma=  698.61 GHz
     lambda(   20)=  0.0168   gamma=  826.76 GHz
     lambda(   21)=  0.0168   gamma=  826.76 GHz

     Gaussian Broadening:   0.045 Ry, ngauss=   0
     DOS =  7.193252 states/spin/Ry/Unit Cell at Ef= 18.650735 eV
     double delta at Ef =104.865465
     lambda(    1)= -0.1411   gamma= 2020.35 GHz
     lambda(    2)= -0.0847   gamma= 1162.90 GHz
     lambda(    3)= -0.0847   gamma= 1162.90 GHz
     lambda(    4)= -0.0865   gamma=  964.79 GHz
     lambda(    5)= -0.1196   gamma= 1165.92 GHz
     lambda(    6)= -0.1196   gamma= 1165.92 GHz
     lambda(    7)= -0.1339   gamma=  880.34 GHz
     lambda(    8)= -0.1233   gamma=  777.79 GHz
     lambda(    9)= -0.1233   gamma=  777.79 GHz
     lambda(   10)= -0.4301   gamma=  961.85 GHz
     lambda(   11)=  0.0913   gamma=   41.14 GHz
     lambda(   12)=  1.0083   gamma=  805.60 GHz
     lambda(   13)=  1.0083   gamma=  805.60 GHz
     lambda(   14)=  0.1066   gamma=  156.53 GHz
     lambda(   15)=  0.1066   gamma=  156.53 GHz
     lambda(   16)=  0.1088   gamma= 2825.48 GHz
     lambda(   17)=  0.0464   gamma= 1786.72 GHz
     lambda(   18)=  0.0464   gamma= 1786.72 GHz
     lambda(   19)=  0.0149   gamma=  697.65 GHz
     lambda(   20)=  0.0162   gamma=  797.23 GHz
     lambda(   21)=  0.0162   gamma=  797.23 GHz

     Gaussian Broadening:   0.050 Ry, ngauss=   0
     DOS =  7.155404 states/spin/Ry/Unit Cell at Ef= 18.650876 eV
     double delta at Ef =101.374334
     lambda(    1)= -0.1380   gamma= 1965.33 GHz
     lambda(    2)= -0.0819   gamma= 1119.20 GHz
     lambda(    3)= -0.0819   gamma= 1119.20 GHz
     lambda(    4)= -0.0819   gamma=  907.97 GHz
     lambda(    5)= -0.1167   gamma= 1132.32 GHz
     lambda(    6)= -0.1167   gamma= 1132.32 GHz
     lambda(    7)= -0.1340   gamma=  876.34 GHz
     lambda(    8)= -0.1234   gamma=  774.20 GHz
     lambda(    9)= -0.1234   gamma=  774.20 GHz
     lambda(   10)= -0.4165   gamma=  926.46 GHz
     lambda(   11)=  0.0932   gamma=   41.78 GHz
     lambda(   12)=  0.9732   gamma=  773.51 GHz
     lambda(   13)=  0.9732   gamma=  773.51 GHz
     lambda(   14)=  0.1055   gamma=  154.15 GHz
     lambda(   15)=  0.1055   gamma=  154.15 GHz
     lambda(   16)=  0.1053   gamma= 2720.41 GHz
     lambda(   17)=  0.0441   gamma= 1688.60 GHz
     lambda(   18)=  0.0441   gamma= 1688.60 GHz
     lambda(   19)=  0.0150   gamma=  697.09 GHz
     lambda(   20)=  0.0158   gamma=  771.01 GHz
     lambda(   21)=  0.0158   gamma=  771.01 GHz

     init_run     :      0.34s CPU      0.34s WALL (       3 calls)
     electrons    :    309.46s CPU    322.17s WALL (       3 calls)

     Called by init_run:
     wfcinit      :      0.00s CPU      0.00s WALL (       3 calls)
     potinit      :      0.02s CPU      0.03s WALL (       3 calls)
     hinit0       :      0.08s CPU      0.08s WALL (       3 calls)

     Called by electrons:
     c_bands      :    309.34s CPU    322.05s WALL (       3 calls)
     v_of_rho     :      0.03s CPU      0.03s WALL (       4 calls)
     newd         :      0.07s CPU      0.07s WALL (       4 calls)

     Called by c_bands:
     init_us_2    :     68.56s CPU     72.52s WALL ( 1261746 calls)
     cegterg      :    278.61s CPU    289.62s WALL (    9700 calls)

     Called by *egterg:
     cdiaghg      :     75.73s CPU     78.74s WALL (  141518 calls)
     h_psi        :  12925.61s CPU  13703.05s WALL (16620690 calls)
     s_psi        :    536.72s CPU    576.14s WALL (34061832 calls)
     g_psi        :      1.79s CPU      1.85s WALL (  131930 calls)

     Called by h_psi:
     h_psi:calbec :    591.60s CPU    625.91s WALL (16620690 calls)
     vloc_psi     :  11897.36s CPU  12614.94s WALL (16620690 calls)
                                        0.00s GPU  (16620690 calls)
     add_vuspsi   :    273.66s CPU    292.25s WALL (16620690 calls)

     General routines
     calbec       :   1129.85s CPU   1209.12s WALL (35692998 calls)
     fft          :      4.31s CPU      4.93s WALL (   13223 calls)
     ffts         :     18.06s CPU     18.73s WALL (  204623 calls)
     fftw         :  13055.61s CPU  13853.37s WALL (******** calls)
     interpolate  :      0.71s CPU      0.85s WALL (    1441 calls)
     davcio       :     87.86s CPU     97.83s WALL ( 5289550 calls)

     Parallel routines

     PHONON       :      5h13m CPU      5h33m WALL

     INITIALIZATION: 
     phq_setup    :      0.25s CPU      0.27s WALL (       4 calls)
     phq_init     :    112.15s CPU    116.34s WALL (       4 calls)

     phq_init     :    112.15s CPU    116.34s WALL (       4 calls)
     set_drhoc    :      0.00s CPU      0.00s WALL (      12 calls)
     init_vloc    :      0.01s CPU      0.01s WALL (       4 calls)
     init_us_1    :      0.08s CPU      0.09s WALL (       4 calls)
     init_us_2    :     68.56s CPU     72.52s WALL ( 1261746 calls)
     newd         :      0.07s CPU      0.07s WALL (       4 calls)
     dvanqq       :      0.83s CPU      0.85s WALL (       4 calls)
     drho         :    104.68s CPU    108.59s WALL (       4 calls)
     drhous       :     96.04s CPU     99.72s WALL (       4 calls)
     nldyntot     :      5.63s CPU      5.63s WALL (       4 calls)

     DYNAMICAL MATRIX:
     dynmat0      :      5.07s CPU      5.20s WALL (       4 calls)
     dynmat_us    :      4.97s CPU      5.10s WALL (       4 calls)
     addusdynmat  :      0.00s CPU      0.00s WALL (       4 calls)
     d2ionq       :      0.07s CPU      0.07s WALL (       4 calls)
     dynmatcc     :      0.03s CPU      0.04s WALL (       4 calls)
     phqscf       :  18392.39s CPU  19536.97s WALL (       4 calls)
     dynmatrix    :      0.01s CPU      0.01s WALL (       4 calls)

     phqscf       :  18392.39s CPU  19536.97s WALL (       4 calls)
     solve_linter :  18352.59s CPU  19494.12s WALL (      70 calls)
     dfpt_kernel  :  17793.89s CPU  18906.72s WALL (      70 calls)
     sth_kernel   :  17738.09s CPU  18839.31s WALL (     571 calls)
     h_prec       :     33.71s CPU     35.63s WALL (  904740 calls)
     apply_dpot_b :   1224.57s CPU   1309.78s WALL (  971670 calls)
     ortho        :    134.54s CPU    141.93s WALL (  971670 calls)
     cgsolve      :  15137.78s CPU  16062.96s WALL (  971670 calls)
     incdrhoscf   :   1203.85s CPU   1284.57s WALL (  971670 calls)
                                        0.00s GPU  (  971670 calls)
     addusddens   :     10.57s CPU     10.65s WALL (     641 calls)
     vpsifft      :    200.12s CPU    213.93s WALL (  115164 calls)
     dv_of_drho   :      3.64s CPU      4.07s WALL (     668 calls)
     mix_pot      :      0.42s CPU      1.00s WALL (     571 calls)
     ef_shift     :      0.08s CPU      0.10s WALL (      99 calls)
     ef_shift_wfc :      0.18s CPU      0.63s WALL (      14 calls)
     localdos     :      9.50s CPU      9.85s WALL (      14 calls)
     drhodv       :     39.70s CPU     41.84s WALL (      70 calls)
     psymdvscf    :     20.98s CPU     21.38s WALL (     571 calls)
     newdq        :     10.25s CPU     10.37s WALL (     571 calls)
     adddvscf     :     63.19s CPU     66.74s WALL (  971670 calls)
     com_dvloc    :     16.10s CPU     16.71s WALL (  116718 calls)
                                        0.00s GPU  (  116718 calls)
     addcore      :      0.47s CPU      0.58s WALL (    1932 calls)
                                        0.00s GPU  (    1932 calls)
     drhodvus     :      0.05s CPU      0.14s WALL (      70 calls)

     dvqpsi_us    :    287.62s CPU    299.43s WALL (  115164 calls)
                                        0.00s GPU  (  115164 calls)
     dvqpsi_us_on :     80.40s CPU     82.59s WALL (  115164 calls)

     add_vuspsi   :    273.66s CPU    292.25s WALL (16620690 calls)
     addusdbec    :     58.16s CPU     60.46s WALL ( 1086834 calls)

     drhodvus     :      0.05s CPU      0.14s WALL (      70 calls)

      Electron-phonon coupling
     elphel       :    260.61s CPU    276.74s WALL (      70 calls)

      General routines
     calbec       :   1129.85s CPU   1209.12s WALL (35692998 calls)
     fft          :      4.31s CPU      4.93s WALL (   13223 calls)
     ffts         :     18.06s CPU     18.73s WALL (  204623 calls)
     fftw         :  13055.61s CPU  13853.37s WALL (******** calls)
     davcio       :     87.86s CPU     97.83s WALL ( 5289550 calls)
     write_rec    :      0.48s CPU     10.39s WALL (     641 calls)

      Additional routines
     ch_psi       :  14609.61s CPU  15494.25s WALL (16469472 calls)
     last         :   1422.18s CPU   1513.19s WALL (16469472 calls)
     Hesh         :     36.02s CPU     38.84s WALL (16469472 calls)
     ch_psi_all_k :   1326.26s CPU   1411.36s WALL (16469472 calls)
                                        0.00s GPU  (16469472 calls)
     ch_psi_calbe :    515.13s CPU    543.47s WALL (16469472 calls)
                                        0.00s GPU  (16469472 calls)
     h_psi_bgrp   :  12962.68s CPU  13741.76s WALL (16620690 calls)
     h_psi        :  12925.61s CPU  13703.05s WALL (16620690 calls)
     h_psi:pot    :  12841.66s CPU  13612.54s WALL (16620690 calls)
     h_psi:calbec :    591.60s CPU    625.91s WALL (16620690 calls)
     s_psi_bgrp   :    695.40s CPU    738.04s WALL (34061832 calls)
     s_psi        :    536.72s CPU    576.14s WALL (34061832 calls)


     PHONON       :      5h13m CPU      5h33m WALL


   This run was terminated on:   9:31:48  15Jun2026            

=------------------------------------------------------------------------------=
   JOB DONE.
=------------------------------------------------------------------------------=
