
     Program PHONON v.7.5 starts on 16Jun2026 at 12:29:32 

     This program is part of the open-source Quantum ESPRESSO suite
     for quantum simulation of materials; please cite
         "P. Giannozzi et al., J. Phys.:Condens. Matter 21 395502 (2009);
         "P. Giannozzi et al., J. Phys.:Condens. Matter 29 465901 (2017);
         "P. Giannozzi et al., J. Chem. Phys. 152 154105 (2020);
          URL http://www.quantum-espresso.org", 
     in publications or presentations arising from this work. More details at
     http://www.quantum-espresso.org/quote

     Parallel version (MPI & OpenMP), running on       6 processor cores
     Number of MPI processes:                 6
     Threads/MPI process:                     1

     MPI processes distributed on     1 nodes
     3801 MiB available memory on the printing compute node when the environment starts

     Reading input from ph.in

     Reading xml data from directory:

     ./out/laos3si2.save/

     R & G space division:  proc/nbgrp/npool/nimage =       6
     Subspace diagonalization in iterative solution of the eigenvalue problem:
     a serial algorithm will be used


     IMPORTANT: XC functional enforced from input :
     Exchange-correlation= PBE
                           (   1   4   3   4   0   0   0)
     Any further DFT definition will be discarded
     Please, verify this is what you really want


     Parallelization info
     --------------------
     sticks:   dense  smooth     PW     G-vecs:    dense   smooth      PW
     Min         462     462    128                13279    13279    1998
     Max         464     464    129                13281    13281    2001
     Sum        2779    2779    769                79681    79681   11999

     Using Slab Decomposition

     Reading collected, re-writing distributed wavefunctions in ./out/


     Dynamical matrices for ( 2, 2, 2)  uniform grid of q-points
     (   4 q-points):
       N         xq(1)         xq(2)         xq(3) 
       1   0.000000000   0.000000000   0.000000000
       2   0.000000000   0.000000000  -0.746391199
       3   0.000000000  -0.577350269   0.000000000
       4   0.000000000  -0.577350269  -0.746391199

     Number and degeneracy of irreps per q-point
       N         xq(1)         xq(2)         xq(3)   N irreps
       1   0.000000000   0.000000000   0.000000000      12
        1   2   1   1   1   1   1   2   2   2   2   2
       2   0.000000000   0.000000000  -0.746391199      12
        1   1   1   1   2   2   2   2   1   1   2   2
       3   0.000000000  -0.577350269   0.000000000      18
     No degeneracy
       4   0.000000000  -0.577350269  -0.746391199      18
     No degeneracy

     Saving dvscf to file. Distribute only q points, not irreducible representations.

     Calculation of q =    0.0000000   0.0000000   0.0000000

     Parallelization info
     --------------------
     sticks:   dense  smooth     PW     G-vecs:    dense   smooth      PW
     Min         462     462    128                13279    13279    1992
     Max         464     464    129                13281    13281    1995
     Sum        2779    2779    769                79681    79681   11963

     Using Slab Decomposition


     Title: 
     LaOs3Si2 DFPT electron-phonon (Os-kagome flat-band-at-E_F winner; does flat


     bravais-lattice index     =            4
     lattice parameter (alat)  =      10.5991  a.u.
     unit-cell volume          =     690.7821 (a.u.)^3
     number of atoms/cell      =            6
     number of atomic types    =            3
     number of electrons       =        67.00
     number of Kohn-Sham states=           41
     kinetic-energy cutoff     =      90.0000  Ry
     charge density cutoff     =     360.0000  Ry
     Exchange-correlation= PBE
                           (   1   4   3   4   0   0   0)

     celldm(1)=  10.599100  celldm(2)=   0.000000  celldm(3)=   0.669890
     celldm(4)=   0.000000  celldm(5)=   0.000000  celldm(6)=   0.000000

     crystal axes: (cart. coord. in units of alat)
               a(1) = (   1.000000   0.000000   0.000000 )  
               a(2) = (  -0.500000   0.866025   0.000000 )  
               a(3) = (   0.000000   0.000000   0.669890 )  

     reciprocal axes: (cart. coord. in units 2 pi/alat)
               b(1) = (  1.000000  0.577350 -0.000000 )  
               b(2) = (  0.000000  1.154701  0.000000 )  
               b(3) = (  0.000000 -0.000000  1.492782 )  


     PseudoPot. # 1 for La read from file:
     ./pseudo/La_ONCV_PBE_sr.upf
     MD5 check sum: a50acaeba93a6b852b3e187ea6859932
     Pseudo is Norm-conserving, Zval = 11.0
     Generated using ONCVPSP code by D. R. Hamann
     Using radial grid of  602 points,  8 beta functions with: 
                l(1) =   0
                l(2) =   0
                l(3) =   1
                l(4) =   1
                l(5) =   2
                l(6) =   2
                l(7) =   3
                l(8) =   3

     PseudoPot. # 2 for Os read from file:
     ./pseudo/Os_ONCV_PBE_sr.upf
     MD5 check sum: 95cd203db9fc26cc83e0e7c2505c7528
     Pseudo is Norm-conserving, Zval = 16.0
     Generated using ONCVPSP code by D. R. Hamann
     Using radial grid of  602 points,  8 beta functions with: 
                l(1) =   0
                l(2) =   0
                l(3) =   1
                l(4) =   1
                l(5) =   2
                l(6) =   2
                l(7) =   3
                l(8) =   3

     PseudoPot. # 3 for Si read from file:
     ./pseudo/Si_ONCV_PBE_sr.upf
     MD5 check sum: 7f029a58b69e3aa87b46a36c608bf45e
     Pseudo is Norm-conserving, Zval =  4.0
     Generated using ONCVPSP code by D. R. Hamann
     Using radial grid of  602 points,  4 beta functions with: 
                l(1) =   0
                l(2) =   0
                l(3) =   1
                l(4) =   1

     atomic species   valence    mass     pseudopotential
     La               11.00   138.90500     La( 1.00)
     Os               16.00   190.23000     Os( 1.00)
     Si                4.00    28.08550     Si( 1.00)

     24 Sym. Ops., with inversion, found



   Cartesian axes

     site n.     atom                  positions (alat units)
         1        La     tau(   1) = (   0.0000000   0.0000000   0.0000000  )
         2        Os     tau(   2) = (   0.5000000   0.0000000   0.3349450  )
         3        Os     tau(   3) = (  -0.2500000   0.4330127   0.3349450  )
         4        Os     tau(   4) = (   0.2500000   0.4330127   0.3349450  )
         5        Si     tau(   5) = (  -0.0000005   0.5773506   0.0000000  )
         6        Si     tau(   6) = (   0.5000005   0.2886748   0.0000000  )

     number of k points=   270  Methfessel-Paxton smearing, width (Ry)=  0.0200

     Number of k-points >= 100: set verbosity='high' to print them.

     Dense  grid:    79681 G-vectors     FFT dimensions: (  72,  72,  45)

     Estimated max dynamical RAM per process >      30.77 MB

     Estimated total dynamical RAM >     184.60 MB

     The potential is recalculated from file :
     ./out/_ph0/laos3si2.save/charge-density

     Starting wfcs are    0 atomic +   41 random wfcs

     Band Structure Calculation
     Davidson diagonalization with overlap
     c_bands:  1 eigenvalues not converged
     c_bands:  1 eigenvalues not converged
     c_bands:  1 eigenvalues not converged
     c_bands:  1 eigenvalues not converged
     c_bands:  1 eigenvalues not converged
     c_bands:  1 eigenvalues not converged
     c_bands:  1 eigenvalues not converged
     c_bands:  1 eigenvalues not converged
     c_bands:  1 eigenvalues not converged
     c_bands:  1 eigenvalues not converged
     c_bands:  1 eigenvalues not converged
     c_bands:  1 eigenvalues not converged
     c_bands:  1 eigenvalues not converged
     c_bands:  1 eigenvalues not converged
     c_bands:  1 eigenvalues not converged
     c_bands:  1 eigenvalues not converged
     c_bands:  1 eigenvalues not converged
     c_bands:  1 eigenvalues not converged
     c_bands:  1 eigenvalues not converged
     c_bands:  1 eigenvalues not converged
     c_bands:  1 eigenvalues not converged
     c_bands:  1 eigenvalues not converged
     c_bands:  1 eigenvalues not converged
     c_bands:  1 eigenvalues not converged
     c_bands:  1 eigenvalues not converged
     c_bands:  1 eigenvalues not converged
     c_bands:  1 eigenvalues not converged
     c_bands:  1 eigenvalues not converged
     c_bands:  1 eigenvalues not converged
     c_bands:  1 eigenvalues not converged
     c_bands:  1 eigenvalues not converged
     c_bands:  1 eigenvalues not converged
     c_bands:  1 eigenvalues not converged

     ethr =  1.49E-11,  avg # of iterations = 70.3

     total cpu time spent up to now is      282.9 secs

     End of band structure calculation

     Number of k-points >= 100: set verbosity='high' to print the bands.

     the Fermi energy is    17.0890 ev

     Writing config to output data dir ./out/_ph0/laos3si2.save/ :
     XML data file

     LaOs3Si2 DFPT electron-phonon (Os-kagome flat-band-at-E_F winner; does flat

     bravais-lattice index     =            4
     lattice parameter (alat)  =      10.5991  a.u.
     unit-cell volume          =     690.7821 (a.u.)^3
     number of atoms/cell      =            6
     number of atomic types    =            3
     kinetic-energy cut-off    =      90.0000  Ry
     charge density cut-off    =     360.0000  Ry
     convergence threshold     =      1.0E-14
     beta                      =       0.4000
     number of iterations used =            4
     Exchange-correlation= PBE
                           (   1   4   3   4   0   0   0)


     celldm(1)=   10.59910  celldm(2)=    0.00000  celldm(3)=    0.66989
     celldm(4)=    0.00000  celldm(5)=    0.00000  celldm(6)=    0.00000

     crystal axes: (cart. coord. in units of alat)
               a(1) = (  1.0000  0.0000  0.0000 )  
               a(2) = ( -0.5000  0.8660  0.0000 )  
               a(3) = (  0.0000  0.0000  0.6699 )  

     reciprocal axes: (cart. coord. in units 2 pi/alat)
               b(1) = (  1.0000  0.5774 -0.0000 )  
               b(2) = (  0.0000  1.1547  0.0000 )  
               b(3) = (  0.0000 -0.0000  1.4928 )  


     Atoms inside the unit cell: 

     Cartesian axes

     site n.  atom      mass           positions (alat units)
        1  La    138.9050   tau(    1) = (    0.00000    0.00000    0.00000  )
        2  Os    190.2300   tau(    2) = (    0.50000    0.00000    0.33494  )
        3  Os    190.2300   tau(    3) = (   -0.25000    0.43301    0.33494  )
        4  Os    190.2300   tau(    4) = (    0.25000    0.43301    0.33494  )
        5  Si     28.0855   tau(    5) = (   -0.00000    0.57735    0.00000  )
        6  Si     28.0855   tau(    6) = (    0.50000    0.28867    0.00000  )

     Computing dynamical matrix for 
                    q = (   0.0000000   0.0000000   0.0000000 )

     25 Sym.Ops. (with q -> -q+G )


     G cutoff = 1024.4264  (  13281 G-vectors)     FFT grid: ( 72, 72, 45)

     number of k points=   270  Methfessel-Paxton smearing, width (Ry)=  0.0200

     PseudoPot. # 1 for La read from file:
     ./pseudo/La_ONCV_PBE_sr.upf
     MD5 check sum: a50acaeba93a6b852b3e187ea6859932
     Pseudo is Norm-conserving, Zval = 11.0
     Generated using ONCVPSP code by D. R. Hamann
     Using radial grid of  602 points,  8 beta functions with: 
                l(1) =   0
                l(2) =   0
                l(3) =   1
                l(4) =   1
                l(5) =   2
                l(6) =   2
                l(7) =   3
                l(8) =   3

     PseudoPot. # 2 for Os read from file:
     ./pseudo/Os_ONCV_PBE_sr.upf
     MD5 check sum: 95cd203db9fc26cc83e0e7c2505c7528
     Pseudo is Norm-conserving, Zval = 16.0
     Generated using ONCVPSP code by D. R. Hamann
     Using radial grid of  602 points,  8 beta functions with: 
                l(1) =   0
                l(2) =   0
                l(3) =   1
                l(4) =   1
                l(5) =   2
                l(6) =   2
                l(7) =   3
                l(8) =   3

     PseudoPot. # 3 for Si read from file:
     ./pseudo/Si_ONCV_PBE_sr.upf
     MD5 check sum: 7f029a58b69e3aa87b46a36c608bf45e
     Pseudo is Norm-conserving, Zval =  4.0
     Generated using ONCVPSP code by D. R. Hamann
     Using radial grid of  602 points,  4 beta functions with: 
                l(1) =   0
                l(2) =   0
                l(3) =   1
                l(4) =   1

     Mode symmetry, D_6h(6/mmm) point group:


     Atomic displacements:
     There are   12 irreducible representations

     Representation     1      1 modes -  To be done

     Representation     2      2 modes -  To be done

     Representation     3      1 modes -  To be done

     Representation     4      1 modes -  To be done

     Representation     5      1 modes -  To be done

     Representation     6      1 modes -  To be done

     Representation     7      1 modes -  To be done

     Representation     8      2 modes -  To be done

     Representation     9      2 modes -  To be done

     Representation    10      2 modes -  To be done

     Representation    11      2 modes -  To be done

     Representation    12      2 modes -  To be done



     Alpha used in Ewald sum =   2.8000
     PHONON       :   4m41.42s CPU   4m52.23s WALL



     Representation #   1 mode #   1

     Self-consistent Calculation

     Pert. #  1: Fermi energy shift (Ry) =     0.0000E+00     0.0000E+00

      iter #   1 total cpu time :   337.8 secs   av.it.:   5.3
      thresh= 1.000E-02 alpha_mix =  0.400 |ddv_scf|^2 =  4.712E-08

     Pert. #  1: Fermi energy shift (Ry) =     0.0000E+00     0.0000E+00

      iter #   2 total cpu time :   436.7 secs   av.it.:  16.2
      thresh= 2.171E-05 alpha_mix =  0.400 |ddv_scf|^2 =  1.977E-09

     Pert. #  1: Fermi energy shift (Ry) =     0.0000E+00     0.0000E+00

      iter #   3 total cpu time :   538.4 secs   av.it.:  16.8
      thresh= 4.447E-06 alpha_mix =  0.400 |ddv_scf|^2 =  2.046E-10

     Pert. #  1: Fermi energy shift (Ry) =     0.0000E+00     0.0000E+00

      iter #   4 total cpu time :   639.0 secs   av.it.:  16.6
      thresh= 1.430E-06 alpha_mix =  0.400 |ddv_scf|^2 =  2.420E-12

     Pert. #  1: Fermi energy shift (Ry) =     0.0000E+00     0.0000E+00

      iter #   5 total cpu time :   749.3 secs   av.it.:  18.3
      thresh= 1.556E-07 alpha_mix =  0.400 |ddv_scf|^2 =  5.574E-14

     Pert. #  1: Fermi energy shift (Ry) =     0.0000E+00     0.0000E+00

      iter #   6 total cpu time :   855.4 secs   av.it.:  17.7
      thresh= 2.361E-08 alpha_mix =  0.400 |ddv_scf|^2 =  5.935E-15

     End of self-consistent calculation

     Convergence has been achieved 


     Representation #   2 modes #   2   3

     Self-consistent Calculation

     Pert. #  1: Fermi energy shift (Ry) =    -5.2042E-18    -1.3452E-43
     Pert. #  2: Fermi energy shift (Ry) =     5.2042E-18     1.3452E-43

      iter #   1 total cpu time :   974.3 secs   av.it.:   7.1
      thresh= 1.000E-02 alpha_mix =  0.400 |ddv_scf|^2 =  8.363E-07

     Pert. #  1: Fermi energy shift (Ry) =     2.0817E-17     0.0000E+00
     Pert. #  2: Fermi energy shift (Ry) =    -2.7756E-17     3.5032E-45

      iter #   2 total cpu time :  1214.2 secs   av.it.:  20.0
      thresh= 9.145E-05 alpha_mix =  0.400 |ddv_scf|^2 =  8.241E-06

     Pert. #  1: Fermi energy shift (Ry) =    -5.7824E-19     7.4736E-44
     Pert. #  2: Fermi energy shift (Ry) =     2.0238E-18    -9.3420E-44

      iter #   3 total cpu time :  1424.7 secs   av.it.:  17.3
      thresh= 2.871E-04 alpha_mix =  0.400 |ddv_scf|^2 =  5.255E-08

     Pert. #  1: Fermi energy shift (Ry) =    -5.7824E-19    -8.6413E-45
     Pert. #  2: Fermi energy shift (Ry) =    -1.8070E-19     4.6710E-46

      iter #   4 total cpu time :  1632.1 secs   av.it.:  17.0
      thresh= 2.292E-05 alpha_mix =  0.400 |ddv_scf|^2 =  5.047E-11

     Pert. #  1: Fermi energy shift (Ry) =    -4.3368E-19     3.5032E-46
     Pert. #  2: Fermi energy shift (Ry) =    -7.9508E-19    -2.6274E-46

      iter #   5 total cpu time :  1858.1 secs   av.it.:  18.8
      thresh= 7.105E-07 alpha_mix =  0.400 |ddv_scf|^2 =  9.288E-12

     Pert. #  1: Fermi energy shift (Ry) =    -2.8912E-19    -1.1677E-46
     Pert. #  2: Fermi energy shift (Ry) =    -2.5298E-19     0.0000E+00

      iter #   6 total cpu time :  2069.7 secs   av.it.:  17.3
      thresh= 3.048E-07 alpha_mix =  0.400 |ddv_scf|^2 =  2.068E-13

     Pert. #  1: Fermi energy shift (Ry) =    -2.1684E-19    -1.3429E-45
     Pert. #  2: Fermi energy shift (Ry) =     2.1684E-19    -4.2331E-46

      iter #   7 total cpu time :  2315.9 secs   av.it.:  20.6
      thresh= 4.548E-08 alpha_mix =  0.400 |ddv_scf|^2 =  3.379E-15

     End of self-consistent calculation

     Convergence has been achieved 


     Representation #   3 mode #   4

     Self-consistent Calculation

     Pert. #  1: Fermi energy shift (Ry) =    -5.3853E-28     0.0000E+00

      iter #   1 total cpu time :  2379.9 secs   av.it.:   5.6
      thresh= 1.000E-02 alpha_mix =  0.400 |ddv_scf|^2 =  1.547E-07

     Pert. #  1: Fermi energy shift (Ry) =     0.0000E+00     0.0000E+00

      iter #   2 total cpu time :  2482.6 secs   av.it.:  16.8
      thresh= 3.933E-05 alpha_mix =  0.400 |ddv_scf|^2 =  1.759E-09

     Pert. #  1: Fermi energy shift (Ry) =     2.1541E-27     0.0000E+00

      iter #   3 total cpu time :  2587.3 secs   av.it.:  17.0
      thresh= 4.194E-06 alpha_mix =  0.400 |ddv_scf|^2 =  3.371E-10

     Pert. #  1: Fermi energy shift (Ry) =     0.0000E+00     0.0000E+00

      iter #   4 total cpu time :  2691.0 secs   av.it.:  16.9
      thresh= 1.836E-06 alpha_mix =  0.400 |ddv_scf|^2 =  4.191E-11

     Pert. #  1: Fermi energy shift (Ry) =     5.3853E-28     0.0000E+00

      iter #   5 total cpu time :  2787.7 secs   av.it.:  15.7
      thresh= 6.474E-07 alpha_mix =  0.400 |ddv_scf|^2 =  1.332E-12

     Pert. #  1: Fermi energy shift (Ry) =     0.0000E+00     0.0000E+00

      iter #   6 total cpu time :  2895.6 secs   av.it.:  17.7
      thresh= 1.154E-07 alpha_mix =  0.400 |ddv_scf|^2 =  9.787E-15

     End of self-consistent calculation

     Convergence has been achieved 


     Representation #   4 mode #   5

     Self-consistent Calculation

     Pert. #  1: Fermi energy shift (Ry) =     0.0000E+00     0.0000E+00

      iter #   1 total cpu time :  2964.2 secs   av.it.:   7.7
      thresh= 1.000E-02 alpha_mix =  0.400 |ddv_scf|^2 =  7.887E-07

     Pert. #  1: Fermi energy shift (Ry) =     1.7233E-26     0.0000E+00

      iter #   2 total cpu time :  3067.8 secs   av.it.:  16.9
      thresh= 8.881E-05 alpha_mix =  0.400 |ddv_scf|^2 =  1.567E-08

     Pert. #  1: Fermi energy shift (Ry) =     0.0000E+00     0.0000E+00

      iter #   3 total cpu time :  3175.1 secs   av.it.:  17.5
      thresh= 1.252E-05 alpha_mix =  0.400 |ddv_scf|^2 =  6.332E-10

     Pert. #  1: Fermi energy shift (Ry) =     1.3463E-28     0.0000E+00

      iter #   4 total cpu time :  3276.7 secs   av.it.:  16.6
      thresh= 2.516E-06 alpha_mix =  0.400 |ddv_scf|^2 =  7.130E-11

     Pert. #  1: Fermi energy shift (Ry) =     2.6926E-28     0.0000E+00

      iter #   5 total cpu time :  3378.4 secs   av.it.:  16.9
      thresh= 8.444E-07 alpha_mix =  0.400 |ddv_scf|^2 =  4.591E-13

     Pert. #  1: Fermi energy shift (Ry) =    -1.6829E-29     0.0000E+00

      iter #   6 total cpu time :  3482.6 secs   av.it.:  17.1
      thresh= 6.776E-08 alpha_mix =  0.400 |ddv_scf|^2 =  2.788E-14

     Pert. #  1: Fermi energy shift (Ry) =     0.0000E+00     0.0000E+00

      iter #   7 total cpu time :  3589.6 secs   av.it.:  17.4
      thresh= 1.670E-08 alpha_mix =  0.400 |ddv_scf|^2 =  7.581E-16

     End of self-consistent calculation

     Convergence has been achieved 


     Representation #   5 mode #   6

     Self-consistent Calculation

     Pert. #  1: Fermi energy shift (Ry) =     0.0000E+00     9.7958E-40

      iter #   1 total cpu time :  3673.3 secs   av.it.:  10.1
      thresh= 1.000E-02 alpha_mix =  0.400 |ddv_scf|^2 =  9.608E-06

     Pert. #  1: Fermi energy shift (Ry) =    -1.3786E-25     0.0000E+00

      iter #   2 total cpu time :  3776.9 secs   av.it.:  17.0
      thresh= 3.100E-04 alpha_mix =  0.400 |ddv_scf|^2 =  1.171E-07

     Pert. #  1: Fermi energy shift (Ry) =    -4.3082E-27     0.0000E+00

      iter #   3 total cpu time :  3881.4 secs   av.it.:  17.2
      thresh= 3.422E-05 alpha_mix =  0.400 |ddv_scf|^2 =  7.978E-09

     Pert. #  1: Fermi energy shift (Ry) =     4.3082E-27     0.0000E+00

      iter #   4 total cpu time :  3987.7 secs   av.it.:  17.8
      thresh= 8.932E-06 alpha_mix =  0.400 |ddv_scf|^2 =  2.779E-10

     Pert. #  1: Fermi energy shift (Ry) =    -2.6926E-28     1.1958E-43

      iter #   5 total cpu time :  4097.6 secs   av.it.:  18.0
      thresh= 1.667E-06 alpha_mix =  0.400 |ddv_scf|^2 =  1.458E-11

     Pert. #  1: Fermi energy shift (Ry) =    -6.7316E-29     9.5662E-43

      iter #   6 total cpu time :  4207.8 secs   av.it.:  18.0
      thresh= 3.818E-07 alpha_mix =  0.400 |ddv_scf|^2 =  1.659E-13

     Pert. #  1: Fermi energy shift (Ry) =    -1.3463E-28     0.0000E+00

      iter #   7 total cpu time :  4308.8 secs   av.it.:  16.1
      thresh= 4.073E-08 alpha_mix =  0.400 |ddv_scf|^2 =  4.407E-14

     Pert. #  1: Fermi energy shift (Ry) =     1.3463E-28     0.0000E+00

      iter #   8 total cpu time :  4420.7 secs   av.it.:  18.2
      thresh= 2.099E-08 alpha_mix =  0.400 |ddv_scf|^2 =  2.785E-16

     End of self-consistent calculation

     Convergence has been achieved 


     Representation #   6 mode #   7

     Self-consistent Calculation

     Pert. #  1: Fermi energy shift (Ry) =     1.3786E-25    -3.9183E-39

      iter #   1 total cpu time :  4495.9 secs   av.it.:   9.2
      thresh= 1.000E-02 alpha_mix =  0.400 |ddv_scf|^2 =  2.173E-06

     Pert. #  1: Fermi energy shift (Ry) =     2.1541E-27     1.5306E-41

      iter #   2 total cpu time :  4594.0 secs   av.it.:  16.6
      thresh= 1.474E-04 alpha_mix =  0.400 |ddv_scf|^2 =  1.257E-07

     Pert. #  1: Fermi energy shift (Ry) =     6.7316E-29     9.5662E-43

      iter #   3 total cpu time :  4695.4 secs   av.it.:  17.3
      thresh= 3.546E-05 alpha_mix =  0.400 |ddv_scf|^2 =  9.451E-10

     Pert. #  1: Fermi energy shift (Ry) =    -1.0771E-27     5.9789E-44

      iter #   4 total cpu time :  4802.1 secs   av.it.:  18.3
      thresh= 3.074E-06 alpha_mix =  0.400 |ddv_scf|^2 =  1.469E-11

     Pert. #  1: Fermi energy shift (Ry) =    -1.0771E-27     1.1958E-43

      iter #   5 total cpu time :  4899.9 secs   av.it.:  16.7
      thresh= 3.833E-07 alpha_mix =  0.400 |ddv_scf|^2 =  2.643E-12

     Pert. #  1: Fermi energy shift (Ry) =    -1.0771E-27    -1.4947E-44

      iter #   6 total cpu time :  5004.5 secs   av.it.:  18.0
      thresh= 1.626E-07 alpha_mix =  0.400 |ddv_scf|^2 =  3.099E-14

     Pert. #  1: Fermi energy shift (Ry) =    -1.0771E-27    -3.7368E-45

      iter #   7 total cpu time :  5114.5 secs   av.it.:  19.0
      thresh= 1.760E-08 alpha_mix =  0.400 |ddv_scf|^2 =  1.828E-16

     End of self-consistent calculation

     Convergence has been achieved 


     Representation #   7 mode #   8

     Self-consistent Calculation

     Pert. #  1: Fermi energy shift (Ry) =     0.0000E+00    -9.7958E-40

      iter #   1 total cpu time :  5199.0 secs   av.it.:  10.7
      thresh= 1.000E-02 alpha_mix =  0.400 |ddv_scf|^2 =  5.633E-05

     Pert. #  1: Fermi energy shift (Ry) =     0.0000E+00    -2.4489E-40

      iter #   2 total cpu time :  5299.9 secs   av.it.:  16.7
      thresh= 7.505E-04 alpha_mix =  0.400 |ddv_scf|^2 =  2.052E-05

     Pert. #  1: Fermi energy shift (Ry) =     0.0000E+00    -1.2245E-40

      iter #   3 total cpu time :  5396.4 secs   av.it.:  15.9
      thresh= 4.530E-04 alpha_mix =  0.400 |ddv_scf|^2 =  1.897E-08

     Pert. #  1: Fermi energy shift (Ry) =     0.0000E+00     7.6530E-42

      iter #   4 total cpu time :  5502.5 secs   av.it.:  17.6
      thresh= 1.377E-05 alpha_mix =  0.400 |ddv_scf|^2 =  7.487E-10

     Pert. #  1: Fermi energy shift (Ry) =     0.0000E+00    -9.5662E-43

      iter #   5 total cpu time :  5606.1 secs   av.it.:  17.3
      thresh= 2.736E-06 alpha_mix =  0.400 |ddv_scf|^2 =  3.059E-11

     Pert. #  1: Fermi energy shift (Ry) =     0.0000E+00    -2.3915E-43

      iter #   6 total cpu time :  5708.5 secs   av.it.:  17.0
      thresh= 5.531E-07 alpha_mix =  0.400 |ddv_scf|^2 =  3.032E-12

     Pert. #  1: Fermi energy shift (Ry) =     0.0000E+00     5.9789E-44

      iter #   7 total cpu time :  5819.8 secs   av.it.:  18.0
      thresh= 1.741E-07 alpha_mix =  0.400 |ddv_scf|^2 =  1.981E-14

     Pert. #  1: Fermi energy shift (Ry) =     0.0000E+00    -7.4736E-45

      iter #   8 total cpu time :  5925.5 secs   av.it.:  17.8
      thresh= 1.408E-08 alpha_mix =  0.400 |ddv_scf|^2 =  1.772E-15

     End of self-consistent calculation

     Convergence has been achieved 


     Representation #   8 modes #   9  10

     Self-consistent Calculation

     Pert. #  1: Fermi energy shift (Ry) =    -1.0771E-26     0.0000E+00
     Pert. #  2: Fermi energy shift (Ry) =     1.0771E-27     0.0000E+00

      iter #   1 total cpu time :  6062.5 secs   av.it.:  11.4
      thresh= 1.000E-02 alpha_mix =  0.400 |ddv_scf|^2 =  6.822E-06

     Pert. #  1: Fermi energy shift (Ry) =     1.0771E-27    -1.8367E-40
     Pert. #  2: Fermi energy shift (Ry) =    -5.1160E-27    -6.1224E-41

      iter #   2 total cpu time :  6255.4 secs   av.it.:  19.3
      thresh= 2.612E-04 alpha_mix =  0.400 |ddv_scf|^2 =  1.301E-06

     Pert. #  1: Fermi energy shift (Ry) =     2.1541E-27     0.0000E+00
     Pert. #  2: Fermi energy shift (Ry) =     8.0779E-28     6.1224E-41

      iter #   3 total cpu time :  6442.5 secs   av.it.:  18.6
      thresh= 1.141E-04 alpha_mix =  0.400 |ddv_scf|^2 =  4.678E-09

     Pert. #  1: Fermi energy shift (Ry) =     0.0000E+00     2.2959E-41
     Pert. #  2: Fermi energy shift (Ry) =     0.0000E+00     1.5306E-41

      iter #   4 total cpu time :  6640.4 secs   av.it.:  19.8
      thresh= 6.840E-06 alpha_mix =  0.400 |ddv_scf|^2 =  2.359E-10

     Pert. #  1: Fermi energy shift (Ry) =     0.0000E+00     5.7397E-42
     Pert. #  2: Fermi energy shift (Ry) =    -5.3853E-28     0.0000E+00

      iter #   5 total cpu time :  6874.3 secs   av.it.:  20.3
      thresh= 1.536E-06 alpha_mix =  0.400 |ddv_scf|^2 =  6.842E-12

     Pert. #  1: Fermi energy shift (Ry) =    -1.0771E-27     0.0000E+00
     Pert. #  2: Fermi energy shift (Ry) =     0.0000E+00     0.0000E+00

      iter #   6 total cpu time :  7103.6 secs   av.it.:  19.0
      thresh= 2.616E-07 alpha_mix =  0.400 |ddv_scf|^2 =  6.969E-13

     Pert. #  1: Fermi energy shift (Ry) =     0.0000E+00    -1.1958E-43
     Pert. #  2: Fermi energy shift (Ry) =     2.1541E-27     1.1958E-43

      iter #   7 total cpu time :  7342.2 secs   av.it.:  20.1
      thresh= 8.348E-08 alpha_mix =  0.400 |ddv_scf|^2 =  3.308E-14

     Pert. #  1: Fermi energy shift (Ry) =    -1.0771E-27     0.0000E+00
     Pert. #  2: Fermi energy shift (Ry) =     1.0771E-27     0.0000E+00

      iter #   8 total cpu time :  7581.3 secs   av.it.:  20.2
      thresh= 1.819E-08 alpha_mix =  0.400 |ddv_scf|^2 =  7.728E-16

     End of self-consistent calculation

     Convergence has been achieved 


     Representation #   9 modes #  11  12

     Self-consistent Calculation

     Pert. #  1: Fermi energy shift (Ry) =     2.1541E-27     0.0000E+00
     Pert. #  2: Fermi energy shift (Ry) =    -3.2312E-27     0.0000E+00

      iter #   1 total cpu time :  7693.9 secs   av.it.:   6.1
      thresh= 1.000E-02 alpha_mix =  0.400 |ddv_scf|^2 =  6.471E-08

     Pert. #  1: Fermi energy shift (Ry) =    -5.3853E-28     7.6530E-42
     Pert. #  2: Fermi energy shift (Ry) =     2.1541E-27    -1.1479E-41

      iter #   2 total cpu time :  7918.7 secs   av.it.:  19.0
      thresh= 2.544E-05 alpha_mix =  0.400 |ddv_scf|^2 =  1.071E-08

     Pert. #  1: Fermi energy shift (Ry) =    -8.4145E-29     0.0000E+00
     Pert. #  2: Fermi energy shift (Ry) =     5.4694E-28     0.0000E+00

      iter #   3 total cpu time :  8142.8 secs   av.it.:  18.6
      thresh= 1.035E-05 alpha_mix =  0.400 |ddv_scf|^2 =  1.607E-10

     Pert. #  1: Fermi energy shift (Ry) =    -1.3463E-28     2.3915E-42
     Pert. #  2: Fermi energy shift (Ry) =     3.3658E-29    -9.5662E-43

      iter #   4 total cpu time :  8373.6 secs   av.it.:  19.1
      thresh= 1.268E-06 alpha_mix =  0.400 |ddv_scf|^2 =  1.878E-11

     Pert. #  1: Fermi energy shift (Ry) =    -4.0390E-28    -2.3915E-43
     Pert. #  2: Fermi energy shift (Ry) =     3.3658E-29     2.3915E-43

      iter #   5 total cpu time :  8579.6 secs   av.it.:  17.0
      thresh= 4.334E-07 alpha_mix =  0.400 |ddv_scf|^2 =  7.111E-13

     Pert. #  1: Fermi energy shift (Ry) =    -1.3463E-28     1.1958E-43
     Pert. #  2: Fermi energy shift (Ry) =     1.6829E-28     0.0000E+00

      iter #   6 total cpu time :  8800.4 secs   av.it.:  18.6
      thresh= 8.433E-08 alpha_mix =  0.400 |ddv_scf|^2 =  2.075E-14

     Pert. #  1: Fermi energy shift (Ry) =    -2.0195E-28     7.4736E-45
     Pert. #  2: Fermi energy shift (Ry) =     1.6829E-28    -3.7368E-45

      iter #   7 total cpu time :  9028.1 secs   av.it.:  19.2
      thresh= 1.441E-08 alpha_mix =  0.400 |ddv_scf|^2 =  1.353E-15

     End of self-consistent calculation

     Convergence has been achieved 


     Representation #  10 modes #  13  14

     Self-consistent Calculation

     Pert. #  1: Fermi energy shift (Ry) =    -8.6165E-27     0.0000E+00
     Pert. #  2: Fermi energy shift (Ry) =    -8.6165E-27     3.9183E-39

      iter #   1 total cpu time :  9183.0 secs   av.it.:   9.8
      thresh= 1.000E-02 alpha_mix =  0.400 |ddv_scf|^2 =  1.046E-06

     Pert. #  1: Fermi energy shift (Ry) =     0.0000E+00     1.2245E-40
     Pert. #  2: Fermi energy shift (Ry) =     2.1541E-27     1.2245E-40

      iter #   2 total cpu time :  9412.7 secs   av.it.:  19.2
      thresh= 1.023E-04 alpha_mix =  0.400 |ddv_scf|^2 =  1.483E-07

     Pert. #  1: Fermi energy shift (Ry) =     0.0000E+00     0.0000E+00
     Pert. #  2: Fermi energy shift (Ry) =     2.1541E-27    -2.2959E-41

      iter #   3 total cpu time :  9637.1 secs   av.it.:  19.0
      thresh= 3.851E-05 alpha_mix =  0.400 |ddv_scf|^2 =  7.010E-09

     Pert. #  1: Fermi energy shift (Ry) =     0.0000E+00     0.0000E+00
     Pert. #  2: Fermi energy shift (Ry) =    -1.0771E-27    -3.0612E-41

      iter #   4 total cpu time :  9849.6 secs   av.it.:  18.8
      thresh= 8.373E-06 alpha_mix =  0.400 |ddv_scf|^2 =  1.383E-10

     Pert. #  1: Fermi energy shift (Ry) =    -1.0771E-27     0.0000E+00
     Pert. #  2: Fermi energy shift (Ry) =    -2.1541E-27    -3.8265E-42

      iter #   5 total cpu time : 10055.1 secs   av.it.:  19.8
      thresh= 1.176E-06 alpha_mix =  0.400 |ddv_scf|^2 =  4.625E-12

     Pert. #  1: Fermi energy shift (Ry) =    -1.0771E-27    -4.7831E-43
     Pert. #  2: Fermi energy shift (Ry) =    -1.6156E-27     0.0000E+00

      iter #   6 total cpu time : 10237.1 secs   av.it.:  19.7
      thresh= 2.151E-07 alpha_mix =  0.400 |ddv_scf|^2 =  3.848E-13

     Pert. #  1: Fermi energy shift (Ry) =    -1.0771E-27     0.0000E+00
     Pert. #  2: Fermi energy shift (Ry) =     2.1541E-27    -1.4947E-44

      iter #   7 total cpu time : 10415.4 secs   av.it.:  19.3
      thresh= 6.203E-08 alpha_mix =  0.400 |ddv_scf|^2 =  3.605E-14

     Pert. #  1: Fermi energy shift (Ry) =     0.0000E+00     0.0000E+00
     Pert. #  2: Fermi energy shift (Ry) =    -1.6156E-27     0.0000E+00

      iter #   8 total cpu time : 10596.5 secs   av.it.:  19.7
      thresh= 1.899E-08 alpha_mix =  0.400 |ddv_scf|^2 =  2.600E-15

     End of self-consistent calculation

     Convergence has been achieved 


     Representation #  11 modes #  15  16

     Self-consistent Calculation

     Pert. #  1: Fermi energy shift (Ry) =     0.0000E+00     3.4285E-39
     Pert. #  2: Fermi energy shift (Ry) =     2.1541E-26     1.7143E-39

      iter #   1 total cpu time : 10711.0 secs   av.it.:   9.1
      thresh= 1.000E-02 alpha_mix =  0.400 |ddv_scf|^2 =  1.141E-06

     Pert. #  1: Fermi energy shift (Ry) =     0.0000E+00     1.5306E-41
     Pert. #  2: Fermi energy shift (Ry) =     0.0000E+00     7.6530E-42

      iter #   2 total cpu time : 10898.0 secs   av.it.:  19.0
      thresh= 1.068E-04 alpha_mix =  0.400 |ddv_scf|^2 =  1.955E-07

     Pert. #  1: Fermi energy shift (Ry) =     2.1541E-27     7.6530E-42
     Pert. #  2: Fermi energy shift (Ry) =     1.0771E-27    -1.9132E-42

      iter #   3 total cpu time : 11080.5 secs   av.it.:  18.5
      thresh= 4.421E-05 alpha_mix =  0.400 |ddv_scf|^2 =  6.432E-10

     Pert. #  1: Fermi energy shift (Ry) =     0.0000E+00    -1.6741E-42
     Pert. #  2: Fermi energy shift (Ry) =    -6.7316E-29     1.1958E-43

      iter #   4 total cpu time : 11272.2 secs   av.it.:  19.5
      thresh= 2.536E-06 alpha_mix =  0.400 |ddv_scf|^2 =  2.414E-11

     Pert. #  1: Fermi energy shift (Ry) =     1.3463E-28    -2.9894E-44
     Pert. #  2: Fermi energy shift (Ry) =     0.0000E+00     1.4947E-44

      iter #   5 total cpu time : 11460.9 secs   av.it.:  19.1
      thresh= 4.914E-07 alpha_mix =  0.400 |ddv_scf|^2 =  1.688E-12

     Pert. #  1: Fermi energy shift (Ry) =    -2.6926E-28     5.2315E-44
     Pert. #  2: Fermi energy shift (Ry) =     0.0000E+00    -3.7368E-45

      iter #   6 total cpu time : 11642.7 secs   av.it.:  18.4
      thresh= 1.299E-07 alpha_mix =  0.400 |ddv_scf|^2 =  1.016E-13

     Pert. #  1: Fermi energy shift (Ry) =     0.0000E+00    -1.4947E-44
     Pert. #  2: Fermi energy shift (Ry) =     4.7121E-28     3.7368E-45

      iter #   7 total cpu time : 11834.9 secs   av.it.:  19.6
      thresh= 3.188E-08 alpha_mix =  0.400 |ddv_scf|^2 =  5.983E-15

     End of self-consistent calculation

     Convergence has been achieved 


     Representation #  12 modes #  17  18

     Self-consistent Calculation

     Pert. #  1: Fermi energy shift (Ry) =     1.1124E-24     0.0000E+00
     Pert. #  2: Fermi energy shift (Ry) =    -1.2408E-24     7.7114E-40

      iter #   1 total cpu time : 11988.4 secs   av.it.:   9.7
      thresh= 1.000E-02 alpha_mix =  0.400 |ddv_scf|^2 =  9.437E-07

     Pert. #  1: Fermi energy shift (Ry) =    -1.7060E-26     0.0000E+00
     Pert. #  2: Fermi energy shift (Ry) =     3.8774E-26     6.0245E-42

      iter #   2 total cpu time : 12195.1 secs   av.it.:  18.7
      thresh= 9.714E-05 alpha_mix =  0.400 |ddv_scf|^2 =  2.120E-08

     Pert. #  1: Fermi energy shift (Ry) =    -5.8989E-27     0.0000E+00
     Pert. #  2: Fermi energy shift (Ry) =    -8.6165E-27     3.0123E-42

      iter #   3 total cpu time : 12382.8 secs   av.it.:  19.0
      thresh= 1.456E-05 alpha_mix =  0.400 |ddv_scf|^2 =  4.197E-10

     Pert. #  1: Fermi energy shift (Ry) =    -1.8769E-29     0.0000E+00
     Pert. #  2: Fermi energy shift (Ry) =    -1.2117E-27     3.7653E-43

      iter #   4 total cpu time : 12580.5 secs   av.it.:  20.2
      thresh= 2.049E-06 alpha_mix =  0.400 |ddv_scf|^2 =  5.696E-12

     Pert. #  1: Fermi energy shift (Ry) =     6.2844E-28     0.0000E+00
     Pert. #  2: Fermi energy shift (Ry) =     1.0771E-27    -4.7067E-44

      iter #   5 total cpu time : 12766.7 secs   av.it.:  18.9
      thresh= 2.387E-07 alpha_mix =  0.400 |ddv_scf|^2 =  5.856E-13

     Pert. #  1: Fermi energy shift (Ry) =     8.7576E-29     0.0000E+00
     Pert. #  2: Fermi energy shift (Ry) =     2.1541E-27    -1.1767E-44

      iter #   6 total cpu time : 12959.5 secs   av.it.:  19.6
      thresh= 7.653E-08 alpha_mix =  0.400 |ddv_scf|^2 =  8.476E-15

     End of self-consistent calculation

     Convergence has been achieved 

     Number of q in the star =    1
     List of q in the star:
          1   0.000000000   0.000000000   0.000000000

     Diagonalizing the dynamical matrix

     q = (    0.000000000   0.000000000   0.000000000 ) 

 **************************************************************************
     freq (    1) =      -2.762346 [THz] =     -92.141945 [cm-1]
     freq (    2) =      -1.514353 [THz] =     -50.513392 [cm-1]
     freq (    3) =      -1.514353 [THz] =     -50.513392 [cm-1]
     freq (    4) =      -1.026796 [THz] =     -34.250220 [cm-1]
     freq (    5) =      -1.026796 [THz] =     -34.250220 [cm-1]
     freq (    6) =       1.959674 [THz] =      65.367678 [cm-1]
     freq (    7) =       1.959674 [THz] =      65.367678 [cm-1]
     freq (    8) =       2.406010 [THz] =      80.255848 [cm-1]
     freq (    9) =       3.509431 [THz] =     117.062032 [cm-1]
     freq (   10) =       3.815584 [THz] =     127.274168 [cm-1]
     freq (   11) =       3.815584 [THz] =     127.274168 [cm-1]
     freq (   12) =       6.110897 [THz] =     203.837595 [cm-1]
     freq (   13) =       7.307923 [THz] =     243.766072 [cm-1]
     freq (   14) =       7.307923 [THz] =     243.766072 [cm-1]
     freq (   15) =       8.955253 [THz] =     298.715071 [cm-1]
     freq (   16) =       8.955253 [THz] =     298.715071 [cm-1]
     freq (   17) =      12.267726 [THz] =     409.207299 [cm-1]
     freq (   18) =      12.375328 [THz] =     412.796507 [cm-1]
 **************************************************************************

     Mode symmetry, D_6h(6/mmm) point group:

     freq (   1-   1) =        -92.1  [cm-1]   --> A_2u            I  
     freq (   2-   3) =        -50.5  [cm-1]   --> E_1u            I  
     freq (   4-   5) =        -34.3  [cm-1]   --> E_2u               
     freq (   6-   7) =         65.4  [cm-1]   --> E_1u            I  
     freq (   8-   8) =         80.3  [cm-1]   --> A_2u            I  
     freq (   9-   9) =        117.1  [cm-1]   --> B_1u               
     freq (  10-  11) =        127.3  [cm-1]   --> E_1u            I  
     freq (  12-  12) =        203.8  [cm-1]   --> B_2u               
     freq (  13-  14) =        243.8  [cm-1]   --> E_1u            I  
     freq (  15-  16) =        298.7  [cm-1]   --> E_2g            R  
     freq (  17-  17) =        409.2  [cm-1]   --> A_2u            I  
     freq (  18-  18) =        412.8  [cm-1]   --> B_1g               

     Gaussian Broadening:   0.005 Ry, ngauss=   0
     DOS = 42.691395 states/spin/Ry/Unit Cell at Ef= 17.100262 eV
     double delta at Ef =**********
     lambda(    1)= -0.0002   gamma=    0.06 GHz
     lambda(    2)= -0.5014   gamma=   46.87 GHz
     lambda(    3)= -0.5014   gamma=   46.87 GHz
     lambda(    4)= -0.0383   gamma=    1.65 GHz
     lambda(    5)= -0.0383   gamma=    1.65 GHz
     lambda(    6)=  0.0478   gamma=    7.48 GHz
     lambda(    7)=  0.0478   gamma=    7.48 GHz
     lambda(    8)=  0.0049   gamma=    1.15 GHz
     lambda(    9)=  0.0089   gamma=    4.49 GHz
     lambda(   10)=  0.0020   gamma=    1.17 GHz
     lambda(   11)=  0.0020   gamma=    1.17 GHz
     lambda(   12)=  0.0045   gamma=    6.85 GHz
     lambda(   13)=  0.0033   gamma=    7.14 GHz
     lambda(   14)=  0.0033   gamma=    7.14 GHz
     lambda(   15)=  0.0805   gamma=  263.05 GHz
     lambda(   16)=  0.0805   gamma=  263.05 GHz
     lambda(   17)=  0.0001   gamma=    0.41 GHz
     lambda(   18)=  0.0105   gamma=   65.58 GHz

     Gaussian Broadening:   0.010 Ry, ngauss=   0
     DOS = 40.898652 states/spin/Ry/Unit Cell at Ef= 17.094779 eV
     double delta at Ef =**********
     lambda(    1)= -0.0004   gamma=    0.12 GHz
     lambda(    2)= -0.3416   gamma=   30.60 GHz
     lambda(    3)= -0.3416   gamma=   30.60 GHz
     lambda(    4)= -0.0839   gamma=    3.45 GHz
     lambda(    5)= -0.0839   gamma=    3.45 GHz
     lambda(    6)=  0.0325   gamma=    4.87 GHz
     lambda(    7)=  0.0325   gamma=    4.87 GHz
     lambda(    8)=  0.0111   gamma=    2.51 GHz
     lambda(    9)=  0.0142   gamma=    6.82 GHz
     lambda(   10)=  0.0047   gamma=    2.69 GHz
     lambda(   11)=  0.0047   gamma=    2.69 GHz
     lambda(   12)=  0.0089   gamma=   12.93 GHz
     lambda(   13)=  0.0037   gamma=    7.61 GHz
     lambda(   14)=  0.0037   gamma=    7.61 GHz
     lambda(   15)=  0.0504   gamma=  157.86 GHz
     lambda(   16)=  0.0504   gamma=  157.86 GHz
     lambda(   17)=  0.0005   gamma=    3.19 GHz
     lambda(   18)=  0.0096   gamma=   57.23 GHz

     Gaussian Broadening:   0.015 Ry, ngauss=   0
     DOS = 40.349101 states/spin/Ry/Unit Cell at Ef= 17.092632 eV
     double delta at Ef =**********
     lambda(    1)= -0.0005   gamma=    0.14 GHz
     lambda(    2)= -0.3516   gamma=   31.07 GHz
     lambda(    3)= -0.3516   gamma=   31.07 GHz
     lambda(    4)= -0.1191   gamma=    4.84 GHz
     lambda(    5)= -0.1191   gamma=    4.84 GHz
     lambda(    6)=  0.0327   gamma=    4.83 GHz
     lambda(    7)=  0.0327   gamma=    4.83 GHz
     lambda(    8)=  0.0121   gamma=    2.69 GHz
     lambda(    9)=  0.0258   gamma=   12.27 GHz
     lambda(   10)=  0.0076   gamma=    4.29 GHz
     lambda(   11)=  0.0076   gamma=    4.29 GHz
     lambda(   12)=  0.0108   gamma=   15.50 GHz
     lambda(   13)=  0.0041   gamma=    8.47 GHz
     lambda(   14)=  0.0041   gamma=    8.47 GHz
     lambda(   15)=  0.0430   gamma=  132.94 GHz
     lambda(   16)=  0.0430   gamma=  132.94 GHz
     lambda(   17)=  0.0013   gamma=    7.83 GHz
     lambda(   18)=  0.0091   gamma=   53.74 GHz

     Gaussian Broadening:   0.020 Ry, ngauss=   0
     DOS = 39.347538 states/spin/Ry/Unit Cell at Ef= 17.089005 eV
     double delta at Ef =**********
     lambda(    1)= -0.0005   gamma=    0.13 GHz
     lambda(    2)= -0.3756   gamma=   32.37 GHz
     lambda(    3)= -0.3756   gamma=   32.37 GHz
     lambda(    4)= -0.1543   gamma=    6.11 GHz
     lambda(    5)= -0.1543   gamma=    6.11 GHz
     lambda(    6)=  0.0348   gamma=    5.02 GHz
     lambda(    7)=  0.0348   gamma=    5.02 GHz
     lambda(    8)=  0.0118   gamma=    2.57 GHz
     lambda(    9)=  0.0330   gamma=   15.27 GHz
     lambda(   10)=  0.0096   gamma=    5.27 GHz
     lambda(   11)=  0.0096   gamma=    5.27 GHz
     lambda(   12)=  0.0116   gamma=   16.23 GHz
     lambda(   13)=  0.0050   gamma=   10.08 GHz
     lambda(   14)=  0.0050   gamma=   10.08 GHz
     lambda(   15)=  0.0414   gamma=  124.71 GHz
     lambda(   16)=  0.0414   gamma=  124.71 GHz
     lambda(   17)=  0.0019   gamma=   10.46 GHz
     lambda(   18)=  0.0090   gamma=   51.68 GHz

     Gaussian Broadening:   0.025 Ry, ngauss=   0
     DOS = 38.402782 states/spin/Ry/Unit Cell at Ef= 17.084780 eV
     double delta at Ef =**********
     lambda(    1)= -0.0005   gamma=    0.13 GHz
     lambda(    2)= -0.4004   gamma=   33.67 GHz
     lambda(    3)= -0.4004   gamma=   33.67 GHz
     lambda(    4)= -0.1841   gamma=    7.12 GHz
     lambda(    5)= -0.1841   gamma=    7.12 GHz
     lambda(    6)=  0.0372   gamma=    5.24 GHz
     lambda(    7)=  0.0372   gamma=    5.24 GHz
     lambda(    8)=  0.0113   gamma=    2.40 GHz
     lambda(    9)=  0.0366   gamma=   16.51 GHz
     lambda(   10)=  0.0110   gamma=    5.86 GHz
     lambda(   11)=  0.0110   gamma=    5.86 GHz
     lambda(   12)=  0.0118   gamma=   16.21 GHz
     lambda(   13)=  0.0061   gamma=   11.99 GHz
     lambda(   14)=  0.0061   gamma=   11.99 GHz
     lambda(   15)=  0.0409   gamma=  120.33 GHz
     lambda(   16)=  0.0409   gamma=  120.33 GHz
     lambda(   17)=  0.0022   gamma=   12.13 GHz
     lambda(   18)=  0.0090   gamma=   50.80 GHz

     Gaussian Broadening:   0.030 Ry, ngauss=   0
     DOS = 37.652926 states/spin/Ry/Unit Cell at Ef= 17.081443 eV
     double delta at Ef =**********
     lambda(    1)= -0.0005   gamma=    0.14 GHz
     lambda(    2)= -0.4218   gamma=   34.78 GHz
     lambda(    3)= -0.4218   gamma=   34.78 GHz
     lambda(    4)= -0.2071   gamma=    7.85 GHz
     lambda(    5)= -0.2071   gamma=    7.85 GHz
     lambda(    6)=  0.0393   gamma=    5.43 GHz
     lambda(    7)=  0.0393   gamma=    5.43 GHz
     lambda(    8)=  0.0108   gamma=    2.26 GHz
     lambda(    9)=  0.0382   gamma=   16.90 GHz
     lambda(   10)=  0.0118   gamma=    6.19 GHz
     lambda(   11)=  0.0118   gamma=    6.19 GHz
     lambda(   12)=  0.0119   gamma=   15.92 GHz
     lambda(   13)=  0.0072   gamma=   13.82 GHz
     lambda(   14)=  0.0072   gamma=   13.82 GHz
     lambda(   15)=  0.0406   gamma=  117.00 GHz
     lambda(   16)=  0.0406   gamma=  117.00 GHz
     lambda(   17)=  0.0025   gamma=   13.56 GHz
     lambda(   18)=  0.0092   gamma=   50.56 GHz

     Gaussian Broadening:   0.035 Ry, ngauss=   0
     DOS = 37.088056 states/spin/Ry/Unit Cell at Ef= 17.080009 eV
     double delta at Ef =**********
     lambda(    1)= -0.0005   gamma=    0.14 GHz
     lambda(    2)= -0.4379   gamma=   35.57 GHz
     lambda(    3)= -0.4379   gamma=   35.57 GHz
     lambda(    4)= -0.2241   gamma=    8.37 GHz
     lambda(    5)= -0.2241   gamma=    8.37 GHz
     lambda(    6)=  0.0408   gamma=    5.55 GHz
     lambda(    7)=  0.0408   gamma=    5.55 GHz
     lambda(    8)=  0.0105   gamma=    2.14 GHz
     lambda(    9)=  0.0387   gamma=   16.90 GHz
     lambda(   10)=  0.0123   gamma=    6.34 GHz
     lambda(   11)=  0.0123   gamma=    6.34 GHz
     lambda(   12)=  0.0118   gamma=   15.59 GHz
     lambda(   13)=  0.0082   gamma=   15.42 GHz
     lambda(   14)=  0.0082   gamma=   15.42 GHz
     lambda(   15)=  0.0400   gamma=  113.58 GHz
     lambda(   16)=  0.0400   gamma=  113.58 GHz
     lambda(   17)=  0.0028   gamma=   14.87 GHz
     lambda(   18)=  0.0093   gamma=   50.39 GHz

     Gaussian Broadening:   0.040 Ry, ngauss=   0
     DOS = 36.626964 states/spin/Ry/Unit Cell at Ef= 17.080771 eV
     double delta at Ef =**********
     lambda(    1)= -0.0006   gamma=    0.15 GHz
     lambda(    2)= -0.4492   gamma=   36.03 GHz
     lambda(    3)= -0.4492   gamma=   36.03 GHz
     lambda(    4)= -0.2368   gamma=    8.73 GHz
     lambda(    5)= -0.2368   gamma=    8.73 GHz
     lambda(    6)=  0.0419   gamma=    5.63 GHz
     lambda(    7)=  0.0419   gamma=    5.63 GHz
     lambda(    8)=  0.0101   gamma=    2.05 GHz
     lambda(    9)=  0.0389   gamma=   16.75 GHz
     lambda(   10)=  0.0125   gamma=    6.37 GHz
     lambda(   11)=  0.0125   gamma=    6.37 GHz
     lambda(   12)=  0.0117   gamma=   15.27 GHz
     lambda(   13)=  0.0090   gamma=   16.72 GHz
     lambda(   14)=  0.0090   gamma=   16.72 GHz
     lambda(   15)=  0.0391   gamma=  109.72 GHz
     lambda(   16)=  0.0391   gamma=  109.72 GHz
     lambda(   17)=  0.0030   gamma=   15.96 GHz
     lambda(   18)=  0.0093   gamma=   49.97 GHz

     Gaussian Broadening:   0.045 Ry, ngauss=   0
     DOS = 36.205181 states/spin/Ry/Unit Cell at Ef= 17.083495 eV
     double delta at Ef =**********
     lambda(    1)= -0.0006   gamma=    0.15 GHz
     lambda(    2)= -0.4565   gamma=   36.20 GHz
     lambda(    3)= -0.4565   gamma=   36.20 GHz
     lambda(    4)= -0.2467   gamma=    8.99 GHz
     lambda(    5)= -0.2467   gamma=    8.99 GHz
     lambda(    6)=  0.0426   gamma=    5.66 GHz
     lambda(    7)=  0.0426   gamma=    5.66 GHz
     lambda(    8)=  0.0099   gamma=    1.98 GHz
     lambda(    9)=  0.0389   gamma=   16.57 GHz
     lambda(   10)=  0.0126   gamma=    6.33 GHz
     lambda(   11)=  0.0126   gamma=    6.33 GHz
     lambda(   12)=  0.0116   gamma=   14.94 GHz
     lambda(   13)=  0.0096   gamma=   17.72 GHz
     lambda(   14)=  0.0096   gamma=   17.72 GHz
     lambda(   15)=  0.0381   gamma=  105.50 GHz
     lambda(   16)=  0.0381   gamma=  105.50 GHz
     lambda(   17)=  0.0032   gamma=   16.79 GHz
     lambda(   18)=  0.0093   gamma=   49.19 GHz

     Gaussian Broadening:   0.050 Ry, ngauss=   0
     DOS = 35.783445 states/spin/Ry/Unit Cell at Ef= 17.087769 eV
     double delta at Ef =**********
     lambda(    1)= -0.0006   gamma=    0.16 GHz
     lambda(    2)= -0.4604   gamma=   36.08 GHz
     lambda(    3)= -0.4604   gamma=   36.08 GHz
     lambda(    4)= -0.2548   gamma=    9.18 GHz
     lambda(    5)= -0.2548   gamma=    9.18 GHz
     lambda(    6)=  0.0431   gamma=    5.65 GHz
     lambda(    7)=  0.0431   gamma=    5.65 GHz
     lambda(    8)=  0.0097   gamma=    1.93 GHz
     lambda(    9)=  0.0390   gamma=   16.40 GHz
     lambda(   10)=  0.0126   gamma=    6.25 GHz
     lambda(   11)=  0.0126   gamma=    6.25 GHz
     lambda(   12)=  0.0114   gamma=   14.60 GHz
     lambda(   13)=  0.0101   gamma=   18.45 GHz
     lambda(   14)=  0.0101   gamma=   18.45 GHz
     lambda(   15)=  0.0369   gamma=  101.13 GHz
     lambda(   16)=  0.0369   gamma=  101.13 GHz
     lambda(   17)=  0.0034   gamma=   17.39 GHz
     lambda(   18)=  0.0092   gamma=   48.11 GHz

     Calculation of q =    0.0000000   0.0000000  -0.7463912

     Parallelization info
     --------------------
     sticks:   dense  smooth     PW     G-vecs:    dense   smooth      PW
     Min         462     462    141                13280    13280    2223
     Max         464     464    142                13281    13281    2226
     Sum        2779    2779    847                79681    79681   13349

     Using Slab Decomposition


     Title: 
     LaOs3Si2 DFPT electron-phonon (Os-kagome flat-band-at-E_F winner; does flat


     bravais-lattice index     =            4
     lattice parameter (alat)  =      10.5991  a.u.
     unit-cell volume          =     690.7821 (a.u.)^3
     number of atoms/cell      =            6
     number of atomic types    =            3
     number of electrons       =        67.00
     number of Kohn-Sham states=           41
     kinetic-energy cutoff     =      90.0000  Ry
     charge density cutoff     =     360.0000  Ry
     Exchange-correlation= PBE
                           (   1   4   3   4   0   0   0)

     celldm(1)=  10.599100  celldm(2)=   0.000000  celldm(3)=   0.669890
     celldm(4)=   0.000000  celldm(5)=   0.000000  celldm(6)=   0.000000

     crystal axes: (cart. coord. in units of alat)
               a(1) = (   1.000000   0.000000   0.000000 )  
               a(2) = (  -0.500000   0.866025   0.000000 )  
               a(3) = (   0.000000   0.000000   0.669890 )  

     reciprocal axes: (cart. coord. in units 2 pi/alat)
               b(1) = (  1.000000  0.577350 -0.000000 )  
               b(2) = (  0.000000  1.154701  0.000000 )  
               b(3) = (  0.000000 -0.000000  1.492782 )  


     PseudoPot. # 1 for La read from file:
     ./pseudo/La_ONCV_PBE_sr.upf
     MD5 check sum: a50acaeba93a6b852b3e187ea6859932
     Pseudo is Norm-conserving, Zval = 11.0
     Generated using ONCVPSP code by D. R. Hamann
     Using radial grid of  602 points,  8 beta functions with: 
                l(1) =   0
                l(2) =   0
                l(3) =   1
                l(4) =   1
                l(5) =   2
                l(6) =   2
                l(7) =   3
                l(8) =   3

     PseudoPot. # 2 for Os read from file:
     ./pseudo/Os_ONCV_PBE_sr.upf
     MD5 check sum: 95cd203db9fc26cc83e0e7c2505c7528
     Pseudo is Norm-conserving, Zval = 16.0
     Generated using ONCVPSP code by D. R. Hamann
     Using radial grid of  602 points,  8 beta functions with: 
                l(1) =   0
                l(2) =   0
                l(3) =   1
                l(4) =   1
                l(5) =   2
                l(6) =   2
                l(7) =   3
                l(8) =   3

     PseudoPot. # 3 for Si read from file:
     ./pseudo/Si_ONCV_PBE_sr.upf
     MD5 check sum: 7f029a58b69e3aa87b46a36c608bf45e
     Pseudo is Norm-conserving, Zval =  4.0
     Generated using ONCVPSP code by D. R. Hamann
     Using radial grid of  602 points,  4 beta functions with: 
                l(1) =   0
                l(2) =   0
                l(3) =   1
                l(4) =   1

     atomic species   valence    mass     pseudopotential
     La               11.00   138.90500     La( 1.00)
     Os               16.00   190.23000     Os( 1.00)
     Si                4.00    28.08550     Si( 1.00)

     24 Sym. Ops., with inversion, found



   Cartesian axes

     site n.     atom                  positions (alat units)
         1        La     tau(   1) = (   0.0000000   0.0000000   0.0000000  )
         2        Os     tau(   2) = (   0.5000000   0.0000000   0.3349450  )
         3        Os     tau(   3) = (  -0.2500000   0.4330127   0.3349450  )
         4        Os     tau(   4) = (   0.2500000   0.4330127   0.3349450  )
         5        Si     tau(   5) = (  -0.0000005   0.5773506   0.0000000  )
         6        Si     tau(   6) = (   0.5000005   0.2886748   0.0000000  )

     number of k points=   540  Methfessel-Paxton smearing, width (Ry)=  0.0200

     Number of k-points >= 100: set verbosity='high' to print them.

     Dense  grid:    79681 G-vectors     FFT dimensions: (  72,  72,  45)

     Estimated max dynamical RAM per process >      31.02 MB

     Estimated total dynamical RAM >     186.11 MB

     The potential is recalculated from file :
     ./out/_ph0/laos3si2.q_2/laos3si2.save/charge-density

     Starting wfcs are    0 atomic +   41 random wfcs

     Band Structure Calculation
     Davidson diagonalization with overlap
     c_bands:  1 eigenvalues not converged
     c_bands:  1 eigenvalues not converged
     c_bands:  1 eigenvalues not converged
     c_bands:  1 eigenvalues not converged
     c_bands:  1 eigenvalues not converged
     c_bands:  1 eigenvalues not converged
     c_bands:  1 eigenvalues not converged
     c_bands:  1 eigenvalues not converged
     c_bands:  1 eigenvalues not converged
     c_bands:  1 eigenvalues not converged
     c_bands:  1 eigenvalues not converged
     c_bands:  1 eigenvalues not converged
     c_bands:  1 eigenvalues not converged
     c_bands:  1 eigenvalues not converged
     c_bands:  1 eigenvalues not converged
     c_bands:  1 eigenvalues not converged
     c_bands:  1 eigenvalues not converged
     c_bands:  1 eigenvalues not converged
     c_bands:  1 eigenvalues not converged
     c_bands:  1 eigenvalues not converged
     c_bands:  1 eigenvalues not converged
     c_bands:  1 eigenvalues not converged
     c_bands:  1 eigenvalues not converged
     c_bands:  1 eigenvalues not converged
     c_bands:  1 eigenvalues not converged
     c_bands:  1 eigenvalues not converged
     c_bands:  1 eigenvalues not converged
     c_bands:  1 eigenvalues not converged
     c_bands:  1 eigenvalues not converged
     c_bands:  1 eigenvalues not converged
     c_bands:  1 eigenvalues not converged
     c_bands:  1 eigenvalues not converged
     c_bands:  1 eigenvalues not converged
     c_bands:  1 eigenvalues not converged
     c_bands:  1 eigenvalues not converged
     c_bands:  1 eigenvalues not converged
     c_bands:  1 eigenvalues not converged
     c_bands:  1 eigenvalues not converged
     c_bands:  1 eigenvalues not converged
     c_bands:  1 eigenvalues not converged
     c_bands:  1 eigenvalues not converged
     c_bands:  1 eigenvalues not converged
     c_bands:  1 eigenvalues not converged
     c_bands:  1 eigenvalues not converged
     c_bands:  1 eigenvalues not converged
     c_bands:  1 eigenvalues not converged
     c_bands:  1 eigenvalues not converged
     c_bands:  1 eigenvalues not converged
     c_bands:  1 eigenvalues not converged
     c_bands:  1 eigenvalues not converged
     c_bands:  1 eigenvalues not converged
     c_bands:  1 eigenvalues not converged
     c_bands:  1 eigenvalues not converged
     c_bands:  1 eigenvalues not converged
     c_bands:  1 eigenvalues not converged
     c_bands:  1 eigenvalues not converged
     c_bands:  1 eigenvalues not converged
     c_bands:  1 eigenvalues not converged
     c_bands:  1 eigenvalues not converged
     c_bands:  1 eigenvalues not converged
     c_bands:  1 eigenvalues not converged

     ethr =  1.49E-11,  avg # of iterations = 69.7

     total cpu time spent up to now is      843.5 secs

     End of band structure calculation

     Number of k-points >= 100: set verbosity='high' to print the bands.

     the Fermi energy is    17.0890 ev

     Writing config to output data dir ./out/_ph0/laos3si2.q_2/laos3si2.save/ :
     XML data file

     LaOs3Si2 DFPT electron-phonon (Os-kagome flat-band-at-E_F winner; does flat

     bravais-lattice index     =            4
     lattice parameter (alat)  =      10.5991  a.u.
     unit-cell volume          =     690.7821 (a.u.)^3
     number of atoms/cell      =            6
     number of atomic types    =            3
     kinetic-energy cut-off    =      90.0000  Ry
     charge density cut-off    =     360.0000  Ry
     convergence threshold     =      1.0E-14
     beta                      =       0.4000
     number of iterations used =            4
     Exchange-correlation= PBE
                           (   1   4   3   4   0   0   0)


     celldm(1)=   10.59910  celldm(2)=    0.00000  celldm(3)=    0.66989
     celldm(4)=    0.00000  celldm(5)=    0.00000  celldm(6)=    0.00000

     crystal axes: (cart. coord. in units of alat)
               a(1) = (  1.0000  0.0000  0.0000 )  
               a(2) = ( -0.5000  0.8660  0.0000 )  
               a(3) = (  0.0000  0.0000  0.6699 )  

     reciprocal axes: (cart. coord. in units 2 pi/alat)
               b(1) = (  1.0000  0.5774 -0.0000 )  
               b(2) = (  0.0000  1.1547  0.0000 )  
               b(3) = (  0.0000 -0.0000  1.4928 )  


     Atoms inside the unit cell: 

     Cartesian axes

     site n.  atom      mass           positions (alat units)
        1  La    138.9050   tau(    1) = (    0.00000    0.00000    0.00000  )
        2  Os    190.2300   tau(    2) = (    0.50000    0.00000    0.33494  )
        3  Os    190.2300   tau(    3) = (   -0.25000    0.43301    0.33494  )
        4  Os    190.2300   tau(    4) = (    0.25000    0.43301    0.33494  )
        5  Si     28.0855   tau(    5) = (   -0.00000    0.57735    0.00000  )
        6  Si     28.0855   tau(    6) = (    0.50000    0.28867    0.00000  )

     Computing dynamical matrix for 
                    q = (   0.0000000   0.0000000  -0.7463912 )

     25 Sym.Ops. (with q -> -q+G )


     G cutoff = 1024.4264  (  13280 G-vectors)     FFT grid: ( 72, 72, 45)

     number of k points=   540  Methfessel-Paxton smearing, width (Ry)=  0.0200

     PseudoPot. # 1 for La read from file:
     ./pseudo/La_ONCV_PBE_sr.upf
     MD5 check sum: a50acaeba93a6b852b3e187ea6859932
     Pseudo is Norm-conserving, Zval = 11.0
     Generated using ONCVPSP code by D. R. Hamann
     Using radial grid of  602 points,  8 beta functions with: 
                l(1) =   0
                l(2) =   0
                l(3) =   1
                l(4) =   1
                l(5) =   2
                l(6) =   2
                l(7) =   3
                l(8) =   3

     PseudoPot. # 2 for Os read from file:
     ./pseudo/Os_ONCV_PBE_sr.upf
     MD5 check sum: 95cd203db9fc26cc83e0e7c2505c7528
     Pseudo is Norm-conserving, Zval = 16.0
     Generated using ONCVPSP code by D. R. Hamann
     Using radial grid of  602 points,  8 beta functions with: 
                l(1) =   0
                l(2) =   0
                l(3) =   1
                l(4) =   1
                l(5) =   2
                l(6) =   2
                l(7) =   3
                l(8) =   3

     PseudoPot. # 3 for Si read from file:
     ./pseudo/Si_ONCV_PBE_sr.upf
     MD5 check sum: 7f029a58b69e3aa87b46a36c608bf45e
     Pseudo is Norm-conserving, Zval =  4.0
     Generated using ONCVPSP code by D. R. Hamann
     Using radial grid of  602 points,  4 beta functions with: 
                l(1) =   0
                l(2) =   0
                l(3) =   1
                l(4) =   1

     Mode symmetry, D_6h(6/mmm) point group:


     Atomic displacements:
     There are   12 irreducible representations

     Representation     1      1 modes -  To be done

     Representation     2      1 modes -  To be done

     Representation     3      1 modes -  To be done

     Representation     4      1 modes -  To be done

     Representation     5      2 modes -  To be done

     Representation     6      2 modes -  To be done

     Representation     7      2 modes -  To be done

     Representation     8      2 modes -  To be done

     Representation     9      1 modes -  To be done

     Representation    10      1 modes -  To be done

     Representation    11      2 modes -  To be done

     Representation    12      2 modes -  To be done


     Message from routine init_vloc:
     Interpolation table for Vloc re-allocated

     Alpha used in Ewald sum =   2.8000
     PHONON       :      3h36m CPU      3h45m WALL



     Representation #   1 mode #   1

     Self-consistent Calculation

      iter #   1 total cpu time : 13622.1 secs   av.it.:  12.5
      thresh= 1.000E-02 alpha_mix =  0.400 |ddv_scf|^2 =  4.880E-04

      iter #   2 total cpu time : 13719.4 secs   av.it.:  17.0
      thresh= 2.209E-03 alpha_mix =  0.400 |ddv_scf|^2 =  2.035E-03

      iter #   3 total cpu time : 13806.2 secs   av.it.:  14.9
      thresh= 4.511E-03 alpha_mix =  0.400 |ddv_scf|^2 =  1.809E-07

      iter #   4 total cpu time : 13903.8 secs   av.it.:  17.1
      thresh= 4.253E-05 alpha_mix =  0.400 |ddv_scf|^2 =  1.425E-08

      iter #   5 total cpu time : 14002.6 secs   av.it.:  17.1
      thresh= 1.194E-05 alpha_mix =  0.400 |ddv_scf|^2 =  3.108E-10

      iter #   6 total cpu time : 14098.7 secs   av.it.:  16.7
      thresh= 1.763E-06 alpha_mix =  0.400 |ddv_scf|^2 =  3.745E-11

      iter #   7 total cpu time : 14202.7 secs   av.it.:  17.4
      thresh= 6.119E-07 alpha_mix =  0.400 |ddv_scf|^2 =  8.397E-13

      iter #   8 total cpu time : 14307.7 secs   av.it.:  17.3
      thresh= 9.164E-08 alpha_mix =  0.400 |ddv_scf|^2 =  1.431E-13

      iter #   9 total cpu time : 14411.3 secs   av.it.:  17.1
      thresh= 3.783E-08 alpha_mix =  0.400 |ddv_scf|^2 =  3.273E-14

      iter #  10 total cpu time : 14510.7 secs   av.it.:  16.3
      thresh= 1.809E-08 alpha_mix =  0.400 |ddv_scf|^2 =  1.489E-15

     End of self-consistent calculation

     Convergence has been achieved 


     Representation #   2 mode #   2

     Self-consistent Calculation

      iter #   1 total cpu time : 14564.8 secs   av.it.:   5.9
      thresh= 1.000E-02 alpha_mix =  0.400 |ddv_scf|^2 =  3.658E-07

      iter #   2 total cpu time : 14663.4 secs   av.it.:  16.2
      thresh= 6.048E-05 alpha_mix =  0.400 |ddv_scf|^2 =  2.276E-08

      iter #   3 total cpu time : 14762.8 secs   av.it.:  16.4
      thresh= 1.509E-05 alpha_mix =  0.400 |ddv_scf|^2 =  3.998E-10

      iter #   4 total cpu time : 14866.4 secs   av.it.:  17.1
      thresh= 2.000E-06 alpha_mix =  0.400 |ddv_scf|^2 =  2.514E-11

      iter #   5 total cpu time : 14966.0 secs   av.it.:  16.4
      thresh= 5.014E-07 alpha_mix =  0.400 |ddv_scf|^2 =  3.126E-13

      iter #   6 total cpu time : 15069.8 secs   av.it.:  17.2
      thresh= 5.591E-08 alpha_mix =  0.400 |ddv_scf|^2 =  1.515E-14

      iter #   7 total cpu time : 15171.2 secs   av.it.:  16.7
      thresh= 1.231E-08 alpha_mix =  0.400 |ddv_scf|^2 =  1.607E-16

     End of self-consistent calculation

     Convergence has been achieved 


     Representation #   3 mode #   3

     Self-consistent Calculation

      iter #   1 total cpu time : 15250.8 secs   av.it.:  10.3
      thresh= 1.000E-02 alpha_mix =  0.400 |ddv_scf|^2 =  2.691E-05

      iter #   2 total cpu time : 15351.7 secs   av.it.:  16.6
      thresh= 5.188E-04 alpha_mix =  0.400 |ddv_scf|^2 =  1.873E-06

      iter #   3 total cpu time : 15450.7 secs   av.it.:  16.3
      thresh= 1.368E-04 alpha_mix =  0.400 |ddv_scf|^2 =  8.745E-09

      iter #   4 total cpu time : 15558.2 secs   av.it.:  18.1
      thresh= 9.352E-06 alpha_mix =  0.400 |ddv_scf|^2 =  9.590E-11

      iter #   5 total cpu time : 15657.1 secs   av.it.:  16.5
      thresh= 9.793E-07 alpha_mix =  0.400 |ddv_scf|^2 =  1.841E-11

      iter #   6 total cpu time : 15762.8 secs   av.it.:  17.7
      thresh= 4.291E-07 alpha_mix =  0.400 |ddv_scf|^2 =  2.038E-13

      iter #   7 total cpu time : 15869.0 secs   av.it.:  17.8
      thresh= 4.514E-08 alpha_mix =  0.400 |ddv_scf|^2 =  2.081E-15

     End of self-consistent calculation

     Convergence has been achieved 


     Representation #   4 mode #   4

     Self-consistent Calculation

      iter #   1 total cpu time : 15941.7 secs   av.it.:   9.0
      thresh= 1.000E-02 alpha_mix =  0.400 |ddv_scf|^2 =  2.030E-06

      iter #   2 total cpu time : 16041.7 secs   av.it.:  16.6
      thresh= 1.425E-04 alpha_mix =  0.400 |ddv_scf|^2 =  1.306E-07

      iter #   3 total cpu time : 16146.0 secs   av.it.:  17.4
      thresh= 3.614E-05 alpha_mix =  0.400 |ddv_scf|^2 =  4.138E-10

      iter #   4 total cpu time : 16254.0 secs   av.it.:  18.2
      thresh= 2.034E-06 alpha_mix =  0.400 |ddv_scf|^2 =  6.925E-12

      iter #   5 total cpu time : 16354.0 secs   av.it.:  16.6
      thresh= 2.632E-07 alpha_mix =  0.400 |ddv_scf|^2 =  1.057E-12

      iter #   6 total cpu time : 16465.1 secs   av.it.:  18.6
      thresh= 1.028E-07 alpha_mix =  0.400 |ddv_scf|^2 =  1.017E-14

      iter #   7 total cpu time : 16575.4 secs   av.it.:  18.6
      thresh= 1.009E-08 alpha_mix =  0.400 |ddv_scf|^2 =  7.030E-17

     End of self-consistent calculation

     Convergence has been achieved 


     Representation #   5 modes #   5   6

     Self-consistent Calculation

      iter #   1 total cpu time : 16730.3 secs   av.it.:  10.9
      thresh= 1.000E-02 alpha_mix =  0.400 |ddv_scf|^2 =  3.449E-06

      iter #   2 total cpu time : 16958.3 secs   av.it.:  19.2
      thresh= 1.857E-04 alpha_mix =  0.400 |ddv_scf|^2 =  7.982E-08

      iter #   3 total cpu time : 17186.5 secs   av.it.:  19.0
      thresh= 2.825E-05 alpha_mix =  0.400 |ddv_scf|^2 =  2.412E-09

      iter #   4 total cpu time : 17428.1 secs   av.it.:  20.2
      thresh= 4.912E-06 alpha_mix =  0.400 |ddv_scf|^2 =  6.905E-11

      iter #   5 total cpu time : 17668.2 secs   av.it.:  20.1
      thresh= 8.310E-07 alpha_mix =  0.400 |ddv_scf|^2 =  2.478E-12

      iter #   6 total cpu time : 17909.8 secs   av.it.:  20.2
      thresh= 1.574E-07 alpha_mix =  0.400 |ddv_scf|^2 =  1.644E-13

      iter #   7 total cpu time : 18146.9 secs   av.it.:  19.8
      thresh= 4.055E-08 alpha_mix =  0.400 |ddv_scf|^2 =  1.103E-14

      iter #   8 total cpu time : 18397.4 secs   av.it.:  21.1
      thresh= 1.050E-08 alpha_mix =  0.400 |ddv_scf|^2 =  3.540E-16

     End of self-consistent calculation

     Convergence has been achieved 


     Representation #   6 modes #   7   8

     Self-consistent Calculation

      iter #   1 total cpu time : 18549.0 secs   av.it.:   9.6
      thresh= 1.000E-02 alpha_mix =  0.400 |ddv_scf|^2 =  6.924E-07

      iter #   2 total cpu time : 18777.6 secs   av.it.:  19.0
      thresh= 8.321E-05 alpha_mix =  0.400 |ddv_scf|^2 =  3.453E-08

      iter #   3 total cpu time : 19006.6 secs   av.it.:  19.0
      thresh= 1.858E-05 alpha_mix =  0.400 |ddv_scf|^2 =  2.001E-09

      iter #   4 total cpu time : 19235.4 secs   av.it.:  19.1
      thresh= 4.473E-06 alpha_mix =  0.400 |ddv_scf|^2 =  7.233E-11

      iter #   5 total cpu time : 19472.2 secs   av.it.:  19.9
      thresh= 8.504E-07 alpha_mix =  0.400 |ddv_scf|^2 =  2.523E-12

      iter #   6 total cpu time : 19712.2 secs   av.it.:  20.5
      thresh= 1.588E-07 alpha_mix =  0.400 |ddv_scf|^2 =  5.244E-14

      iter #   7 total cpu time : 19933.2 secs   av.it.:  18.6
      thresh= 2.290E-08 alpha_mix =  0.400 |ddv_scf|^2 =  1.098E-14

      iter #   8 total cpu time : 20180.1 secs   av.it.:  20.9
      thresh= 1.048E-08 alpha_mix =  0.400 |ddv_scf|^2 =  1.469E-16

     End of self-consistent calculation

     Convergence has been achieved 


     Representation #   7 modes #   9  10

     Self-consistent Calculation

      iter #   1 total cpu time : 20290.6 secs   av.it.:   6.2
      thresh= 1.000E-02 alpha_mix =  0.400 |ddv_scf|^2 =  7.701E-08

      iter #   2 total cpu time : 20511.7 secs   av.it.:  18.5
      thresh= 2.775E-05 alpha_mix =  0.400 |ddv_scf|^2 =  1.666E-09

      iter #   3 total cpu time : 20736.2 secs   av.it.:  18.8
      thresh= 4.081E-06 alpha_mix =  0.400 |ddv_scf|^2 =  8.838E-11

      iter #   4 total cpu time : 20961.5 secs   av.it.:  18.8
      thresh= 9.401E-07 alpha_mix =  0.400 |ddv_scf|^2 =  5.217E-12

      iter #   5 total cpu time : 21183.0 secs   av.it.:  18.4
      thresh= 2.284E-07 alpha_mix =  0.400 |ddv_scf|^2 =  2.803E-14

      iter #   6 total cpu time : 21401.7 secs   av.it.:  19.1
      thresh= 1.674E-08 alpha_mix =  0.400 |ddv_scf|^2 =  5.085E-15

     End of self-consistent calculation

     Convergence has been achieved 


     Representation #   8 modes #  11  12

     Self-consistent Calculation

      iter #   1 total cpu time : 21556.9 secs   av.it.:  10.6
      thresh= 1.000E-02 alpha_mix =  0.400 |ddv_scf|^2 =  2.843E-06

      iter #   2 total cpu time : 21787.0 secs   av.it.:  19.0
      thresh= 1.686E-04 alpha_mix =  0.400 |ddv_scf|^2 =  9.745E-08

      iter #   3 total cpu time : 22011.6 secs   av.it.:  18.5
      thresh= 3.122E-05 alpha_mix =  0.400 |ddv_scf|^2 =  3.688E-09

      iter #   4 total cpu time : 22249.4 secs   av.it.:  19.9
      thresh= 6.073E-06 alpha_mix =  0.400 |ddv_scf|^2 =  2.583E-11

      iter #   5 total cpu time : 22486.6 secs   av.it.:  20.0
      thresh= 5.082E-07 alpha_mix =  0.400 |ddv_scf|^2 =  1.518E-12

      iter #   6 total cpu time : 22715.4 secs   av.it.:  19.2
      thresh= 1.232E-07 alpha_mix =  0.400 |ddv_scf|^2 =  1.633E-13

      iter #   7 total cpu time : 22955.3 secs   av.it.:  20.2
      thresh= 4.041E-08 alpha_mix =  0.400 |ddv_scf|^2 =  3.630E-15

     End of self-consistent calculation

     Convergence has been achieved 


     Representation #   9 mode #  13

     Self-consistent Calculation

      iter #   1 total cpu time : 23030.1 secs   av.it.:   8.3
      thresh= 1.000E-02 alpha_mix =  0.400 |ddv_scf|^2 =  1.814E-04

      iter #   2 total cpu time : 23137.5 secs   av.it.:  17.6
      thresh= 1.347E-03 alpha_mix =  0.400 |ddv_scf|^2 =  1.872E-02

      iter #   3 total cpu time : 23221.5 secs   av.it.:  13.2
      thresh= 1.000E-02 alpha_mix =  0.400 |ddv_scf|^2 =  1.759E-06

      iter #   4 total cpu time : 23310.2 secs   av.it.:  14.2
      thresh= 1.326E-04 alpha_mix =  0.400 |ddv_scf|^2 =  5.114E-09

      iter #   5 total cpu time : 23397.8 secs   av.it.:  14.1
      thresh= 7.151E-06 alpha_mix =  0.400 |ddv_scf|^2 =  1.416E-09

      iter #   6 total cpu time : 23489.2 secs   av.it.:  14.7
      thresh= 3.763E-06 alpha_mix =  0.400 |ddv_scf|^2 =  1.307E-09

      iter #   7 total cpu time : 23572.1 secs   av.it.:  13.0
      thresh= 3.616E-06 alpha_mix =  0.400 |ddv_scf|^2 =  3.456E-12

      iter #   8 total cpu time : 23661.5 secs   av.it.:  14.3
      thresh= 1.859E-07 alpha_mix =  0.400 |ddv_scf|^2 =  4.045E-13

      iter #   9 total cpu time : 23755.6 secs   av.it.:  15.3
      thresh= 6.360E-08 alpha_mix =  0.400 |ddv_scf|^2 =  2.601E-15

     End of self-consistent calculation

     Convergence has been achieved 


     Representation #  10 mode #  14

     Self-consistent Calculation

      iter #   1 total cpu time : 23831.7 secs   av.it.:   9.8
      thresh= 1.000E-02 alpha_mix =  0.400 |ddv_scf|^2 =  3.661E-04

      iter #   2 total cpu time : 23939.1 secs   av.it.:  17.5
      thresh= 1.913E-03 alpha_mix =  0.400 |ddv_scf|^2 =  3.510E-02

      iter #   3 total cpu time : 24027.4 secs   av.it.:  14.0
      thresh= 1.000E-02 alpha_mix =  0.400 |ddv_scf|^2 =  5.674E-05

      iter #   4 total cpu time : 24112.1 secs   av.it.:  13.4
      thresh= 7.532E-04 alpha_mix =  0.400 |ddv_scf|^2 =  1.741E-06

      iter #   5 total cpu time : 24193.7 secs   av.it.:  12.8
      thresh= 1.319E-04 alpha_mix =  0.400 |ddv_scf|^2 =  4.023E-09

      iter #   6 total cpu time : 24285.1 secs   av.it.:  14.7
      thresh= 6.343E-06 alpha_mix =  0.400 |ddv_scf|^2 =  7.297E-11

      iter #   7 total cpu time : 24383.8 secs   av.it.:  16.0
      thresh= 8.542E-07 alpha_mix =  0.400 |ddv_scf|^2 =  7.629E-11

      iter #   8 total cpu time : 24473.3 secs   av.it.:  14.3
      thresh= 8.734E-07 alpha_mix =  0.400 |ddv_scf|^2 =  2.747E-12

      iter #   9 total cpu time : 24562.0 secs   av.it.:  14.2
      thresh= 1.657E-07 alpha_mix =  0.400 |ddv_scf|^2 =  8.366E-15

     End of self-consistent calculation

     Convergence has been achieved 


     Representation #  11 modes #  15  16

     Self-consistent Calculation

      iter #   1 total cpu time : 24659.1 secs   av.it.:   5.7
      thresh= 1.000E-02 alpha_mix =  0.400 |ddv_scf|^2 =  1.832E-08

      iter #   2 total cpu time : 24881.1 secs   av.it.:  18.4
      thresh= 1.354E-05 alpha_mix =  0.400 |ddv_scf|^2 =  3.793E-10

      iter #   3 total cpu time : 25097.1 secs   av.it.:  19.0
      thresh= 1.948E-06 alpha_mix =  0.400 |ddv_scf|^2 =  8.609E-11

      iter #   4 total cpu time : 25311.9 secs   av.it.:  18.9
      thresh= 9.279E-07 alpha_mix =  0.400 |ddv_scf|^2 =  1.096E-11

      iter #   5 total cpu time : 25513.1 secs   av.it.:  17.6
      thresh= 3.311E-07 alpha_mix =  0.400 |ddv_scf|^2 =  4.039E-14

      iter #   6 total cpu time : 25743.2 secs   av.it.:  20.6
      thresh= 2.010E-08 alpha_mix =  0.400 |ddv_scf|^2 =  2.504E-15

     End of self-consistent calculation

     Convergence has been achieved 


     Representation #  12 modes #  17  18

     Self-consistent Calculation

      iter #   1 total cpu time : 25858.2 secs   av.it.:   8.5
      thresh= 1.000E-02 alpha_mix =  0.400 |ddv_scf|^2 =  4.406E-07

      iter #   2 total cpu time : 26043.9 secs   av.it.:  18.3
      thresh= 6.638E-05 alpha_mix =  0.400 |ddv_scf|^2 =  2.476E-09

      iter #   3 total cpu time : 26233.7 secs   av.it.:  18.8
      thresh= 4.976E-06 alpha_mix =  0.400 |ddv_scf|^2 =  1.879E-10

      iter #   4 total cpu time : 26432.7 secs   av.it.:  19.9
      thresh= 1.371E-06 alpha_mix =  0.400 |ddv_scf|^2 =  1.236E-11

      iter #   5 total cpu time : 26624.0 secs   av.it.:  19.1
      thresh= 3.516E-07 alpha_mix =  0.400 |ddv_scf|^2 =  2.173E-13

      iter #   6 total cpu time : 26817.3 secs   av.it.:  19.3
      thresh= 4.661E-08 alpha_mix =  0.400 |ddv_scf|^2 =  1.429E-14

      iter #   7 total cpu time : 27008.7 secs   av.it.:  19.1
      thresh= 1.195E-08 alpha_mix =  0.400 |ddv_scf|^2 =  2.318E-15

     End of self-consistent calculation

     Convergence has been achieved 

     Number of q in the star =    1
     List of q in the star:
          1   0.000000000   0.000000000  -0.746391199

     Diagonalizing the dynamical matrix

     q = (    0.000000000   0.000000000  -0.746391199 ) 

 **************************************************************************
     freq (    1) =      -3.309922 [THz] =    -110.407128 [cm-1]
     freq (    2) =      -3.309922 [THz] =    -110.407128 [cm-1]
     freq (    3) =      -1.843044 [THz] =     -61.477334 [cm-1]
     freq (    4) =      -1.843044 [THz] =     -61.477334 [cm-1]
     freq (    5) =       2.703728 [THz] =      90.186675 [cm-1]
     freq (    6) =       2.995859 [THz] =      99.931109 [cm-1]
     freq (    7) =       2.995859 [THz] =      99.931109 [cm-1]
     freq (    8) =       3.049297 [THz] =     101.713610 [cm-1]
     freq (    9) =       3.049297 [THz] =     101.713610 [cm-1]
     freq (   10) =       3.327864 [THz] =     111.005601 [cm-1]
     freq (   11) =       3.753946 [THz] =     125.218147 [cm-1]
     freq (   12) =       4.277241 [THz] =     142.673391 [cm-1]
     freq (   13) =       8.072967 [THz] =     269.285204 [cm-1]
     freq (   14) =       8.072967 [THz] =     269.285204 [cm-1]
     freq (   15) =       8.760367 [THz] =     292.214405 [cm-1]
     freq (   16) =       8.760367 [THz] =     292.214405 [cm-1]
     freq (   17) =      12.690071 [THz] =     423.295222 [cm-1]
     freq (   18) =      13.179777 [THz] =     439.630025 [cm-1]
 **************************************************************************

     Mode symmetry, D_6h(6/mmm) point group:

     freq (   1-   2) =       -110.4  [cm-1]   --> E_2g               
     freq (   3-   4) =        -61.5  [cm-1]   --> E_1g               
     freq (   5-   5) =         90.2  [cm-1]   --> B_2g               
     freq (   6-   7) =         99.9  [cm-1]   --> E_1g               
     freq (   8-   9) =        101.7  [cm-1]   --> E_1u               
     freq (  10-  10) =        111.0  [cm-1]   --> A_1g               
     freq (  11-  11) =        125.2  [cm-1]   --> A_2u               
     freq (  12-  12) =        142.7  [cm-1]   --> B_1g               
     freq (  13-  14) =        269.3  [cm-1]   --> E_2g               
     freq (  15-  16) =        292.2  [cm-1]   --> E_1u               
     freq (  17-  17) =        423.3  [cm-1]   --> B_1g               
     freq (  18-  18) =        439.6  [cm-1]   --> A_2u               

     Gaussian Broadening:   0.005 Ry, ngauss=   0
     DOS = 42.691395 states/spin/Ry/Unit Cell at Ef= 17.100262 eV
     double delta at Ef =**********
     lambda(    1)= -0.0169   gamma=    7.56 GHz
     lambda(    2)= -0.0169   gamma=    7.56 GHz
     lambda(    3)= -1.6586   gamma=  229.68 GHz
     lambda(    4)= -1.6586   gamma=  229.68 GHz
     lambda(    5)=  0.2024   gamma=   60.33 GHz
     lambda(    6)=  0.0288   gamma=   10.54 GHz
     lambda(    7)=  0.0288   gamma=   10.54 GHz
     lambda(    8)=  0.0083   gamma=    3.14 GHz
     lambda(    9)=  0.0083   gamma=    3.14 GHz
     lambda(   10)=  0.0044   gamma=    1.99 GHz
     lambda(   11)=  0.0217   gamma=   12.48 GHz
     lambda(   12)=  0.0271   gamma=   20.19 GHz
     lambda(   13)=  0.0035   gamma=    9.25 GHz
     lambda(   14)=  0.0035   gamma=    9.25 GHz
     lambda(   15)=  0.0051   gamma=   15.92 GHz
     lambda(   16)=  0.0051   gamma=   15.92 GHz
     lambda(   17)=  0.0025   gamma=   16.46 GHz
     lambda(   18)=  0.0309   gamma=  218.85 GHz

     Gaussian Broadening:   0.010 Ry, ngauss=   0
     DOS = 40.898652 states/spin/Ry/Unit Cell at Ef= 17.094779 eV
     double delta at Ef =**********
     lambda(    1)= -0.0160   gamma=    6.85 GHz
     lambda(    2)= -0.0160   gamma=    6.85 GHz
     lambda(    3)= -1.0842   gamma=  143.83 GHz
     lambda(    4)= -1.0842   gamma=  143.83 GHz
     lambda(    5)=  0.1446   gamma=   41.27 GHz
     lambda(    6)=  0.0237   gamma=    8.30 GHz
     lambda(    7)=  0.0237   gamma=    8.30 GHz
     lambda(    8)=  0.0127   gamma=    4.61 GHz
     lambda(    9)=  0.0127   gamma=    4.61 GHz
     lambda(   10)=  0.0054   gamma=    2.32 GHz
     lambda(   11)=  0.0140   gamma=    7.69 GHz
     lambda(   12)=  0.0240   gamma=   17.14 GHz
     lambda(   13)=  0.0041   gamma=   10.42 GHz
     lambda(   14)=  0.0041   gamma=   10.42 GHz
     lambda(   15)=  0.0044   gamma=   13.12 GHz
     lambda(   16)=  0.0044   gamma=   13.12 GHz
     lambda(   17)=  0.0019   gamma=   11.91 GHz
     lambda(   18)=  0.0172   gamma=  116.90 GHz

     Gaussian Broadening:   0.015 Ry, ngauss=   0
     DOS = 40.349101 states/spin/Ry/Unit Cell at Ef= 17.092632 eV
     double delta at Ef =**********
     lambda(    1)= -0.0183   gamma=    7.72 GHz
     lambda(    2)= -0.0183   gamma=    7.72 GHz
     lambda(    3)= -0.8545   gamma=  111.84 GHz
     lambda(    4)= -0.8545   gamma=  111.84 GHz
     lambda(    5)=  0.1298   gamma=   36.57 GHz
     lambda(    6)=  0.0214   gamma=    7.39 GHz
     lambda(    7)=  0.0214   gamma=    7.39 GHz
     lambda(    8)=  0.0151   gamma=    5.43 GHz
     lambda(    9)=  0.0151   gamma=    5.43 GHz
     lambda(   10)=  0.0059   gamma=    2.54 GHz
     lambda(   11)=  0.0125   gamma=    6.81 GHz
     lambda(   12)=  0.0275   gamma=   19.39 GHz
     lambda(   13)=  0.0053   gamma=   13.28 GHz
     lambda(   14)=  0.0053   gamma=   13.28 GHz
     lambda(   15)=  0.0051   gamma=   15.05 GHz
     lambda(   16)=  0.0051   gamma=   15.05 GHz
     lambda(   17)=  0.0019   gamma=   11.48 GHz
     lambda(   18)=  0.0124   gamma=   82.78 GHz

     Gaussian Broadening:   0.020 Ry, ngauss=   0
     DOS = 39.347538 states/spin/Ry/Unit Cell at Ef= 17.089005 eV
     double delta at Ef =**********
     lambda(    1)= -0.0214   gamma=    8.81 GHz
     lambda(    2)= -0.0214   gamma=    8.81 GHz
     lambda(    3)= -0.7321   gamma=   93.45 GHz
     lambda(    4)= -0.7321   gamma=   93.45 GHz
     lambda(    5)=  0.1252   gamma=   34.40 GHz
     lambda(    6)=  0.0208   gamma=    7.00 GHz
     lambda(    7)=  0.0208   gamma=    7.00 GHz
     lambda(    8)=  0.0169   gamma=    5.92 GHz
     lambda(    9)=  0.0169   gamma=    5.92 GHz
     lambda(   10)=  0.0064   gamma=    2.67 GHz
     lambda(   11)=  0.0121   gamma=    6.40 GHz
     lambda(   12)=  0.0304   gamma=   20.89 GHz
     lambda(   13)=  0.0064   gamma=   15.74 GHz
     lambda(   14)=  0.0064   gamma=   15.74 GHz
     lambda(   15)=  0.0063   gamma=   18.05 GHz
     lambda(   16)=  0.0063   gamma=   18.05 GHz
     lambda(   17)=  0.0021   gamma=   12.50 GHz
     lambda(   18)=  0.0106   gamma=   69.41 GHz

     Gaussian Broadening:   0.025 Ry, ngauss=   0
     DOS = 38.402782 states/spin/Ry/Unit Cell at Ef= 17.084780 eV
     double delta at Ef =**********
     lambda(    1)= -0.0244   gamma=    9.79 GHz
     lambda(    2)= -0.0244   gamma=    9.79 GHz
     lambda(    3)= -0.6501   gamma=   80.99 GHz
     lambda(    4)= -0.6501   gamma=   80.99 GHz
     lambda(    5)=  0.1230   gamma=   32.96 GHz
     lambda(    6)=  0.0207   gamma=    6.83 GHz
     lambda(    7)=  0.0207   gamma=    6.83 GHz
     lambda(    8)=  0.0179   gamma=    6.09 GHz
     lambda(    9)=  0.0179   gamma=    6.09 GHz
     lambda(   10)=  0.0070   gamma=    2.86 GHz
     lambda(   11)=  0.0118   gamma=    6.08 GHz
     lambda(   12)=  0.0320   gamma=   21.45 GHz
     lambda(   13)=  0.0074   gamma=   17.65 GHz
     lambda(   14)=  0.0074   gamma=   17.65 GHz
     lambda(   15)=  0.0076   gamma=   21.28 GHz
     lambda(   16)=  0.0076   gamma=   21.28 GHz
     lambda(   17)=  0.0024   gamma=   13.89 GHz
     lambda(   18)=  0.0104   gamma=   66.35 GHz

     Gaussian Broadening:   0.030 Ry, ngauss=   0
     DOS = 37.652926 states/spin/Ry/Unit Cell at Ef= 17.081443 eV
     double delta at Ef =**********
     lambda(    1)= -0.0270   gamma=   10.64 GHz
     lambda(    2)= -0.0270   gamma=   10.64 GHz
     lambda(    3)= -0.5889   gamma=   71.92 GHz
     lambda(    4)= -0.5889   gamma=   71.92 GHz
     lambda(    5)=  0.1211   gamma=   31.83 GHz
     lambda(    6)=  0.0208   gamma=    6.70 GHz
     lambda(    7)=  0.0208   gamma=    6.70 GHz
     lambda(    8)=  0.0181   gamma=    6.04 GHz
     lambda(    9)=  0.0181   gamma=    6.04 GHz
     lambda(   10)=  0.0077   gamma=    3.07 GHz
     lambda(   11)=  0.0114   gamma=    5.78 GHz
     lambda(   12)=  0.0326   gamma=   21.42 GHz
     lambda(   13)=  0.0081   gamma=   19.02 GHz
     lambda(   14)=  0.0081   gamma=   19.02 GHz
     lambda(   15)=  0.0087   gamma=   23.87 GHz
     lambda(   16)=  0.0087   gamma=   23.87 GHz
     lambda(   17)=  0.0026   gamma=   14.98 GHz
     lambda(   18)=  0.0109   gamma=   68.25 GHz

     Gaussian Broadening:   0.035 Ry, ngauss=   0
     DOS = 37.088056 states/spin/Ry/Unit Cell at Ef= 17.080009 eV
     double delta at Ef =**********
     lambda(    1)= -0.0292   gamma=   11.35 GHz
     lambda(    2)= -0.0292   gamma=   11.35 GHz
     lambda(    3)= -0.5406   gamma=   65.04 GHz
     lambda(    4)= -0.5406   gamma=   65.04 GHz
     lambda(    5)=  0.1187   gamma=   30.72 GHz
     lambda(    6)=  0.0206   gamma=    6.55 GHz
     lambda(    7)=  0.0206   gamma=    6.55 GHz
     lambda(    8)=  0.0178   gamma=    5.87 GHz
     lambda(    9)=  0.0178   gamma=    5.87 GHz
     lambda(   10)=  0.0083   gamma=    3.27 GHz
     lambda(   11)=  0.0110   gamma=    5.47 GHz
     lambda(   12)=  0.0325   gamma=   21.07 GHz
     lambda(   13)=  0.0086   gamma=   19.86 GHz
     lambda(   14)=  0.0086   gamma=   19.86 GHz
     lambda(   15)=  0.0094   gamma=   25.56 GHz
     lambda(   16)=  0.0094   gamma=   25.56 GHz
     lambda(   17)=  0.0027   gamma=   15.58 GHz
     lambda(   18)=  0.0116   gamma=   71.36 GHz

     Gaussian Broadening:   0.040 Ry, ngauss=   0
     DOS = 36.626964 states/spin/Ry/Unit Cell at Ef= 17.080771 eV
     double delta at Ef =**********
     lambda(    1)= -0.0312   gamma=   11.95 GHz
     lambda(    2)= -0.0312   gamma=   11.95 GHz
     lambda(    3)= -0.5021   gamma=   59.65 GHz
     lambda(    4)= -0.5021   gamma=   59.65 GHz
     lambda(    5)=  0.1157   gamma=   29.58 GHz
     lambda(    6)=  0.0203   gamma=    6.39 GHz
     lambda(    7)=  0.0203   gamma=    6.39 GHz
     lambda(    8)=  0.0173   gamma=    5.64 GHz
     lambda(    9)=  0.0173   gamma=    5.64 GHz
     lambda(   10)=  0.0089   gamma=    3.44 GHz
     lambda(   11)=  0.0105   gamma=    5.17 GHz
     lambda(   12)=  0.0321   gamma=   20.55 GHz
     lambda(   13)=  0.0089   gamma=   20.26 GHz
     lambda(   14)=  0.0089   gamma=   20.26 GHz
     lambda(   15)=  0.0099   gamma=   26.49 GHz
     lambda(   16)=  0.0099   gamma=   26.49 GHz
     lambda(   17)=  0.0028   gamma=   15.80 GHz
     lambda(   18)=  0.0121   gamma=   73.75 GHz

     Gaussian Broadening:   0.045 Ry, ngauss=   0
     DOS = 36.205181 states/spin/Ry/Unit Cell at Ef= 17.083495 eV
     double delta at Ef =**********
     lambda(    1)= -0.0329   gamma=   12.47 GHz
     lambda(    2)= -0.0329   gamma=   12.47 GHz
     lambda(    3)= -0.4710   gamma=   55.32 GHz
     lambda(    4)= -0.4710   gamma=   55.32 GHz
     lambda(    5)=  0.1124   gamma=   28.41 GHz
     lambda(    6)=  0.0200   gamma=    6.22 GHz
     lambda(    7)=  0.0200   gamma=    6.22 GHz
     lambda(    8)=  0.0168   gamma=    5.39 GHz
     lambda(    9)=  0.0168   gamma=    5.39 GHz
     lambda(   10)=  0.0093   gamma=    3.56 GHz
     lambda(   11)=  0.0100   gamma=    4.88 GHz
     lambda(   12)=  0.0316   gamma=   19.96 GHz
     lambda(   13)=  0.0090   gamma=   20.32 GHz
     lambda(   14)=  0.0090   gamma=   20.32 GHz
     lambda(   15)=  0.0101   gamma=   26.90 GHz
     lambda(   16)=  0.0101   gamma=   26.90 GHz
     lambda(   17)=  0.0028   gamma=   15.79 GHz
     lambda(   18)=  0.0125   gamma=   74.83 GHz

     Gaussian Broadening:   0.050 Ry, ngauss=   0
     DOS = 35.783445 states/spin/Ry/Unit Cell at Ef= 17.087769 eV
     double delta at Ef =**********
     lambda(    1)= -0.0345   gamma=   12.93 GHz
     lambda(    2)= -0.0345   gamma=   12.93 GHz
     lambda(    3)= -0.4456   gamma=   51.72 GHz
     lambda(    4)= -0.4456   gamma=   51.72 GHz
     lambda(    5)=  0.1092   gamma=   27.29 GHz
     lambda(    6)=  0.0198   gamma=    6.06 GHz
     lambda(    7)=  0.0198   gamma=    6.06 GHz
     lambda(    8)=  0.0162   gamma=    5.14 GHz
     lambda(    9)=  0.0162   gamma=    5.14 GHz
     lambda(   10)=  0.0096   gamma=    3.64 GHz
     lambda(   11)=  0.0096   gamma=    4.61 GHz
     lambda(   12)=  0.0310   gamma=   19.36 GHz
     lambda(   13)=  0.0091   gamma=   20.17 GHz
     lambda(   14)=  0.0091   gamma=   20.17 GHz
     lambda(   15)=  0.0103   gamma=   27.00 GHz
     lambda(   16)=  0.0103   gamma=   27.00 GHz
     lambda(   17)=  0.0028   gamma=   15.67 GHz
     lambda(   18)=  0.0126   gamma=   74.67 GHz

     Calculation of q =    0.0000000  -0.5773503   0.0000000

     Parallelization info
     --------------------
     sticks:   dense  smooth     PW     G-vecs:    dense   smooth      PW
     Min         462     462    137                13280    13280    2128
     Max         464     464    138                13281    13281    2129
     Sum        2779    2779    823                79681    79681   12773

     Using Slab Decomposition


     Title: 
     LaOs3Si2 DFPT electron-phonon (Os-kagome flat-band-at-E_F winner; does flat


     bravais-lattice index     =            4
     lattice parameter (alat)  =      10.5991  a.u.
     unit-cell volume          =     690.7821 (a.u.)^3
     number of atoms/cell      =            6
     number of atomic types    =            3
     number of electrons       =        67.00
     number of Kohn-Sham states=           41
     kinetic-energy cutoff     =      90.0000  Ry
     charge density cutoff     =     360.0000  Ry
     Exchange-correlation= PBE
                           (   1   4   3   4   0   0   0)

     celldm(1)=  10.599100  celldm(2)=   0.000000  celldm(3)=   0.669890
     celldm(4)=   0.000000  celldm(5)=   0.000000  celldm(6)=   0.000000

     crystal axes: (cart. coord. in units of alat)
               a(1) = (   1.000000   0.000000   0.000000 )  
               a(2) = (  -0.500000   0.866025   0.000000 )  
               a(3) = (   0.000000   0.000000   0.669890 )  

     reciprocal axes: (cart. coord. in units 2 pi/alat)
               b(1) = (  1.000000  0.577350 -0.000000 )  
               b(2) = (  0.000000  1.154701  0.000000 )  
               b(3) = (  0.000000 -0.000000  1.492782 )  


     PseudoPot. # 1 for La read from file:
     ./pseudo/La_ONCV_PBE_sr.upf
     MD5 check sum: a50acaeba93a6b852b3e187ea6859932
     Pseudo is Norm-conserving, Zval = 11.0
     Generated using ONCVPSP code by D. R. Hamann
     Using radial grid of  602 points,  8 beta functions with: 
                l(1) =   0
                l(2) =   0
                l(3) =   1
                l(4) =   1
                l(5) =   2
                l(6) =   2
                l(7) =   3
                l(8) =   3

     PseudoPot. # 2 for Os read from file:
     ./pseudo/Os_ONCV_PBE_sr.upf
     MD5 check sum: 95cd203db9fc26cc83e0e7c2505c7528
     Pseudo is Norm-conserving, Zval = 16.0
     Generated using ONCVPSP code by D. R. Hamann
     Using radial grid of  602 points,  8 beta functions with: 
                l(1) =   0
                l(2) =   0
                l(3) =   1
                l(4) =   1
                l(5) =   2
                l(6) =   2
                l(7) =   3
                l(8) =   3

     PseudoPot. # 3 for Si read from file:
     ./pseudo/Si_ONCV_PBE_sr.upf
     MD5 check sum: 7f029a58b69e3aa87b46a36c608bf45e
     Pseudo is Norm-conserving, Zval =  4.0
     Generated using ONCVPSP code by D. R. Hamann
     Using radial grid of  602 points,  4 beta functions with: 
                l(1) =   0
                l(2) =   0
                l(3) =   1
                l(4) =   1

     atomic species   valence    mass     pseudopotential
     La               11.00   138.90500     La( 1.00)
     Os               16.00   190.23000     Os( 1.00)
     Si                4.00    28.08550     Si( 1.00)

     24 Sym. Ops., with inversion, found



   Cartesian axes

     site n.     atom                  positions (alat units)
         1        La     tau(   1) = (   0.0000000   0.0000000   0.0000000  )
         2        Os     tau(   2) = (   0.5000000   0.0000000   0.3349450  )
         3        Os     tau(   3) = (  -0.2500000   0.4330127   0.3349450  )
         4        Os     tau(   4) = (   0.2500000   0.4330127   0.3349450  )
         5        Si     tau(   5) = (  -0.0000005   0.5773506   0.0000000  )
         6        Si     tau(   6) = (   0.5000005   0.2886748   0.0000000  )

     number of k points=  1314  Methfessel-Paxton smearing, width (Ry)=  0.0200

     Number of k-points >= 100: set verbosity='high' to print them.

     Dense  grid:    79681 G-vectors     FFT dimensions: (  72,  72,  45)

     Estimated max dynamical RAM per process >      30.96 MB

     Estimated total dynamical RAM >     185.78 MB

     The potential is recalculated from file :
     ./out/_ph0/laos3si2.q_3/laos3si2.save/charge-density

     Starting wfcs are    0 atomic +   41 random wfcs

     Band Structure Calculation
     Davidson diagonalization with overlap
     c_bands:  2 eigenvalues not converged
     c_bands:  1 eigenvalues not converged
     c_bands:  1 eigenvalues not converged
     c_bands:  1 eigenvalues not converged
     c_bands:  1 eigenvalues not converged
     c_bands:  1 eigenvalues not converged
     c_bands:  1 eigenvalues not converged
     c_bands:  1 eigenvalues not converged
     c_bands:  1 eigenvalues not converged
     c_bands:  1 eigenvalues not converged
     c_bands:  1 eigenvalues not converged
     c_bands:  1 eigenvalues not converged
     c_bands:  1 eigenvalues not converged
     c_bands:  1 eigenvalues not converged
     c_bands:  1 eigenvalues not converged
     c_bands:  1 eigenvalues not converged
     c_bands:  1 eigenvalues not converged
     c_bands:  1 eigenvalues not converged
     c_bands:  1 eigenvalues not converged
     c_bands:  1 eigenvalues not converged
     c_bands:  1 eigenvalues not converged
     c_bands:  1 eigenvalues not converged
     c_bands:  1 eigenvalues not converged
     c_bands:  1 eigenvalues not converged
     c_bands:  1 eigenvalues not converged
     c_bands:  1 eigenvalues not converged
     c_bands:  1 eigenvalues not converged
     c_bands:  1 eigenvalues not converged
     c_bands:  1 eigenvalues not converged
     c_bands:  1 eigenvalues not converged
     c_bands:  1 eigenvalues not converged
     c_bands:  1 eigenvalues not converged
     c_bands:  1 eigenvalues not converged
     c_bands:  1 eigenvalues not converged
     c_bands:  1 eigenvalues not converged
     c_bands:  1 eigenvalues not converged
     c_bands:  1 eigenvalues not converged
     c_bands:  1 eigenvalues not converged
     c_bands:  1 eigenvalues not converged
     c_bands:  1 eigenvalues not converged
     c_bands:  1 eigenvalues not converged
     c_bands:  1 eigenvalues not converged
     c_bands:  1 eigenvalues not converged
     c_bands:  1 eigenvalues not converged
     c_bands:  1 eigenvalues not converged
     c_bands:  1 eigenvalues not converged
     c_bands:  1 eigenvalues not converged
     c_bands:  1 eigenvalues not converged
     c_bands:  1 eigenvalues not converged
     c_bands:  1 eigenvalues not converged
     c_bands:  1 eigenvalues not converged
     c_bands:  1 eigenvalues not converged
     c_bands:  1 eigenvalues not converged
     c_bands:  1 eigenvalues not converged
     c_bands:  1 eigenvalues not converged
     c_bands:  1 eigenvalues not converged
     c_bands:  1 eigenvalues not converged
     c_bands:  1 eigenvalues not converged
     c_bands:  1 eigenvalues not converged
     c_bands:  1 eigenvalues not converged
     c_bands:  2 eigenvalues not converged
     c_bands:  1 eigenvalues not converged
     c_bands:  1 eigenvalues not converged
     c_bands:  1 eigenvalues not converged
     c_bands:  1 eigenvalues not converged
     c_bands:  1 eigenvalues not converged
     c_bands:  1 eigenvalues not converged
     c_bands:  1 eigenvalues not converged
     c_bands:  1 eigenvalues not converged
     c_bands:  1 eigenvalues not converged
     c_bands:  1 eigenvalues not converged
     c_bands:  1 eigenvalues not converged
     c_bands:  1 eigenvalues not converged
     c_bands:  1 eigenvalues not converged
     c_bands:  1 eigenvalues not converged
     c_bands:  1 eigenvalues not converged
     c_bands:  1 eigenvalues not converged
     c_bands:  1 eigenvalues not converged
     c_bands:  1 eigenvalues not converged
     c_bands:  1 eigenvalues not converged
     c_bands:  1 eigenvalues not converged
     c_bands:  1 eigenvalues not converged
     c_bands:  1 eigenvalues not converged
     c_bands:  1 eigenvalues not converged
     c_bands:  1 eigenvalues not converged
     c_bands:  1 eigenvalues not converged
     c_bands:  1 eigenvalues not converged
     c_bands:  1 eigenvalues not converged
     c_bands:  1 eigenvalues not converged
     c_bands:  1 eigenvalues not converged
     c_bands:  1 eigenvalues not converged
     c_bands:  1 eigenvalues not converged
     c_bands:  1 eigenvalues not converged
     c_bands:  1 eigenvalues not converged
     c_bands:  1 eigenvalues not converged
     c_bands:  1 eigenvalues not converged
     c_bands:  1 eigenvalues not converged
     c_bands:  1 eigenvalues not converged
     c_bands:  1 eigenvalues not converged
     c_bands:  1 eigenvalues not converged
     c_bands:  1 eigenvalues not converged
     c_bands:  1 eigenvalues not converged
     c_bands:  1 eigenvalues not converged
     c_bands:  1 eigenvalues not converged
     c_bands:  1 eigenvalues not converged
     c_bands:  1 eigenvalues not converged
     c_bands:  1 eigenvalues not converged
     c_bands:  1 eigenvalues not converged
     c_bands:  1 eigenvalues not converged
     c_bands:  1 eigenvalues not converged
     c_bands:  1 eigenvalues not converged
     c_bands:  1 eigenvalues not converged
     c_bands:  1 eigenvalues not converged
     c_bands:  1 eigenvalues not converged
     c_bands:  1 eigenvalues not converged
     c_bands:  1 eigenvalues not converged
     c_bands:  1 eigenvalues not converged
     c_bands:  1 eigenvalues not converged
     c_bands:  1 eigenvalues not converged
     c_bands:  1 eigenvalues not converged
     c_bands:  1 eigenvalues not converged
     c_bands:  1 eigenvalues not converged
     c_bands:  1 eigenvalues not converged
     c_bands:  1 eigenvalues not converged
     c_bands:  1 eigenvalues not converged
     c_bands:  1 eigenvalues not converged
     c_bands:  1 eigenvalues not converged
     c_bands:  1 eigenvalues not converged
     c_bands:  1 eigenvalues not converged
     c_bands:  1 eigenvalues not converged
     c_bands:  1 eigenvalues not converged
     c_bands:  1 eigenvalues not converged
     c_bands:  1 eigenvalues not converged
     c_bands:  1 eigenvalues not converged
     c_bands:  1 eigenvalues not converged
     c_bands:  1 eigenvalues not converged

     ethr =  1.49E-11,  avg # of iterations = 70.0

     total cpu time spent up to now is     1997.8 secs

     End of band structure calculation

     Number of k-points >= 100: set verbosity='high' to print the bands.

     the Fermi energy is    17.0890 ev

     Writing config to output data dir ./out/_ph0/laos3si2.q_3/laos3si2.save/ :
     XML data file

     LaOs3Si2 DFPT electron-phonon (Os-kagome flat-band-at-E_F winner; does flat

     bravais-lattice index     =            4
     lattice parameter (alat)  =      10.5991  a.u.
     unit-cell volume          =     690.7821 (a.u.)^3
     number of atoms/cell      =            6
     number of atomic types    =            3
     kinetic-energy cut-off    =      90.0000  Ry
     charge density cut-off    =     360.0000  Ry
     convergence threshold     =      1.0E-14
     beta                      =       0.4000
     number of iterations used =            4
     Exchange-correlation= PBE
                           (   1   4   3   4   0   0   0)


     celldm(1)=   10.59910  celldm(2)=    0.00000  celldm(3)=    0.66989
     celldm(4)=    0.00000  celldm(5)=    0.00000  celldm(6)=    0.00000

     crystal axes: (cart. coord. in units of alat)
               a(1) = (  1.0000  0.0000  0.0000 )  
               a(2) = ( -0.5000  0.8660  0.0000 )  
               a(3) = (  0.0000  0.0000  0.6699 )  

     reciprocal axes: (cart. coord. in units 2 pi/alat)
               b(1) = (  1.0000  0.5774 -0.0000 )  
               b(2) = (  0.0000  1.1547  0.0000 )  
               b(3) = (  0.0000 -0.0000  1.4928 )  


     Atoms inside the unit cell: 

     Cartesian axes

     site n.  atom      mass           positions (alat units)
        1  La    138.9050   tau(    1) = (    0.00000    0.00000    0.00000  )
        2  Os    190.2300   tau(    2) = (    0.50000    0.00000    0.33494  )
        3  Os    190.2300   tau(    3) = (   -0.25000    0.43301    0.33494  )
        4  Os    190.2300   tau(    4) = (    0.25000    0.43301    0.33494  )
        5  Si     28.0855   tau(    5) = (   -0.00000    0.57735    0.00000  )
        6  Si     28.0855   tau(    6) = (    0.50000    0.28867    0.00000  )

     Computing dynamical matrix for 
                    q = (   0.0000000  -0.5773503   0.0000000 )

      9 Sym.Ops. (with q -> -q+G )


     G cutoff = 1024.4264  (  13281 G-vectors)     FFT grid: ( 72, 72, 45)

     number of k points=  1314  Methfessel-Paxton smearing, width (Ry)=  0.0200

     PseudoPot. # 1 for La read from file:
     ./pseudo/La_ONCV_PBE_sr.upf
     MD5 check sum: a50acaeba93a6b852b3e187ea6859932
     Pseudo is Norm-conserving, Zval = 11.0
     Generated using ONCVPSP code by D. R. Hamann
     Using radial grid of  602 points,  8 beta functions with: 
                l(1) =   0
                l(2) =   0
                l(3) =   1
                l(4) =   1
                l(5) =   2
                l(6) =   2
                l(7) =   3
                l(8) =   3

     PseudoPot. # 2 for Os read from file:
     ./pseudo/Os_ONCV_PBE_sr.upf
     MD5 check sum: 95cd203db9fc26cc83e0e7c2505c7528
     Pseudo is Norm-conserving, Zval = 16.0
     Generated using ONCVPSP code by D. R. Hamann
     Using radial grid of  602 points,  8 beta functions with: 
                l(1) =   0
                l(2) =   0
                l(3) =   1
                l(4) =   1
                l(5) =   2
                l(6) =   2
                l(7) =   3
                l(8) =   3

     PseudoPot. # 3 for Si read from file:
     ./pseudo/Si_ONCV_PBE_sr.upf
     MD5 check sum: 7f029a58b69e3aa87b46a36c608bf45e
     Pseudo is Norm-conserving, Zval =  4.0
     Generated using ONCVPSP code by D. R. Hamann
     Using radial grid of  602 points,  4 beta functions with: 
                l(1) =   0
                l(2) =   0
                l(3) =   1
                l(4) =   1

     Mode symmetry, D_2h (mmm)  point group:


     Atomic displacements:
     There are   18 irreducible representations

     Representation     1      1 modes -  To be done

     Representation     2      1 modes -  To be done

     Representation     3      1 modes -  To be done

     Representation     4      1 modes -  To be done

     Representation     5      1 modes -  To be done

     Representation     6      1 modes -  To be done

     Representation     7      1 modes -  To be done

     Representation     8      1 modes -  To be done

     Representation     9      1 modes -  To be done

     Representation    10      1 modes -  To be done

     Representation    11      1 modes -  To be done

     Representation    12      1 modes -  To be done

     Representation    13      1 modes -  To be done

     Representation    14      1 modes -  To be done

     Representation    15      1 modes -  To be done

     Representation    16      1 modes -  To be done

     Representation    17      1 modes -  To be done

     Representation    18      1 modes -  To be done



     Alpha used in Ewald sum =   2.8000
     PHONON       :      7h30m CPU      7h49m WALL



     Representation #   1 mode #   1

     Self-consistent Calculation

      iter #   1 total cpu time : 28397.4 secs   av.it.:  13.1
      thresh= 1.000E-02 alpha_mix =  0.400 |ddv_scf|^2 =  1.665E-03

      iter #   2 total cpu time : 28659.7 secs   av.it.:  18.0
      thresh= 4.080E-03 alpha_mix =  0.400 |ddv_scf|^2 =  6.171E-02

      iter #   3 total cpu time : 28894.3 secs   av.it.:  16.0
      thresh= 1.000E-02 alpha_mix =  0.400 |ddv_scf|^2 =  4.082E-04

      iter #   4 total cpu time : 29122.5 secs   av.it.:  15.5
      thresh= 2.020E-03 alpha_mix =  0.400 |ddv_scf|^2 =  1.177E-05

      iter #   5 total cpu time : 29345.0 secs   av.it.:  15.3
      thresh= 3.430E-04 alpha_mix =  0.400 |ddv_scf|^2 =  2.513E-07

      iter #   6 total cpu time : 29579.3 secs   av.it.:  16.2
      thresh= 5.013E-05 alpha_mix =  0.400 |ddv_scf|^2 =  4.551E-08

      iter #   7 total cpu time : 29807.9 secs   av.it.:  15.7
      thresh= 2.133E-05 alpha_mix =  0.400 |ddv_scf|^2 =  1.011E-10

      iter #   8 total cpu time : 30078.4 secs   av.it.:  18.5
      thresh= 1.005E-06 alpha_mix =  0.400 |ddv_scf|^2 =  9.363E-11

      iter #   9 total cpu time : 30314.3 secs   av.it.:  16.0
      thresh= 9.676E-07 alpha_mix =  0.400 |ddv_scf|^2 =  1.245E-12

      iter #  10 total cpu time : 30577.9 secs   av.it.:  18.1
      thresh= 1.116E-07 alpha_mix =  0.400 |ddv_scf|^2 =  1.895E-13

      iter #  11 total cpu time : 30823.4 secs   av.it.:  17.3
      thresh= 4.353E-08 alpha_mix =  0.400 |ddv_scf|^2 =  1.096E-13

      iter #  12 total cpu time : 31060.3 secs   av.it.:  16.0
      thresh= 3.311E-08 alpha_mix =  0.400 |ddv_scf|^2 =  7.131E-15

     End of self-consistent calculation

     Convergence has been achieved 


     Representation #   2 mode #   2

     Self-consistent Calculation

      iter #   1 total cpu time : 31281.8 secs   av.it.:  12.8
      thresh= 1.000E-02 alpha_mix =  0.400 |ddv_scf|^2 =  9.032E-04

      iter #   2 total cpu time : 31546.4 secs   av.it.:  18.2
      thresh= 3.005E-03 alpha_mix =  0.400 |ddv_scf|^2 =  4.022E-02

      iter #   3 total cpu time : 31771.6 secs   av.it.:  15.4
      thresh= 1.000E-02 alpha_mix =  0.400 |ddv_scf|^2 =  2.109E-05

      iter #   4 total cpu time : 32012.3 secs   av.it.:  16.8
      thresh= 4.593E-04 alpha_mix =  0.400 |ddv_scf|^2 =  1.080E-05

      iter #   5 total cpu time : 32243.2 secs   av.it.:  16.0
      thresh= 3.286E-04 alpha_mix =  0.400 |ddv_scf|^2 =  3.372E-06

      iter #   6 total cpu time : 32465.6 secs   av.it.:  14.7
      thresh= 1.836E-04 alpha_mix =  0.400 |ddv_scf|^2 =  3.098E-09

      iter #   7 total cpu time : 32723.6 secs   av.it.:  17.7
      thresh= 5.566E-06 alpha_mix =  0.400 |ddv_scf|^2 =  1.299E-10

      iter #   8 total cpu time : 32976.9 secs   av.it.:  17.4
      thresh= 1.140E-06 alpha_mix =  0.400 |ddv_scf|^2 =  1.523E-10

      iter #   9 total cpu time : 33214.1 secs   av.it.:  15.9
      thresh= 1.234E-06 alpha_mix =  0.400 |ddv_scf|^2 =  1.626E-12

      iter #  10 total cpu time : 33466.7 secs   av.it.:  17.7
      thresh= 1.275E-07 alpha_mix =  0.400 |ddv_scf|^2 =  1.077E-12

      iter #  11 total cpu time : 33697.7 secs   av.it.:  15.4
      thresh= 1.038E-07 alpha_mix =  0.400 |ddv_scf|^2 =  9.613E-14

      iter #  12 total cpu time : 33958.2 secs   av.it.:  17.8
      thresh= 3.100E-08 alpha_mix =  0.400 |ddv_scf|^2 =  1.008E-13

      iter #  13 total cpu time : 34189.8 secs   av.it.:  15.6
      thresh= 3.175E-08 alpha_mix =  0.400 |ddv_scf|^2 =  1.083E-15

     End of self-consistent calculation

     Convergence has been achieved 


     Representation #   3 mode #   3

     Self-consistent Calculation

      iter #   1 total cpu time : 34359.2 secs   av.it.:   8.7
      thresh= 1.000E-02 alpha_mix =  0.400 |ddv_scf|^2 =  1.069E-04

      iter #   2 total cpu time : 34613.9 secs   av.it.:  18.1
      thresh= 1.034E-03 alpha_mix =  0.400 |ddv_scf|^2 =  4.513E-03

      iter #   3 total cpu time : 34814.1 secs   av.it.:  13.9
      thresh= 6.718E-03 alpha_mix =  0.400 |ddv_scf|^2 =  6.417E-06

      iter #   4 total cpu time : 35043.6 secs   av.it.:  16.0
      thresh= 2.533E-04 alpha_mix =  0.400 |ddv_scf|^2 =  8.984E-07

      iter #   5 total cpu time : 35269.5 secs   av.it.:  15.4
      thresh= 9.479E-05 alpha_mix =  0.400 |ddv_scf|^2 =  4.448E-09

      iter #   6 total cpu time : 35498.9 secs   av.it.:  15.7
      thresh= 6.669E-06 alpha_mix =  0.400 |ddv_scf|^2 =  5.930E-10

      iter #   7 total cpu time : 35737.4 secs   av.it.:  15.8
      thresh= 2.435E-06 alpha_mix =  0.400 |ddv_scf|^2 =  7.799E-11

      iter #   8 total cpu time : 35973.6 secs   av.it.:  15.8
      thresh= 8.831E-07 alpha_mix =  0.400 |ddv_scf|^2 =  6.467E-12

      iter #   9 total cpu time : 36211.3 secs   av.it.:  16.1
      thresh= 2.543E-07 alpha_mix =  0.400 |ddv_scf|^2 =  8.759E-14

      iter #  10 total cpu time : 36448.7 secs   av.it.:  16.4
      thresh= 2.960E-08 alpha_mix =  0.400 |ddv_scf|^2 =  1.456E-14

      iter #  11 total cpu time : 36701.8 secs   av.it.:  17.4
      thresh= 1.207E-08 alpha_mix =  0.400 |ddv_scf|^2 =  3.717E-15

     End of self-consistent calculation

     Convergence has been achieved 


     Representation #   4 mode #   4

     Self-consistent Calculation

      iter #   1 total cpu time : 36893.0 secs   av.it.:  10.0
      thresh= 1.000E-02 alpha_mix =  0.400 |ddv_scf|^2 =  3.806E-06

      iter #   2 total cpu time : 37149.9 secs   av.it.:  17.7
      thresh= 1.951E-04 alpha_mix =  0.400 |ddv_scf|^2 =  9.182E-08

      iter #   3 total cpu time : 37410.1 secs   av.it.:  17.8
      thresh= 3.030E-05 alpha_mix =  0.400 |ddv_scf|^2 =  5.593E-09

      iter #   4 total cpu time : 37675.9 secs   av.it.:  18.5
      thresh= 7.478E-06 alpha_mix =  0.400 |ddv_scf|^2 =  2.442E-10

      iter #   5 total cpu time : 37947.4 secs   av.it.:  18.8
      thresh= 1.563E-06 alpha_mix =  0.400 |ddv_scf|^2 =  8.752E-12

      iter #   6 total cpu time : 38215.9 secs   av.it.:  19.0
      thresh= 2.958E-07 alpha_mix =  0.400 |ddv_scf|^2 =  2.403E-13

      iter #   7 total cpu time : 38475.1 secs   av.it.:  17.8
      thresh= 4.902E-08 alpha_mix =  0.400 |ddv_scf|^2 =  4.394E-14

      iter #   8 total cpu time : 38752.9 secs   av.it.:  19.5
      thresh= 2.096E-08 alpha_mix =  0.400 |ddv_scf|^2 =  9.555E-16

     End of self-consistent calculation

     Convergence has been achieved 


     Representation #   5 mode #   5

     Self-consistent Calculation

      iter #   1 total cpu time : 38932.3 secs   av.it.:   9.8
      thresh= 1.000E-02 alpha_mix =  0.400 |ddv_scf|^2 =  4.086E-06

      iter #   2 total cpu time : 39187.1 secs   av.it.:  17.8
      thresh= 2.021E-04 alpha_mix =  0.400 |ddv_scf|^2 =  8.361E-08

      iter #   3 total cpu time : 39446.7 secs   av.it.:  17.8
      thresh= 2.892E-05 alpha_mix =  0.400 |ddv_scf|^2 =  6.515E-09

      iter #   4 total cpu time : 39713.9 secs   av.it.:  18.7
      thresh= 8.072E-06 alpha_mix =  0.400 |ddv_scf|^2 =  1.783E-10

      iter #   5 total cpu time : 39985.1 secs   av.it.:  18.8
      thresh= 1.335E-06 alpha_mix =  0.400 |ddv_scf|^2 =  1.147E-11

      iter #   6 total cpu time : 40252.6 secs   av.it.:  18.7
      thresh= 3.387E-07 alpha_mix =  0.400 |ddv_scf|^2 =  1.713E-13

      iter #   7 total cpu time : 40507.3 secs   av.it.:  17.8
      thresh= 4.139E-08 alpha_mix =  0.400 |ddv_scf|^2 =  3.464E-14

      iter #   8 total cpu time : 40778.9 secs   av.it.:  19.1
      thresh= 1.861E-08 alpha_mix =  0.400 |ddv_scf|^2 =  8.213E-16

     End of self-consistent calculation

     Convergence has been achieved 


     Representation #   6 mode #   6

     Self-consistent Calculation

      iter #   1 total cpu time : 40912.4 secs   av.it.:   5.6
      thresh= 1.000E-02 alpha_mix =  0.400 |ddv_scf|^2 =  5.369E-08

      iter #   2 total cpu time : 41170.4 secs   av.it.:  17.6
      thresh= 2.317E-05 alpha_mix =  0.400 |ddv_scf|^2 =  1.488E-09

      iter #   3 total cpu time : 41427.3 secs   av.it.:  17.6
      thresh= 3.857E-06 alpha_mix =  0.400 |ddv_scf|^2 =  2.894E-10

      iter #   4 total cpu time : 41687.7 secs   av.it.:  17.8
      thresh= 1.701E-06 alpha_mix =  0.400 |ddv_scf|^2 =  3.274E-11

      iter #   5 total cpu time : 41928.3 secs   av.it.:  16.2
      thresh= 5.722E-07 alpha_mix =  0.400 |ddv_scf|^2 =  4.120E-13

      iter #   6 total cpu time : 42200.2 secs   av.it.:  18.6
      thresh= 6.419E-08 alpha_mix =  0.400 |ddv_scf|^2 =  1.013E-14

      iter #   7 total cpu time : 42455.5 secs   av.it.:  17.3
      thresh= 1.006E-08 alpha_mix =  0.400 |ddv_scf|^2 =  2.681E-15

     End of self-consistent calculation

     Convergence has been achieved 


     Representation #   7 mode #   7

     Self-consistent Calculation

      iter #   1 total cpu time : 42648.2 secs   av.it.:  10.3
      thresh= 1.000E-02 alpha_mix =  0.400 |ddv_scf|^2 =  7.076E-06

      iter #   2 total cpu time : 42897.6 secs   av.it.:  17.6
      thresh= 2.660E-04 alpha_mix =  0.400 |ddv_scf|^2 =  3.955E-08

      iter #   3 total cpu time : 43160.3 secs   av.it.:  18.0
      thresh= 1.989E-05 alpha_mix =  0.400 |ddv_scf|^2 =  6.166E-09

      iter #   4 total cpu time : 43410.8 secs   av.it.:  18.7
      thresh= 7.853E-06 alpha_mix =  0.400 |ddv_scf|^2 =  1.173E-10

      iter #   5 total cpu time : 43681.7 secs   av.it.:  19.0
      thresh= 1.083E-06 alpha_mix =  0.400 |ddv_scf|^2 =  5.267E-12

      iter #   6 total cpu time : 43952.5 secs   av.it.:  19.1
      thresh= 2.295E-07 alpha_mix =  0.400 |ddv_scf|^2 =  9.299E-14

      iter #   7 total cpu time : 44217.1 secs   av.it.:  18.2
      thresh= 3.049E-08 alpha_mix =  0.400 |ddv_scf|^2 =  1.548E-14

      iter #   8 total cpu time : 44490.1 secs   av.it.:  19.5
      thresh= 1.244E-08 alpha_mix =  0.400 |ddv_scf|^2 =  5.780E-16

     End of self-consistent calculation

     Convergence has been achieved 


     Representation #   8 mode #   8

     Self-consistent Calculation

      iter #   1 total cpu time : 44621.6 secs   av.it.:   5.8
      thresh= 1.000E-02 alpha_mix =  0.400 |ddv_scf|^2 =  1.056E-07

      iter #   2 total cpu time : 44872.3 secs   av.it.:  17.4
      thresh= 3.249E-05 alpha_mix =  0.400 |ddv_scf|^2 =  1.095E-09

      iter #   3 total cpu time : 45125.1 secs   av.it.:  17.3
      thresh= 3.308E-06 alpha_mix =  0.400 |ddv_scf|^2 =  3.021E-10

      iter #   4 total cpu time : 45382.1 secs   av.it.:  17.6
      thresh= 1.738E-06 alpha_mix =  0.400 |ddv_scf|^2 =  2.659E-11

      iter #   5 total cpu time : 45632.6 secs   av.it.:  17.3
      thresh= 5.157E-07 alpha_mix =  0.400 |ddv_scf|^2 =  1.967E-13

      iter #   6 total cpu time : 45910.2 secs   av.it.:  19.3
      thresh= 4.435E-08 alpha_mix =  0.400 |ddv_scf|^2 =  5.476E-15

     End of self-consistent calculation

     Convergence has been achieved 


     Representation #   9 mode #   9

     Self-consistent Calculation

      iter #   1 total cpu time : 46094.9 secs   av.it.:   9.8
      thresh= 1.000E-02 alpha_mix =  0.400 |ddv_scf|^2 =  3.853E-06

      iter #   2 total cpu time : 46348.7 secs   av.it.:  17.5
      thresh= 1.963E-04 alpha_mix =  0.400 |ddv_scf|^2 =  8.263E-08

      iter #   3 total cpu time : 46604.7 secs   av.it.:  17.8
      thresh= 2.874E-05 alpha_mix =  0.400 |ddv_scf|^2 =  2.080E-09

      iter #   4 total cpu time : 46878.2 secs   av.it.:  19.0
      thresh= 4.561E-06 alpha_mix =  0.400 |ddv_scf|^2 =  7.729E-11

      iter #   5 total cpu time : 47155.1 secs   av.it.:  19.2
      thresh= 8.791E-07 alpha_mix =  0.400 |ddv_scf|^2 =  2.611E-12

      iter #   6 total cpu time : 47413.5 secs   av.it.:  18.2
      thresh= 1.616E-07 alpha_mix =  0.400 |ddv_scf|^2 =  2.883E-13

      iter #   7 total cpu time : 47690.9 secs   av.it.:  19.1
      thresh= 5.369E-08 alpha_mix =  0.400 |ddv_scf|^2 =  6.684E-15

     End of self-consistent calculation

     Convergence has been achieved 


     Representation #  10 mode #  10

     Self-consistent Calculation

      iter #   1 total cpu time : 47844.8 secs   av.it.:   7.8
      thresh= 1.000E-02 alpha_mix =  0.400 |ddv_scf|^2 =  7.169E-07

      iter #   2 total cpu time : 48091.0 secs   av.it.:  17.3
      thresh= 8.467E-05 alpha_mix =  0.400 |ddv_scf|^2 =  1.252E-08

      iter #   3 total cpu time : 48342.4 secs   av.it.:  18.1
      thresh= 1.119E-05 alpha_mix =  0.400 |ddv_scf|^2 =  3.837E-10

      iter #   4 total cpu time : 48606.4 secs   av.it.:  18.1
      thresh= 1.959E-06 alpha_mix =  0.400 |ddv_scf|^2 =  6.253E-11

      iter #   5 total cpu time : 48860.5 secs   av.it.:  17.5
      thresh= 7.908E-07 alpha_mix =  0.400 |ddv_scf|^2 =  2.806E-12

      iter #   6 total cpu time : 49125.4 secs   av.it.:  18.3
      thresh= 1.675E-07 alpha_mix =  0.400 |ddv_scf|^2 =  9.226E-14

      iter #   7 total cpu time : 49369.3 secs   av.it.:  16.8
      thresh= 3.037E-08 alpha_mix =  0.400 |ddv_scf|^2 =  2.236E-14

      iter #   8 total cpu time : 49627.0 secs   av.it.:  18.1
      thresh= 1.495E-08 alpha_mix =  0.400 |ddv_scf|^2 =  1.338E-16

     End of self-consistent calculation

     Convergence has been achieved 


     Representation #  11 mode #  11

     Self-consistent Calculation

      iter #   1 total cpu time : 49759.4 secs   av.it.:   5.7
      thresh= 1.000E-02 alpha_mix =  0.400 |ddv_scf|^2 =  7.100E-08

      iter #   2 total cpu time : 50014.2 secs   av.it.:  17.5
      thresh= 2.665E-05 alpha_mix =  0.400 |ddv_scf|^2 =  1.673E-09

      iter #   3 total cpu time : 50265.2 secs   av.it.:  17.8
      thresh= 4.090E-06 alpha_mix =  0.400 |ddv_scf|^2 =  2.721E-10

      iter #   4 total cpu time : 50506.1 secs   av.it.:  17.0
      thresh= 1.650E-06 alpha_mix =  0.400 |ddv_scf|^2 =  4.443E-11

      iter #   5 total cpu time : 50745.7 secs   av.it.:  16.6
      thresh= 6.665E-07 alpha_mix =  0.400 |ddv_scf|^2 =  7.343E-13

      iter #   6 total cpu time : 51009.2 secs   av.it.:  18.5
      thresh= 8.569E-08 alpha_mix =  0.400 |ddv_scf|^2 =  2.145E-14

      iter #   7 total cpu time : 51270.4 secs   av.it.:  18.6
      thresh= 1.464E-08 alpha_mix =  0.400 |ddv_scf|^2 =  3.473E-15

     End of self-consistent calculation

     Convergence has been achieved 


     Representation #  12 mode #  12

     Self-consistent Calculation

      iter #   1 total cpu time : 51449.4 secs   av.it.:   9.8
      thresh= 1.000E-02 alpha_mix =  0.400 |ddv_scf|^2 =  5.444E-06

      iter #   2 total cpu time : 51706.3 secs   av.it.:  17.5
      thresh= 2.333E-04 alpha_mix =  0.400 |ddv_scf|^2 =  5.810E-08

      iter #   3 total cpu time : 51969.5 secs   av.it.:  18.2
      thresh= 2.410E-05 alpha_mix =  0.400 |ddv_scf|^2 =  4.544E-09

      iter #   4 total cpu time : 52234.9 secs   av.it.:  18.5
      thresh= 6.741E-06 alpha_mix =  0.400 |ddv_scf|^2 =  2.392E-10

      iter #   5 total cpu time : 52509.3 secs   av.it.:  18.9
      thresh= 1.547E-06 alpha_mix =  0.400 |ddv_scf|^2 =  1.461E-11

      iter #   6 total cpu time : 52773.7 secs   av.it.:  18.3
      thresh= 3.822E-07 alpha_mix =  0.400 |ddv_scf|^2 =  8.026E-13

      iter #   7 total cpu time : 53036.8 secs   av.it.:  18.2
      thresh= 8.959E-08 alpha_mix =  0.400 |ddv_scf|^2 =  1.111E-13

      iter #   8 total cpu time : 53314.4 secs   av.it.:  19.1
      thresh= 3.334E-08 alpha_mix =  0.400 |ddv_scf|^2 =  2.764E-15

     End of self-consistent calculation

     Convergence has been achieved 


     Representation #  13 mode #  13

     Self-consistent Calculation

      iter #   1 total cpu time : 53508.7 secs   av.it.:  11.3
      thresh= 1.000E-02 alpha_mix =  0.400 |ddv_scf|^2 =  4.400E-05

      iter #   2 total cpu time : 53781.5 secs   av.it.:  18.8
      thresh= 6.634E-04 alpha_mix =  0.400 |ddv_scf|^2 =  2.165E-04

      iter #   3 total cpu time : 54028.4 secs   av.it.:  16.5
      thresh= 1.471E-03 alpha_mix =  0.400 |ddv_scf|^2 =  1.383E-05

      iter #   4 total cpu time : 54270.2 secs   av.it.:  16.5
      thresh= 3.719E-04 alpha_mix =  0.400 |ddv_scf|^2 =  1.616E-07

      iter #   5 total cpu time : 54521.2 secs   av.it.:  17.2
      thresh= 4.020E-05 alpha_mix =  0.400 |ddv_scf|^2 =  6.914E-10

      iter #   6 total cpu time : 54772.3 secs   av.it.:  18.8
      thresh= 2.629E-06 alpha_mix =  0.400 |ddv_scf|^2 =  4.289E-11

      iter #   7 total cpu time : 55037.8 secs   av.it.:  18.3
      thresh= 6.549E-07 alpha_mix =  0.400 |ddv_scf|^2 =  5.102E-12

      iter #   8 total cpu time : 55300.5 secs   av.it.:  18.7
      thresh= 2.259E-07 alpha_mix =  0.400 |ddv_scf|^2 =  9.671E-13

      iter #   9 total cpu time : 55549.5 secs   av.it.:  17.6
      thresh= 9.834E-08 alpha_mix =  0.400 |ddv_scf|^2 =  9.502E-15

     End of self-consistent calculation

     Convergence has been achieved 


     Representation #  14 mode #  14

     Self-consistent Calculation

      iter #   1 total cpu time : 55704.3 secs   av.it.:   7.7
      thresh= 1.000E-02 alpha_mix =  0.400 |ddv_scf|^2 =  5.338E-06

      iter #   2 total cpu time : 55974.7 secs   av.it.:  18.8
      thresh= 2.311E-04 alpha_mix =  0.400 |ddv_scf|^2 =  4.316E-05

      iter #   3 total cpu time : 56211.2 secs   av.it.:  16.2
      thresh= 6.569E-04 alpha_mix =  0.400 |ddv_scf|^2 =  3.888E-07

      iter #   4 total cpu time : 56446.7 secs   av.it.:  16.4
      thresh= 6.235E-05 alpha_mix =  0.400 |ddv_scf|^2 =  6.856E-10

      iter #   5 total cpu time : 56680.5 secs   av.it.:  16.9
      thresh= 2.618E-06 alpha_mix =  0.400 |ddv_scf|^2 =  9.072E-11

      iter #   6 total cpu time : 56924.9 secs   av.it.:  16.8
      thresh= 9.525E-07 alpha_mix =  0.400 |ddv_scf|^2 =  1.866E-11

      iter #   7 total cpu time : 57164.4 secs   av.it.:  16.2
      thresh= 4.320E-07 alpha_mix =  0.400 |ddv_scf|^2 =  1.370E-13

      iter #   8 total cpu time : 57433.2 secs   av.it.:  19.3
      thresh= 3.701E-08 alpha_mix =  0.400 |ddv_scf|^2 =  9.197E-15

     End of self-consistent calculation

     Convergence has been achieved 


     Representation #  15 mode #  15

     Self-consistent Calculation

      iter #   1 total cpu time : 57613.5 secs   av.it.:   9.6
      thresh= 1.000E-02 alpha_mix =  0.400 |ddv_scf|^2 =  1.309E-05

      iter #   2 total cpu time : 57880.2 secs   av.it.:  18.7
      thresh= 3.618E-04 alpha_mix =  0.400 |ddv_scf|^2 =  6.824E-05

      iter #   3 total cpu time : 58123.6 secs   av.it.:  16.5
      thresh= 8.261E-04 alpha_mix =  0.400 |ddv_scf|^2 =  3.841E-06

      iter #   4 total cpu time : 58362.2 secs   av.it.:  16.3
      thresh= 1.960E-04 alpha_mix =  0.400 |ddv_scf|^2 =  1.795E-08

      iter #   5 total cpu time : 58611.7 secs   av.it.:  17.0
      thresh= 1.340E-05 alpha_mix =  0.400 |ddv_scf|^2 =  9.060E-11

      iter #   6 total cpu time : 58866.5 secs   av.it.:  17.6
      thresh= 9.518E-07 alpha_mix =  0.400 |ddv_scf|^2 =  1.876E-11

      iter #   7 total cpu time : 59118.2 secs   av.it.:  17.9
      thresh= 4.331E-07 alpha_mix =  0.400 |ddv_scf|^2 =  5.717E-13

      iter #   8 total cpu time : 59375.1 secs   av.it.:  18.2
      thresh= 7.561E-08 alpha_mix =  0.400 |ddv_scf|^2 =  8.443E-14

      iter #   9 total cpu time : 59628.5 secs   av.it.:  17.5
      thresh= 2.906E-08 alpha_mix =  0.400 |ddv_scf|^2 =  6.180E-15

     End of self-consistent calculation

     Convergence has been achieved 


     Representation #  16 mode #  16

     Self-consistent Calculation

      iter #   1 total cpu time : 59777.5 secs   av.it.:   7.4
      thresh= 1.000E-02 alpha_mix =  0.400 |ddv_scf|^2 =  9.014E-05

      iter #   2 total cpu time : 60040.8 secs   av.it.:  18.1
      thresh= 9.494E-04 alpha_mix =  0.400 |ddv_scf|^2 =  1.046E-02

      iter #   3 total cpu time : 60233.9 secs   av.it.:  12.5
      thresh= 1.000E-02 alpha_mix =  0.400 |ddv_scf|^2 =  1.688E-06

      iter #   4 total cpu time : 60454.2 secs   av.it.:  14.9
      thresh= 1.299E-04 alpha_mix =  0.400 |ddv_scf|^2 =  1.970E-07

      iter #   5 total cpu time : 60659.4 secs   av.it.:  13.6
      thresh= 4.439E-05 alpha_mix =  0.400 |ddv_scf|^2 =  9.941E-09

      iter #   6 total cpu time : 60874.5 secs   av.it.:  14.2
      thresh= 9.970E-06 alpha_mix =  0.400 |ddv_scf|^2 =  9.119E-11

      iter #   7 total cpu time : 61083.8 secs   av.it.:  14.5
      thresh= 9.549E-07 alpha_mix =  0.400 |ddv_scf|^2 =  4.803E-11

      iter #   8 total cpu time : 61305.2 secs   av.it.:  14.7
      thresh= 6.930E-07 alpha_mix =  0.400 |ddv_scf|^2 =  3.757E-13

      iter #   9 total cpu time : 61529.5 secs   av.it.:  15.6
      thresh= 6.129E-08 alpha_mix =  0.400 |ddv_scf|^2 =  1.094E-13

      iter #  10 total cpu time : 61744.8 secs   av.it.:  14.6
      thresh= 3.308E-08 alpha_mix =  0.400 |ddv_scf|^2 =  2.785E-15

     End of self-consistent calculation

     Convergence has been achieved 


     Representation #  17 mode #  17

     Self-consistent Calculation

      iter #   1 total cpu time : 61934.2 secs   av.it.:  10.6
      thresh= 1.000E-02 alpha_mix =  0.400 |ddv_scf|^2 =  1.161E-03

      iter #   2 total cpu time : 62197.3 secs   av.it.:  18.1
      thresh= 3.407E-03 alpha_mix =  0.400 |ddv_scf|^2 =  1.303E-01

      iter #   3 total cpu time : 62428.1 secs   av.it.:  15.5
      thresh= 1.000E-02 alpha_mix =  0.400 |ddv_scf|^2 =  9.564E-05

      iter #   4 total cpu time : 62635.7 secs   av.it.:  14.1
      thresh= 9.779E-04 alpha_mix =  0.400 |ddv_scf|^2 =  2.240E-05

      iter #   5 total cpu time : 62835.7 secs   av.it.:  13.0
      thresh= 4.733E-04 alpha_mix =  0.400 |ddv_scf|^2 =  2.575E-09

      iter #   6 total cpu time : 63085.3 secs   av.it.:  16.7
      thresh= 5.075E-06 alpha_mix =  0.400 |ddv_scf|^2 =  8.062E-10

      iter #   7 total cpu time : 63307.5 secs   av.it.:  15.1
      thresh= 2.839E-06 alpha_mix =  0.400 |ddv_scf|^2 =  3.696E-11

      iter #   8 total cpu time : 63533.6 secs   av.it.:  15.3
      thresh= 6.079E-07 alpha_mix =  0.400 |ddv_scf|^2 =  1.662E-11

      iter #   9 total cpu time : 63735.1 secs   av.it.:  14.0
      thresh= 4.077E-07 alpha_mix =  0.400 |ddv_scf|^2 =  1.819E-13

      iter #  10 total cpu time : 63955.3 secs   av.it.:  15.6
      thresh= 4.265E-08 alpha_mix =  0.400 |ddv_scf|^2 =  1.706E-14

      iter #  11 total cpu time : 64179.9 secs   av.it.:  15.1
      thresh= 1.306E-08 alpha_mix =  0.400 |ddv_scf|^2 =  5.201E-15

     End of self-consistent calculation

     Convergence has been achieved 


     Representation #  18 mode #  18

     Self-consistent Calculation

      iter #   1 total cpu time : 64391.9 secs   av.it.:  12.5
      thresh= 1.000E-02 alpha_mix =  0.400 |ddv_scf|^2 =  3.058E-03

      iter #   2 total cpu time : 64654.0 secs   av.it.:  18.1
      thresh= 5.530E-03 alpha_mix =  0.400 |ddv_scf|^2 =  3.458E-01

      iter #   3 total cpu time : 64893.3 secs   av.it.:  16.6
      thresh= 1.000E-02 alpha_mix =  0.400 |ddv_scf|^2 =  1.867E-04

      iter #   4 total cpu time : 65104.0 secs   av.it.:  14.3
      thresh= 1.366E-03 alpha_mix =  0.400 |ddv_scf|^2 =  5.858E-05

      iter #   5 total cpu time : 65305.4 secs   av.it.:  13.1
      thresh= 7.654E-04 alpha_mix =  0.400 |ddv_scf|^2 =  6.986E-08

      iter #   6 total cpu time : 65535.3 secs   av.it.:  15.7
      thresh= 2.643E-05 alpha_mix =  0.400 |ddv_scf|^2 =  7.539E-10

      iter #   7 total cpu time : 65788.3 secs   av.it.:  17.1
      thresh= 2.746E-06 alpha_mix =  0.400 |ddv_scf|^2 =  2.107E-10

      iter #   8 total cpu time : 66017.4 secs   av.it.:  15.7
      thresh= 1.452E-06 alpha_mix =  0.400 |ddv_scf|^2 =  1.075E-12

      iter #   9 total cpu time : 66280.9 secs   av.it.:  18.2
      thresh= 1.037E-07 alpha_mix =  0.400 |ddv_scf|^2 =  1.326E-12

      iter #  10 total cpu time : 66505.5 secs   av.it.:  15.1
      thresh= 1.152E-07 alpha_mix =  0.400 |ddv_scf|^2 =  1.209E-13

      iter #  11 total cpu time : 66727.6 secs   av.it.:  15.0
      thresh= 3.477E-08 alpha_mix =  0.400 |ddv_scf|^2 =  3.875E-15

     End of self-consistent calculation

     Convergence has been achieved 

     Number of q in the star =    3
     List of q in the star:
          1   0.000000000  -0.577350269   0.000000000
          2   0.500000000   0.288675135   0.000000000
          3  -0.500000000   0.288675135   0.000000000

     Diagonalizing the dynamical matrix

     q = (    0.000000000  -0.577350269   0.000000000 ) 

 **************************************************************************
     freq (    1) =      -1.563620 [THz] =     -52.156735 [cm-1]
     freq (    2) =      -1.125420 [THz] =     -37.539971 [cm-1]
     freq (    3) =      -0.634525 [THz] =     -21.165476 [cm-1]
     freq (    4) =       1.557770 [THz] =      51.961624 [cm-1]
     freq (    5) =       2.293776 [THz] =      76.512120 [cm-1]
     freq (    6) =       2.379108 [THz] =      79.358515 [cm-1]
     freq (    7) =       2.608775 [THz] =      87.019374 [cm-1]
     freq (    8) =       2.991269 [THz] =      99.777983 [cm-1]
     freq (    9) =       3.521035 [THz] =     117.449084 [cm-1]
     freq (   10) =       3.759546 [THz] =     125.404969 [cm-1]
     freq (   11) =       4.750943 [THz] =     158.474399 [cm-1]
     freq (   12) =       5.224226 [THz] =     174.261414 [cm-1]
     freq (   13) =       7.237359 [THz] =     241.412326 [cm-1]
     freq (   14) =       7.993923 [THz] =     266.648569 [cm-1]
     freq (   15) =       8.689753 [THz] =     289.858975 [cm-1]
     freq (   16) =       9.079702 [THz] =     302.866242 [cm-1]
     freq (   17) =      12.301496 [THz] =     410.333751 [cm-1]
     freq (   18) =      12.540312 [THz] =     418.299770 [cm-1]
 **************************************************************************

     Mode symmetry, D_2h (mmm)  point group:

     freq (   1-   1) =        -52.2  [cm-1]   --> B_2g               
     freq (   2-   2) =        -37.5  [cm-1]   --> B_3g               
     freq (   3-   3) =        -21.2  [cm-1]   --> B_1u               
     freq (   4-   4) =         52.0  [cm-1]   --> A_g                
     freq (   5-   5) =         76.5  [cm-1]   --> B_2u               
     freq (   6-   6) =         79.4  [cm-1]   --> B_1u               
     freq (   7-   7) =         87.0  [cm-1]   --> B_1g               
     freq (   8-   8) =         99.8  [cm-1]   --> B_1g               
     freq (   9-   9) =        117.4  [cm-1]   --> B_3u               
     freq (  10-  10) =        125.4  [cm-1]   --> B_2u               
     freq (  11-  11) =        158.5  [cm-1]   --> B_3u               
     freq (  12-  12) =        174.3  [cm-1]   --> A_g                
     freq (  13-  13) =        241.4  [cm-1]   --> B_1g               
     freq (  14-  14) =        266.6  [cm-1]   --> B_3u               
     freq (  15-  15) =        289.9  [cm-1]   --> A_g                
     freq (  16-  16) =        302.9  [cm-1]   --> B_2u               
     freq (  17-  17) =        410.3  [cm-1]   --> B_2g               
     freq (  18-  18) =        418.3  [cm-1]   --> B_1u               

     Gaussian Broadening:   0.005 Ry, ngauss=   0
     DOS = 42.690112 states/spin/Ry/Unit Cell at Ef= 17.100257 eV
     double delta at Ef =**********
     lambda(    1)= -0.0354   gamma=    3.52 GHz
     lambda(    2)= -0.1911   gamma=    9.87 GHz
     lambda(    3)= -0.2064   gamma=    3.39 GHz
     lambda(    4)=  4.0832   gamma=  403.93 GHz
     lambda(    5)=  0.1364   gamma=   29.26 GHz
     lambda(    6)=  0.0090   gamma=    2.08 GHz
     lambda(    7)=  0.0765   gamma=   21.21 GHz
     lambda(    8)=  0.0175   gamma=    6.38 GHz
     lambda(    9)=  0.0176   gamma=    8.90 GHz
     lambda(   10)=  0.0410   gamma=   23.64 GHz
     lambda(   11)=  0.0190   gamma=   17.44 GHz
     lambda(   12)=  0.0378   gamma=   42.09 GHz
     lambda(   13)=  0.0043   gamma=    9.25 GHz
     lambda(   14)=  0.0356   gamma=   92.76 GHz
     lambda(   15)=  0.0143   gamma=   43.95 GHz
     lambda(   16)=  0.0048   gamma=   16.09 GHz
     lambda(   17)=  0.0042   gamma=   26.20 GHz
     lambda(   18)=  0.0032   gamma=   20.23 GHz

     Gaussian Broadening:   0.010 Ry, ngauss=   0
     DOS = 40.898055 states/spin/Ry/Unit Cell at Ef= 17.094773 eV
     double delta at Ef =**********
     lambda(    1)= -0.0325   gamma=    3.11 GHz
     lambda(    2)= -0.2046   gamma=   10.12 GHz
     lambda(    3)= -0.2312   gamma=    3.64 GHz
     lambda(    4)=  2.5107   gamma=  237.94 GHz
     lambda(    5)=  0.1844   gamma=   37.89 GHz
     lambda(    6)=  0.0160   gamma=    3.53 GHz
     lambda(    7)=  0.0912   gamma=   24.25 GHz
     lambda(    8)=  0.0184   gamma=    6.42 GHz
     lambda(    9)=  0.0151   gamma=    7.32 GHz
     lambda(   10)=  0.0427   gamma=   23.59 GHz
     lambda(   11)=  0.0230   gamma=   20.24 GHz
     lambda(   12)=  0.0270   gamma=   28.74 GHz
     lambda(   13)=  0.0062   gamma=   12.76 GHz
     lambda(   14)=  0.0306   gamma=   76.32 GHz
     lambda(   15)=  0.0169   gamma=   49.79 GHz
     lambda(   16)=  0.0085   gamma=   27.52 GHz
     lambda(   17)=  0.0044   gamma=   26.07 GHz
     lambda(   18)=  0.0043   gamma=   26.59 GHz

     Gaussian Broadening:   0.015 Ry, ngauss=   0
     DOS = 40.348587 states/spin/Ry/Unit Cell at Ef= 17.092627 eV
     double delta at Ef =**********
     lambda(    1)= -0.0291   gamma=    2.74 GHz
     lambda(    2)= -0.2010   gamma=    9.81 GHz
     lambda(    3)= -0.2266   gamma=    3.52 GHz
     lambda(    4)=  1.7353   gamma=  162.25 GHz
     lambda(    5)=  0.1793   gamma=   36.35 GHz
     lambda(    6)=  0.0164   gamma=    3.58 GHz
     lambda(    7)=  0.1016   gamma=   26.65 GHz
     lambda(    8)=  0.0175   gamma=    6.05 GHz
     lambda(    9)=  0.0133   gamma=    6.35 GHz
     lambda(   10)=  0.0403   gamma=   21.94 GHz
     lambda(   11)=  0.0216   gamma=   18.77 GHz
     lambda(   12)=  0.0230   gamma=   24.19 GHz
     lambda(   13)=  0.0073   gamma=   14.64 GHz
     lambda(   14)=  0.0286   gamma=   70.42 GHz
     lambda(   15)=  0.0250   gamma=   72.66 GHz
     lambda(   16)=  0.0146   gamma=   46.34 GHz
     lambda(   17)=  0.0042   gamma=   24.27 GHz
     lambda(   18)=  0.0045   gamma=   27.44 GHz

     Gaussian Broadening:   0.020 Ry, ngauss=   0
     DOS = 39.347193 states/spin/Ry/Unit Cell at Ef= 17.089001 eV
     double delta at Ef =**********
     lambda(    1)= -0.0286   gamma=    2.63 GHz
     lambda(    2)= -0.2064   gamma=    9.82 GHz
     lambda(    3)= -0.2303   gamma=    3.48 GHz
     lambda(    4)=  1.3360   gamma=  121.81 GHz
     lambda(    5)=  0.1624   gamma=   32.10 GHz
     lambda(    6)=  0.0157   gamma=    3.33 GHz
     lambda(    7)=  0.1107   gamma=   28.32 GHz
     lambda(    8)=  0.0168   gamma=    5.66 GHz
     lambda(    9)=  0.0123   gamma=    5.71 GHz
     lambda(   10)=  0.0369   gamma=   19.61 GHz
     lambda(   11)=  0.0200   gamma=   16.97 GHz
     lambda(   12)=  0.0210   gamma=   21.58 GHz
     lambda(   13)=  0.0079   gamma=   15.60 GHz
     lambda(   14)=  0.0287   gamma=   68.83 GHz
     lambda(   15)=  0.0299   gamma=   84.81 GHz
     lambda(   16)=  0.0193   gamma=   59.94 GHz
     lambda(   17)=  0.0041   gamma=   23.07 GHz
     lambda(   18)=  0.0047   gamma=   27.61 GHz

     Gaussian Broadening:   0.025 Ry, ngauss=   0
     DOS = 38.402598 states/spin/Ry/Unit Cell at Ef= 17.084775 eV
     double delta at Ef =**********
     lambda(    1)= -0.0296   gamma=    2.66 GHz
     lambda(    2)= -0.2146   gamma=    9.97 GHz
     lambda(    3)= -0.2417   gamma=    3.57 GHz
     lambda(    4)=  1.0923   gamma=   97.20 GHz
     lambda(    5)=  0.1470   gamma=   28.37 GHz
     lambda(    6)=  0.0152   gamma=    3.15 GHz
     lambda(    7)=  0.1189   gamma=   29.68 GHz
     lambda(    8)=  0.0164   gamma=    5.38 GHz
     lambda(    9)=  0.0119   gamma=    5.41 GHz
     lambda(   10)=  0.0339   gamma=   17.59 GHz
     lambda(   11)=  0.0190   gamma=   15.76 GHz
     lambda(   12)=  0.0196   gamma=   19.60 GHz
     lambda(   13)=  0.0085   gamma=   16.33 GHz
     lambda(   14)=  0.0290   gamma=   68.03 GHz
     lambda(   15)=  0.0320   gamma=   88.55 GHz
     lambda(   16)=  0.0222   gamma=   67.16 GHz
     lambda(   17)=  0.0041   gamma=   22.73 GHz
     lambda(   18)=  0.0049   gamma=   28.12 GHz

     Gaussian Broadening:   0.030 Ry, ngauss=   0
     DOS = 37.652830 states/spin/Ry/Unit Cell at Ef= 17.081439 eV
     double delta at Ef =**********
     lambda(    1)= -0.0312   gamma=    2.74 GHz
     lambda(    2)= -0.2227   gamma=   10.14 GHz
     lambda(    3)= -0.2587   gamma=    3.75 GHz
     lambda(    4)=  0.9285   gamma=   81.01 GHz
     lambda(    5)=  0.1344   gamma=   25.42 GHz
     lambda(    6)=  0.0150   gamma=    3.05 GHz
     lambda(    7)=  0.1256   gamma=   30.73 GHz
     lambda(    8)=  0.0161   gamma=    5.18 GHz
     lambda(    9)=  0.0119   gamma=    5.32 GHz
     lambda(   10)=  0.0314   gamma=   15.98 GHz
     lambda(   11)=  0.0186   gamma=   15.07 GHz
     lambda(   12)=  0.0184   gamma=   18.04 GHz
     lambda(   13)=  0.0090   gamma=   17.01 GHz
     lambda(   14)=  0.0291   gamma=   66.76 GHz
     lambda(   15)=  0.0325   gamma=   88.22 GHz
     lambda(   16)=  0.0236   gamma=   69.96 GHz
     lambda(   17)=  0.0042   gamma=   23.08 GHz
     lambda(   18)=  0.0051   gamma=   29.07 GHz

     Gaussian Broadening:   0.035 Ry, ngauss=   0
     DOS = 37.088002 states/spin/Ry/Unit Cell at Ef= 17.080005 eV
     double delta at Ef =**********
     lambda(    1)= -0.0328   gamma=    2.84 GHz
     lambda(    2)= -0.2301   gamma=   10.32 GHz
     lambda(    3)= -0.2777   gamma=    3.96 GHz
     lambda(    4)=  0.8097   gamma=   69.59 GHz
     lambda(    5)=  0.1240   gamma=   23.11 GHz
     lambda(    6)=  0.0149   gamma=    2.99 GHz
     lambda(    7)=  0.1301   gamma=   31.35 GHz
     lambda(    8)=  0.0159   gamma=    5.04 GHz
     lambda(    9)=  0.0121   gamma=    5.33 GHz
     lambda(   10)=  0.0294   gamma=   14.71 GHz
     lambda(   11)=  0.0184   gamma=   14.68 GHz
     lambda(   12)=  0.0174   gamma=   16.78 GHz
     lambda(   13)=  0.0095   gamma=   17.62 GHz
     lambda(   14)=  0.0287   gamma=   65.05 GHz
     lambda(   15)=  0.0320   gamma=   85.58 GHz
     lambda(   16)=  0.0241   gamma=   70.38 GHz
     lambda(   17)=  0.0044   gamma=   23.76 GHz
     lambda(   18)=  0.0054   gamma=   30.20 GHz

     Gaussian Broadening:   0.040 Ry, ngauss=   0
     DOS = 36.626932 states/spin/Ry/Unit Cell at Ef= 17.080768 eV
     double delta at Ef =**********
     lambda(    1)= -0.0345   gamma=    2.95 GHz
     lambda(    2)= -0.2364   gamma=   10.47 GHz
     lambda(    3)= -0.2961   gamma=    4.17 GHz
     lambda(    4)=  0.7194   gamma=   61.06 GHz
     lambda(    5)=  0.1155   gamma=   21.25 GHz
     lambda(    6)=  0.0149   gamma=    2.95 GHz
     lambda(    7)=  0.1326   gamma=   31.56 GHz
     lambda(    8)=  0.0157   gamma=    4.92 GHz
     lambda(    9)=  0.0124   gamma=    5.36 GHz
     lambda(   10)=  0.0277   gamma=   13.69 GHz
     lambda(   11)=  0.0183   gamma=   14.43 GHz
     lambda(   12)=  0.0165   gamma=   15.71 GHz
     lambda(   13)=  0.0099   gamma=   18.14 GHz
     lambda(   14)=  0.0282   gamma=   63.13 GHz
     lambda(   15)=  0.0310   gamma=   81.79 GHz
     lambda(   16)=  0.0242   gamma=   69.70 GHz
     lambda(   17)=  0.0046   gamma=   24.52 GHz
     lambda(   18)=  0.0057   gamma=   31.26 GHz

     Gaussian Broadening:   0.045 Ry, ngauss=   0
     DOS = 36.205163 states/spin/Ry/Unit Cell at Ef= 17.083492 eV
     double delta at Ef =**********
     lambda(    1)= -0.0360   gamma=    3.05 GHz
     lambda(    2)= -0.2420   gamma=   10.60 GHz
     lambda(    3)= -0.3133   gamma=    4.36 GHz
     lambda(    4)=  0.6486   gamma=   54.42 GHz
     lambda(    5)=  0.1085   gamma=   19.74 GHz
     lambda(    6)=  0.0149   gamma=    2.92 GHz
     lambda(    7)=  0.1336   gamma=   31.43 GHz
     lambda(    8)=  0.0156   gamma=    4.81 GHz
     lambda(    9)=  0.0126   gamma=    5.40 GHz
     lambda(   10)=  0.0263   gamma=   12.87 GHz
     lambda(   11)=  0.0182   gamma=   14.22 GHz
     lambda(   12)=  0.0157   gamma=   14.79 GHz
     lambda(   13)=  0.0103   gamma=   18.58 GHz
     lambda(   14)=  0.0277   gamma=   61.15 GHz
     lambda(   15)=  0.0297   gamma=   77.66 GHz
     lambda(   16)=  0.0241   gamma=   68.59 GHz
     lambda(   17)=  0.0048   gamma=   25.22 GHz
     lambda(   18)=  0.0059   gamma=   32.14 GHz

     Gaussian Broadening:   0.050 Ry, ngauss=   0
     DOS = 35.783438 states/spin/Ry/Unit Cell at Ef= 17.087765 eV
     double delta at Ef =**********
     lambda(    1)= -0.0375   gamma=    3.13 GHz
     lambda(    2)= -0.2470   gamma=   10.69 GHz
     lambda(    3)= -0.3300   gamma=    4.54 GHz
     lambda(    4)=  0.5921   gamma=   49.10 GHz
     lambda(    5)=  0.1028   gamma=   18.48 GHz
     lambda(    6)=  0.0150   gamma=    2.90 GHz
     lambda(    7)=  0.1336   gamma=   31.06 GHz
     lambda(    8)=  0.0155   gamma=    4.73 GHz
     lambda(    9)=  0.0128   gamma=    5.42 GHz
     lambda(   10)=  0.0253   gamma=   12.21 GHz
     lambda(   11)=  0.0182   gamma=   14.02 GHz
     lambda(   12)=  0.0150   gamma=   14.00 GHz
     lambda(   13)=  0.0106   gamma=   18.96 GHz
     lambda(   14)=  0.0271   gamma=   59.17 GHz
     lambda(   15)=  0.0285   gamma=   73.65 GHz
     lambda(   16)=  0.0239   gamma=   67.32 GHz
     lambda(   17)=  0.0050   gamma=   25.79 GHz
     lambda(   18)=  0.0061   gamma=   32.79 GHz

     Calculation of q =    0.0000000  -0.5773503  -0.7463912

     Parallelization info
     --------------------
     sticks:   dense  smooth     PW     G-vecs:    dense   smooth      PW
     Min         462     462    143                13280    13280    2315
     Max         464     464    144                13281    13281    2318
     Sum        2779    2779    859                79681    79681   13901

     Using Slab Decomposition


     Title: 
     LaOs3Si2 DFPT electron-phonon (Os-kagome flat-band-at-E_F winner; does flat


     bravais-lattice index     =            4
     lattice parameter (alat)  =      10.5991  a.u.
     unit-cell volume          =     690.7821 (a.u.)^3
     number of atoms/cell      =            6
     number of atomic types    =            3
     number of electrons       =        67.00
     number of Kohn-Sham states=           41
     kinetic-energy cutoff     =      90.0000  Ry
     charge density cutoff     =     360.0000  Ry
     Exchange-correlation= PBE
                           (   1   4   3   4   0   0   0)

     celldm(1)=  10.599100  celldm(2)=   0.000000  celldm(3)=   0.669890
     celldm(4)=   0.000000  celldm(5)=   0.000000  celldm(6)=   0.000000

     crystal axes: (cart. coord. in units of alat)
               a(1) = (   1.000000   0.000000   0.000000 )  
               a(2) = (  -0.500000   0.866025   0.000000 )  
               a(3) = (   0.000000   0.000000   0.669890 )  

     reciprocal axes: (cart. coord. in units 2 pi/alat)
               b(1) = (  1.000000  0.577350 -0.000000 )  
               b(2) = (  0.000000  1.154701  0.000000 )  
               b(3) = (  0.000000 -0.000000  1.492782 )  


     PseudoPot. # 1 for La read from file:
     ./pseudo/La_ONCV_PBE_sr.upf
     MD5 check sum: a50acaeba93a6b852b3e187ea6859932
     Pseudo is Norm-conserving, Zval = 11.0
     Generated using ONCVPSP code by D. R. Hamann
     Using radial grid of  602 points,  8 beta functions with: 
                l(1) =   0
                l(2) =   0
                l(3) =   1
                l(4) =   1
                l(5) =   2
                l(6) =   2
                l(7) =   3
                l(8) =   3

     PseudoPot. # 2 for Os read from file:
     ./pseudo/Os_ONCV_PBE_sr.upf
     MD5 check sum: 95cd203db9fc26cc83e0e7c2505c7528
     Pseudo is Norm-conserving, Zval = 16.0
     Generated using ONCVPSP code by D. R. Hamann
     Using radial grid of  602 points,  8 beta functions with: 
                l(1) =   0
                l(2) =   0
                l(3) =   1
                l(4) =   1
                l(5) =   2
                l(6) =   2
                l(7) =   3
                l(8) =   3

     PseudoPot. # 3 for Si read from file:
     ./pseudo/Si_ONCV_PBE_sr.upf
     MD5 check sum: 7f029a58b69e3aa87b46a36c608bf45e
     Pseudo is Norm-conserving, Zval =  4.0
     Generated using ONCVPSP code by D. R. Hamann
     Using radial grid of  602 points,  4 beta functions with: 
                l(1) =   0
                l(2) =   0
                l(3) =   1
                l(4) =   1

     atomic species   valence    mass     pseudopotential
     La               11.00   138.90500     La( 1.00)
     Os               16.00   190.23000     Os( 1.00)
     Si                4.00    28.08550     Si( 1.00)

     24 Sym. Ops., with inversion, found



   Cartesian axes

     site n.     atom                  positions (alat units)
         1        La     tau(   1) = (   0.0000000   0.0000000   0.0000000  )
         2        Os     tau(   2) = (   0.5000000   0.0000000   0.3349450  )
         3        Os     tau(   3) = (  -0.2500000   0.4330127   0.3349450  )
         4        Os     tau(   4) = (   0.2500000   0.4330127   0.3349450  )
         5        Si     tau(   5) = (  -0.0000005   0.5773506   0.0000000  )
         6        Si     tau(   6) = (   0.5000005   0.2886748   0.0000000  )

     number of k points=  1314  Methfessel-Paxton smearing, width (Ry)=  0.0200

     Number of k-points >= 100: set verbosity='high' to print them.

     Dense  grid:    79681 G-vectors     FFT dimensions: (  72,  72,  45)

     Estimated max dynamical RAM per process >      31.09 MB

     Estimated total dynamical RAM >     186.54 MB

     The potential is recalculated from file :
     ./out/_ph0/laos3si2.q_4/laos3si2.save/charge-density

     Starting wfcs are    0 atomic +   41 random wfcs

     Band Structure Calculation
     Davidson diagonalization with overlap
     c_bands:  1 eigenvalues not converged
     c_bands:  1 eigenvalues not converged
     c_bands:  1 eigenvalues not converged
     c_bands:  1 eigenvalues not converged
     c_bands:  1 eigenvalues not converged
     c_bands:  1 eigenvalues not converged
     c_bands:  1 eigenvalues not converged
     c_bands:  1 eigenvalues not converged
     c_bands:  1 eigenvalues not converged
     c_bands:  1 eigenvalues not converged
     c_bands:  1 eigenvalues not converged
     c_bands:  1 eigenvalues not converged
     c_bands:  1 eigenvalues not converged
     c_bands:  1 eigenvalues not converged
     c_bands:  1 eigenvalues not converged
     c_bands:  1 eigenvalues not converged
     c_bands:  1 eigenvalues not converged
     c_bands:  1 eigenvalues not converged
     c_bands:  1 eigenvalues not converged
     c_bands:  1 eigenvalues not converged
     c_bands:  1 eigenvalues not converged
     c_bands:  1 eigenvalues not converged
     c_bands:  1 eigenvalues not converged
     c_bands:  1 eigenvalues not converged
     c_bands:  1 eigenvalues not converged
     c_bands:  1 eigenvalues not converged
     c_bands:  1 eigenvalues not converged
     c_bands:  1 eigenvalues not converged
     c_bands:  1 eigenvalues not converged
     c_bands:  1 eigenvalues not converged
     c_bands:  1 eigenvalues not converged
     c_bands:  1 eigenvalues not converged
     c_bands:  1 eigenvalues not converged
     c_bands:  1 eigenvalues not converged
     c_bands:  1 eigenvalues not converged
     c_bands:  1 eigenvalues not converged
     c_bands:  1 eigenvalues not converged
     c_bands:  1 eigenvalues not converged
     c_bands:  1 eigenvalues not converged
     c_bands:  1 eigenvalues not converged
     c_bands:  1 eigenvalues not converged
     c_bands:  1 eigenvalues not converged
     c_bands:  1 eigenvalues not converged
     c_bands:  1 eigenvalues not converged
     c_bands:  1 eigenvalues not converged
     c_bands:  1 eigenvalues not converged
     c_bands:  1 eigenvalues not converged
     c_bands:  1 eigenvalues not converged
     c_bands:  1 eigenvalues not converged
     c_bands:  1 eigenvalues not converged
     c_bands:  1 eigenvalues not converged
     c_bands:  1 eigenvalues not converged
     c_bands:  1 eigenvalues not converged
     c_bands:  1 eigenvalues not converged
     c_bands:  1 eigenvalues not converged
     c_bands:  1 eigenvalues not converged
     c_bands:  1 eigenvalues not converged
     c_bands:  1 eigenvalues not converged
     c_bands:  1 eigenvalues not converged
     c_bands:  1 eigenvalues not converged
     c_bands:  1 eigenvalues not converged
     c_bands:  1 eigenvalues not converged
     c_bands:  1 eigenvalues not converged
     c_bands:  1 eigenvalues not converged
     c_bands:  1 eigenvalues not converged
     c_bands:  1 eigenvalues not converged
     c_bands:  1 eigenvalues not converged
     c_bands:  1 eigenvalues not converged
     c_bands:  1 eigenvalues not converged
     c_bands:  1 eigenvalues not converged
     c_bands:  1 eigenvalues not converged
     c_bands:  1 eigenvalues not converged
     c_bands:  1 eigenvalues not converged
     c_bands:  1 eigenvalues not converged
     c_bands:  1 eigenvalues not converged
     c_bands:  1 eigenvalues not converged
     c_bands:  1 eigenvalues not converged
     c_bands:  1 eigenvalues not converged
     c_bands:  1 eigenvalues not converged
     c_bands:  1 eigenvalues not converged
     c_bands:  1 eigenvalues not converged
     c_bands:  1 eigenvalues not converged
     c_bands:  1 eigenvalues not converged
     c_bands:  1 eigenvalues not converged
     c_bands:  1 eigenvalues not converged
     c_bands:  1 eigenvalues not converged
     c_bands:  1 eigenvalues not converged
     c_bands:  1 eigenvalues not converged
     c_bands:  1 eigenvalues not converged
     c_bands:  1 eigenvalues not converged
     c_bands:  1 eigenvalues not converged
     c_bands:  1 eigenvalues not converged
     c_bands:  1 eigenvalues not converged
     c_bands:  1 eigenvalues not converged
     c_bands:  1 eigenvalues not converged
     c_bands:  1 eigenvalues not converged
     c_bands:  1 eigenvalues not converged
     c_bands:  1 eigenvalues not converged
     c_bands:  1 eigenvalues not converged
     c_bands:  1 eigenvalues not converged
     c_bands:  1 eigenvalues not converged
     c_bands:  1 eigenvalues not converged
     c_bands:  1 eigenvalues not converged
     c_bands:  1 eigenvalues not converged
     c_bands:  1 eigenvalues not converged
     c_bands:  1 eigenvalues not converged
     c_bands:  1 eigenvalues not converged
     c_bands:  1 eigenvalues not converged
     c_bands:  1 eigenvalues not converged
     c_bands:  1 eigenvalues not converged
     c_bands:  1 eigenvalues not converged
     c_bands:  1 eigenvalues not converged
     c_bands:  1 eigenvalues not converged
     c_bands:  1 eigenvalues not converged
     c_bands:  1 eigenvalues not converged
     c_bands:  1 eigenvalues not converged
     c_bands:  1 eigenvalues not converged
     c_bands:  1 eigenvalues not converged
     c_bands:  1 eigenvalues not converged
     c_bands:  1 eigenvalues not converged
     c_bands:  1 eigenvalues not converged
     c_bands:  1 eigenvalues not converged
     c_bands:  1 eigenvalues not converged
     c_bands:  1 eigenvalues not converged
     c_bands:  1 eigenvalues not converged
     c_bands:  1 eigenvalues not converged
     c_bands:  1 eigenvalues not converged
     c_bands:  1 eigenvalues not converged
     c_bands:  1 eigenvalues not converged
     c_bands:  1 eigenvalues not converged
     c_bands:  1 eigenvalues not converged
     c_bands:  1 eigenvalues not converged
     c_bands:  1 eigenvalues not converged
     c_bands:  1 eigenvalues not converged
     c_bands:  1 eigenvalues not converged
     c_bands:  1 eigenvalues not converged
     c_bands:  1 eigenvalues not converged
     c_bands:  1 eigenvalues not converged
     c_bands:  1 eigenvalues not converged
     c_bands:  1 eigenvalues not converged
     c_bands:  1 eigenvalues not converged
     c_bands:  1 eigenvalues not converged
     c_bands:  1 eigenvalues not converged
     c_bands:  1 eigenvalues not converged
     c_bands:  1 eigenvalues not converged
     c_bands:  1 eigenvalues not converged
     c_bands:  1 eigenvalues not converged
     c_bands:  1 eigenvalues not converged
     c_bands:  1 eigenvalues not converged
     c_bands:  1 eigenvalues not converged
     c_bands:  1 eigenvalues not converged
     c_bands:  1 eigenvalues not converged

     ethr =  1.49E-11,  avg # of iterations = 70.4

     total cpu time spent up to now is     3368.0 secs

     End of band structure calculation

     Number of k-points >= 100: set verbosity='high' to print the bands.

     the Fermi energy is    17.0890 ev

     Writing config to output data dir ./out/_ph0/laos3si2.q_4/laos3si2.save/ :
     XML data file

     LaOs3Si2 DFPT electron-phonon (Os-kagome flat-band-at-E_F winner; does flat

     bravais-lattice index     =            4
     lattice parameter (alat)  =      10.5991  a.u.
     unit-cell volume          =     690.7821 (a.u.)^3
     number of atoms/cell      =            6
     number of atomic types    =            3
     kinetic-energy cut-off    =      90.0000  Ry
     charge density cut-off    =     360.0000  Ry
     convergence threshold     =      1.0E-14
     beta                      =       0.4000
     number of iterations used =            4
     Exchange-correlation= PBE
                           (   1   4   3   4   0   0   0)


     celldm(1)=   10.59910  celldm(2)=    0.00000  celldm(3)=    0.66989
     celldm(4)=    0.00000  celldm(5)=    0.00000  celldm(6)=    0.00000

     crystal axes: (cart. coord. in units of alat)
               a(1) = (  1.0000  0.0000  0.0000 )  
               a(2) = ( -0.5000  0.8660  0.0000 )  
               a(3) = (  0.0000  0.0000  0.6699 )  

     reciprocal axes: (cart. coord. in units 2 pi/alat)
               b(1) = (  1.0000  0.5774 -0.0000 )  
               b(2) = (  0.0000  1.1547  0.0000 )  
               b(3) = (  0.0000 -0.0000  1.4928 )  


     Atoms inside the unit cell: 

     Cartesian axes

     site n.  atom      mass           positions (alat units)
        1  La    138.9050   tau(    1) = (    0.00000    0.00000    0.00000  )
        2  Os    190.2300   tau(    2) = (    0.50000    0.00000    0.33494  )
        3  Os    190.2300   tau(    3) = (   -0.25000    0.43301    0.33494  )
        4  Os    190.2300   tau(    4) = (    0.25000    0.43301    0.33494  )
        5  Si     28.0855   tau(    5) = (   -0.00000    0.57735    0.00000  )
        6  Si     28.0855   tau(    6) = (    0.50000    0.28867    0.00000  )

     Computing dynamical matrix for 
                    q = (   0.0000000  -0.5773503  -0.7463912 )

      9 Sym.Ops. (with q -> -q+G )


     G cutoff = 1024.4264  (  13280 G-vectors)     FFT grid: ( 72, 72, 45)

     number of k points=  1314  Methfessel-Paxton smearing, width (Ry)=  0.0200

     PseudoPot. # 1 for La read from file:
     ./pseudo/La_ONCV_PBE_sr.upf
     MD5 check sum: a50acaeba93a6b852b3e187ea6859932
     Pseudo is Norm-conserving, Zval = 11.0
     Generated using ONCVPSP code by D. R. Hamann
     Using radial grid of  602 points,  8 beta functions with: 
                l(1) =   0
                l(2) =   0
                l(3) =   1
                l(4) =   1
                l(5) =   2
                l(6) =   2
                l(7) =   3
                l(8) =   3

     PseudoPot. # 2 for Os read from file:
     ./pseudo/Os_ONCV_PBE_sr.upf
     MD5 check sum: 95cd203db9fc26cc83e0e7c2505c7528
     Pseudo is Norm-conserving, Zval = 16.0
     Generated using ONCVPSP code by D. R. Hamann
     Using radial grid of  602 points,  8 beta functions with: 
                l(1) =   0
                l(2) =   0
                l(3) =   1
                l(4) =   1
                l(5) =   2
                l(6) =   2
                l(7) =   3
                l(8) =   3

     PseudoPot. # 3 for Si read from file:
     ./pseudo/Si_ONCV_PBE_sr.upf
     MD5 check sum: 7f029a58b69e3aa87b46a36c608bf45e
     Pseudo is Norm-conserving, Zval =  4.0
     Generated using ONCVPSP code by D. R. Hamann
     Using radial grid of  602 points,  4 beta functions with: 
                l(1) =   0
                l(2) =   0
                l(3) =   1
                l(4) =   1

     Mode symmetry, D_2h (mmm)  point group:


     Atomic displacements:
     There are   18 irreducible representations

     Representation     1      1 modes -  To be done

     Representation     2      1 modes -  To be done

     Representation     3      1 modes -  To be done

     Representation     4      1 modes -  To be done

     Representation     5      1 modes -  To be done

     Representation     6      1 modes -  To be done

     Representation     7      1 modes -  To be done

     Representation     8      1 modes -  To be done

     Representation     9      1 modes -  To be done

     Representation    10      1 modes -  To be done

     Representation    11      1 modes -  To be done

     Representation    12      1 modes -  To be done

     Representation    13      1 modes -  To be done

     Representation    14      1 modes -  To be done

     Representation    15      1 modes -  To be done

     Representation    16      1 modes -  To be done

     Representation    17      1 modes -  To be done

     Representation    18      1 modes -  To be done



     Alpha used in Ewald sum =   2.8000
     PHONON       :     18h 3m CPU     18h55m WALL



     Representation #   1 mode #   1

     Self-consistent Calculation

      iter #   1 total cpu time : 68333.8 secs   av.it.:  11.7
      thresh= 1.000E-02 alpha_mix =  0.400 |ddv_scf|^2 =  5.804E-05

      iter #   2 total cpu time : 68596.6 secs   av.it.:  17.9
      thresh= 7.619E-04 alpha_mix =  0.400 |ddv_scf|^2 =  5.255E-05

      iter #   3 total cpu time : 68836.9 secs   av.it.:  16.5
      thresh= 7.249E-04 alpha_mix =  0.400 |ddv_scf|^2 =  6.728E-08

      iter #   4 total cpu time : 69105.2 secs   av.it.:  18.4
      thresh= 2.594E-05 alpha_mix =  0.400 |ddv_scf|^2 =  8.310E-09

      iter #   5 total cpu time : 69364.3 secs   av.it.:  17.8
      thresh= 9.116E-06 alpha_mix =  0.400 |ddv_scf|^2 =  5.208E-10

      iter #   6 total cpu time : 69624.0 secs   av.it.:  18.4
      thresh= 2.282E-06 alpha_mix =  0.400 |ddv_scf|^2 =  1.901E-11

      iter #   7 total cpu time : 69874.1 secs   av.it.:  17.4
      thresh= 4.359E-07 alpha_mix =  0.400 |ddv_scf|^2 =  3.958E-12

      iter #   8 total cpu time : 70150.7 secs   av.it.:  18.5
      thresh= 1.989E-07 alpha_mix =  0.400 |ddv_scf|^2 =  1.294E-13

      iter #   9 total cpu time : 70425.2 secs   av.it.:  18.6
      thresh= 3.598E-08 alpha_mix =  0.400 |ddv_scf|^2 =  2.856E-14

      iter #  10 total cpu time : 70684.2 secs   av.it.:  17.6
      thresh= 1.690E-08 alpha_mix =  0.400 |ddv_scf|^2 =  3.911E-15

     End of self-consistent calculation

     Convergence has been achieved 


     Representation #   2 mode #   2

     Self-consistent Calculation

      iter #   1 total cpu time : 70839.9 secs   av.it.:   7.1
      thresh= 1.000E-02 alpha_mix =  0.400 |ddv_scf|^2 =  1.608E-06

      iter #   2 total cpu time : 71106.4 secs   av.it.:  17.8
      thresh= 1.268E-04 alpha_mix =  0.400 |ddv_scf|^2 =  1.396E-06

      iter #   3 total cpu time : 71358.6 secs   av.it.:  16.6
      thresh= 1.181E-04 alpha_mix =  0.400 |ddv_scf|^2 =  9.527E-10

      iter #   4 total cpu time : 71620.3 secs   av.it.:  17.7
      thresh= 3.087E-06 alpha_mix =  0.400 |ddv_scf|^2 =  1.577E-10

      iter #   5 total cpu time : 71866.0 secs   av.it.:  16.8
      thresh= 1.256E-06 alpha_mix =  0.400 |ddv_scf|^2 =  3.675E-11

      iter #   6 total cpu time : 72116.1 secs   av.it.:  16.9
      thresh= 6.062E-07 alpha_mix =  0.400 |ddv_scf|^2 =  1.255E-12

      iter #   7 total cpu time : 72374.3 secs   av.it.:  17.9
      thresh= 1.120E-07 alpha_mix =  0.400 |ddv_scf|^2 =  1.382E-13

      iter #   8 total cpu time : 72652.1 secs   av.it.:  19.1
      thresh= 3.717E-08 alpha_mix =  0.400 |ddv_scf|^2 =  9.157E-15

     End of self-consistent calculation

     Convergence has been achieved 


     Representation #   3 mode #   3

     Self-consistent Calculation

      iter #   1 total cpu time : 72786.6 secs   av.it.:   5.3
      thresh= 1.000E-02 alpha_mix =  0.400 |ddv_scf|^2 =  2.513E-08

      iter #   2 total cpu time : 73034.4 secs   av.it.:  17.1
      thresh= 1.585E-05 alpha_mix =  0.400 |ddv_scf|^2 =  2.332E-09

      iter #   3 total cpu time : 73292.2 secs   av.it.:  17.9
      thresh= 4.829E-06 alpha_mix =  0.400 |ddv_scf|^2 =  1.653E-10

      iter #   4 total cpu time : 73545.4 secs   av.it.:  17.4
      thresh= 1.286E-06 alpha_mix =  0.400 |ddv_scf|^2 =  3.626E-12

      iter #   5 total cpu time : 73825.9 secs   av.it.:  19.0
      thresh= 1.904E-07 alpha_mix =  0.400 |ddv_scf|^2 =  2.512E-13

      iter #   6 total cpu time : 74088.6 secs   av.it.:  18.1
      thresh= 5.012E-08 alpha_mix =  0.400 |ddv_scf|^2 =  1.088E-14

      iter #   7 total cpu time : 74362.7 secs   av.it.:  18.9
      thresh= 1.043E-08 alpha_mix =  0.400 |ddv_scf|^2 =  5.895E-16

     End of self-consistent calculation

     Convergence has been achieved 


     Representation #   4 mode #   4

     Self-consistent Calculation

      iter #   1 total cpu time : 74530.5 secs   av.it.:   8.0
      thresh= 1.000E-02 alpha_mix =  0.400 |ddv_scf|^2 =  2.452E-05

      iter #   2 total cpu time : 74804.2 secs   av.it.:  18.8
      thresh= 4.952E-04 alpha_mix =  0.400 |ddv_scf|^2 =  7.748E-04

      iter #   3 total cpu time : 75031.8 secs   av.it.:  14.8
      thresh= 2.784E-03 alpha_mix =  0.400 |ddv_scf|^2 =  5.692E-07

      iter #   4 total cpu time : 75267.1 secs   av.it.:  15.3
      thresh= 7.545E-05 alpha_mix =  0.400 |ddv_scf|^2 =  8.064E-10

      iter #   5 total cpu time : 75520.5 secs   av.it.:  17.1
      thresh= 2.840E-06 alpha_mix =  0.400 |ddv_scf|^2 =  4.561E-11

      iter #   6 total cpu time : 75751.4 secs   av.it.:  15.9
      thresh= 6.754E-07 alpha_mix =  0.400 |ddv_scf|^2 =  2.317E-11

      iter #   7 total cpu time : 75993.7 secs   av.it.:  16.3
      thresh= 4.814E-07 alpha_mix =  0.400 |ddv_scf|^2 =  5.530E-13

      iter #   8 total cpu time : 76249.9 secs   av.it.:  17.1
      thresh= 7.436E-08 alpha_mix =  0.400 |ddv_scf|^2 =  3.456E-15

     End of self-consistent calculation

     Convergence has been achieved 


     Representation #   5 mode #   5

     Self-consistent Calculation

      iter #   1 total cpu time : 76464.6 secs   av.it.:  11.7
      thresh= 1.000E-02 alpha_mix =  0.400 |ddv_scf|^2 =  1.532E-04

      iter #   2 total cpu time : 76743.9 secs   av.it.:  18.8
      thresh= 1.238E-03 alpha_mix =  0.400 |ddv_scf|^2 =  4.337E-03

      iter #   3 total cpu time : 76970.5 secs   av.it.:  14.9
      thresh= 6.586E-03 alpha_mix =  0.400 |ddv_scf|^2 =  1.773E-05

      iter #   4 total cpu time : 77196.4 secs   av.it.:  15.4
      thresh= 4.210E-04 alpha_mix =  0.400 |ddv_scf|^2 =  2.780E-07

      iter #   5 total cpu time : 77429.9 secs   av.it.:  16.2
      thresh= 5.272E-05 alpha_mix =  0.400 |ddv_scf|^2 =  1.004E-09

      iter #   6 total cpu time : 77680.0 secs   av.it.:  17.0
      thresh= 3.168E-06 alpha_mix =  0.400 |ddv_scf|^2 =  1.925E-10

      iter #   7 total cpu time : 77932.1 secs   av.it.:  16.8
      thresh= 1.387E-06 alpha_mix =  0.400 |ddv_scf|^2 =  6.895E-12

      iter #   8 total cpu time : 78192.6 secs   av.it.:  17.5
      thresh= 2.626E-07 alpha_mix =  0.400 |ddv_scf|^2 =  6.111E-14

      iter #   9 total cpu time : 78462.9 secs   av.it.:  18.2
      thresh= 2.472E-08 alpha_mix =  0.400 |ddv_scf|^2 =  3.983E-14

      iter #  10 total cpu time : 78726.4 secs   av.it.:  17.5
      thresh= 1.996E-08 alpha_mix =  0.400 |ddv_scf|^2 =  1.261E-15

     End of self-consistent calculation

     Convergence has been achieved 


     Representation #   6 mode #   6

     Self-consistent Calculation

      iter #   1 total cpu time : 78934.8 secs   av.it.:  10.9
      thresh= 1.000E-02 alpha_mix =  0.400 |ddv_scf|^2 =  1.664E-05

      iter #   2 total cpu time : 79212.4 secs   av.it.:  18.9
      thresh= 4.079E-04 alpha_mix =  0.400 |ddv_scf|^2 =  4.514E-05

      iter #   3 total cpu time : 79464.8 secs   av.it.:  17.1
      thresh= 6.719E-04 alpha_mix =  0.400 |ddv_scf|^2 =  6.184E-06

      iter #   4 total cpu time : 79716.4 secs   av.it.:  16.9
      thresh= 2.487E-04 alpha_mix =  0.400 |ddv_scf|^2 =  2.590E-08

      iter #   5 total cpu time : 79982.6 secs   av.it.:  18.0
      thresh= 1.609E-05 alpha_mix =  0.400 |ddv_scf|^2 =  1.174E-10

      iter #   6 total cpu time : 80241.7 secs   av.it.:  18.4
      thresh= 1.083E-06 alpha_mix =  0.400 |ddv_scf|^2 =  2.062E-11

      iter #   7 total cpu time : 80521.0 secs   av.it.:  19.3
      thresh= 4.540E-07 alpha_mix =  0.400 |ddv_scf|^2 =  7.226E-13

      iter #   8 total cpu time : 81599.1 secs   av.it.:  19.4
      thresh= 8.501E-08 alpha_mix =  0.400 |ddv_scf|^2 =  1.464E-14

      iter #   9 total cpu time : 83943.0 secs   av.it.:  18.7
      thresh= 1.210E-08 alpha_mix =  0.400 |ddv_scf|^2 =  4.347E-15

     End of self-consistent calculation

     Convergence has been achieved 


     Representation #   7 mode #   7

     Self-consistent Calculation

      iter #   1 total cpu time : 84474.0 secs   av.it.:   9.8
      thresh= 1.000E-02 alpha_mix =  0.400 |ddv_scf|^2 =  3.159E-06

      iter #   2 total cpu time : 84738.7 secs   av.it.:  17.5
      thresh= 1.777E-04 alpha_mix =  0.400 |ddv_scf|^2 =  1.003E-07

      iter #   3 total cpu time : 85004.2 secs   av.it.:  17.7
      thresh= 3.168E-05 alpha_mix =  0.400 |ddv_scf|^2 =  3.074E-09

      iter #   4 total cpu time : 85276.2 secs   av.it.:  18.5
      thresh= 5.545E-06 alpha_mix =  0.400 |ddv_scf|^2 =  1.659E-10

      iter #   5 total cpu time : 85555.5 secs   av.it.:  18.9
      thresh= 1.288E-06 alpha_mix =  0.400 |ddv_scf|^2 =  4.089E-12

      iter #   6 total cpu time : 85828.8 secs   av.it.:  18.4
      thresh= 2.022E-07 alpha_mix =  0.400 |ddv_scf|^2 =  1.830E-13

      iter #   7 total cpu time : 86096.9 secs   av.it.:  18.7
      thresh= 4.278E-08 alpha_mix =  0.400 |ddv_scf|^2 =  1.382E-14

      iter #   8 total cpu time : 86377.2 secs   av.it.:  19.6
      thresh= 1.175E-08 alpha_mix =  0.400 |ddv_scf|^2 =  3.646E-16

     End of self-consistent calculation

     Convergence has been achieved 


     Representation #   8 mode #   8

     Self-consistent Calculation

      iter #   1 total cpu time : 86568.2 secs   av.it.:   9.4
      thresh= 1.000E-02 alpha_mix =  0.400 |ddv_scf|^2 =  3.340E-06

      iter #   2 total cpu time : 86829.2 secs   av.it.:  17.5
      thresh= 1.827E-04 alpha_mix =  0.400 |ddv_scf|^2 =  9.346E-08

      iter #   3 total cpu time : 87089.9 secs   av.it.:  17.5
      thresh= 3.057E-05 alpha_mix =  0.400 |ddv_scf|^2 =  3.500E-09

      iter #   4 total cpu time : 87363.5 secs   av.it.:  18.7
      thresh= 5.916E-06 alpha_mix =  0.400 |ddv_scf|^2 =  1.449E-10

      iter #   5 total cpu time : 87632.0 secs   av.it.:  18.6
      thresh= 1.204E-06 alpha_mix =  0.400 |ddv_scf|^2 =  5.467E-12

      iter #   6 total cpu time : 87910.7 secs   av.it.:  18.8
      thresh= 2.338E-07 alpha_mix =  0.400 |ddv_scf|^2 =  1.947E-13

      iter #   7 total cpu time : 88168.4 secs   av.it.:  18.0
      thresh= 4.412E-08 alpha_mix =  0.400 |ddv_scf|^2 =  2.589E-14

      iter #   8 total cpu time : 88454.2 secs   av.it.:  19.3
      thresh= 1.609E-08 alpha_mix =  0.400 |ddv_scf|^2 =  3.825E-16

     End of self-consistent calculation

     Convergence has been achieved 


     Representation #   9 mode #   9

     Self-consistent Calculation

      iter #   1 total cpu time : 88648.4 secs   av.it.:   9.8
      thresh= 1.000E-02 alpha_mix =  0.400 |ddv_scf|^2 =  2.380E-05

      iter #   2 total cpu time : 88921.5 secs   av.it.:  18.7
      thresh= 4.878E-04 alpha_mix =  0.400 |ddv_scf|^2 =  1.865E-04

      iter #   3 total cpu time : 89160.1 secs   av.it.:  16.1
      thresh= 1.366E-03 alpha_mix =  0.400 |ddv_scf|^2 =  9.136E-06

      iter #   4 total cpu time : 89401.8 secs   av.it.:  16.2
      thresh= 3.023E-04 alpha_mix =  0.400 |ddv_scf|^2 =  4.881E-09

      iter #   5 total cpu time : 89660.6 secs   av.it.:  17.3
      thresh= 6.986E-06 alpha_mix =  0.400 |ddv_scf|^2 =  8.262E-10

      iter #   6 total cpu time : 89910.3 secs   av.it.:  16.5
      thresh= 2.874E-06 alpha_mix =  0.400 |ddv_scf|^2 =  6.026E-11

      iter #   7 total cpu time : 90178.7 secs   av.it.:  17.8
      thresh= 7.763E-07 alpha_mix =  0.400 |ddv_scf|^2 =  8.933E-12

      iter #   8 total cpu time : 90437.8 secs   av.it.:  17.0
      thresh= 2.989E-07 alpha_mix =  0.400 |ddv_scf|^2 =  3.013E-13

      iter #   9 total cpu time : 90705.3 secs   av.it.:  18.0
      thresh= 5.489E-08 alpha_mix =  0.400 |ddv_scf|^2 =  3.277E-14

      iter #  10 total cpu time : 90970.2 secs   av.it.:  17.6
      thresh= 1.810E-08 alpha_mix =  0.400 |ddv_scf|^2 =  2.549E-15

     End of self-consistent calculation

     Convergence has been achieved 


     Representation #  10 mode #  10

     Self-consistent Calculation

      iter #   1 total cpu time : 91140.1 secs   av.it.:   7.4
      thresh= 1.000E-02 alpha_mix =  0.400 |ddv_scf|^2 =  6.128E-06

      iter #   2 total cpu time : 91425.5 secs   av.it.:  18.8
      thresh= 2.475E-04 alpha_mix =  0.400 |ddv_scf|^2 =  8.086E-05

      iter #   3 total cpu time : 91667.2 secs   av.it.:  15.7
      thresh= 8.992E-04 alpha_mix =  0.400 |ddv_scf|^2 =  1.828E-07

      iter #   4 total cpu time : 91906.1 secs   av.it.:  16.0
      thresh= 4.275E-05 alpha_mix =  0.400 |ddv_scf|^2 =  1.885E-09

      iter #   5 total cpu time : 92156.5 secs   av.it.:  17.0
      thresh= 4.342E-06 alpha_mix =  0.400 |ddv_scf|^2 =  2.297E-10

      iter #   6 total cpu time : 92419.0 secs   av.it.:  17.3
      thresh= 1.515E-06 alpha_mix =  0.400 |ddv_scf|^2 =  1.992E-11

      iter #   7 total cpu time : 92675.2 secs   av.it.:  17.0
      thresh= 4.463E-07 alpha_mix =  0.400 |ddv_scf|^2 =  1.078E-11

      iter #   8 total cpu time : 92914.6 secs   av.it.:  16.9
      thresh= 3.284E-07 alpha_mix =  0.400 |ddv_scf|^2 =  7.643E-14

      iter #   9 total cpu time : 93149.2 secs   av.it.:  16.9
      thresh= 2.765E-08 alpha_mix =  0.400 |ddv_scf|^2 =  1.641E-14

      iter #  10 total cpu time : 93391.4 secs   av.it.:  17.5
      thresh= 1.281E-08 alpha_mix =  0.400 |ddv_scf|^2 =  2.659E-16

     End of self-consistent calculation

     Convergence has been achieved 


     Representation #  11 mode #  11

     Self-consistent Calculation

      iter #   1 total cpu time : 93598.3 secs   av.it.:  11.8
      thresh= 1.000E-02 alpha_mix =  0.400 |ddv_scf|^2 =  7.501E-05

      iter #   2 total cpu time : 93869.5 secs   av.it.:  18.8
      thresh= 8.661E-04 alpha_mix =  0.400 |ddv_scf|^2 =  5.577E-04

      iter #   3 total cpu time : 94109.3 secs   av.it.:  16.1
      thresh= 2.362E-03 alpha_mix =  0.400 |ddv_scf|^2 =  3.137E-05

      iter #   4 total cpu time : 94347.5 secs   av.it.:  16.2
      thresh= 5.601E-04 alpha_mix =  0.400 |ddv_scf|^2 =  4.724E-08

      iter #   5 total cpu time : 94611.2 secs   av.it.:  17.5
      thresh= 2.174E-05 alpha_mix =  0.400 |ddv_scf|^2 =  2.147E-09

      iter #   6 total cpu time : 94871.9 secs   av.it.:  17.8
      thresh= 4.633E-06 alpha_mix =  0.400 |ddv_scf|^2 =  1.574E-10

      iter #   7 total cpu time : 95139.0 secs   av.it.:  18.3
      thresh= 1.255E-06 alpha_mix =  0.400 |ddv_scf|^2 =  1.522E-11

      iter #   8 total cpu time : 95409.0 secs   av.it.:  18.1
      thresh= 3.901E-07 alpha_mix =  0.400 |ddv_scf|^2 =  1.995E-12

      iter #   9 total cpu time : 95628.5 secs   av.it.:  16.9
      thresh= 1.412E-07 alpha_mix =  0.400 |ddv_scf|^2 =  8.739E-14

      iter #  10 total cpu time : 95850.7 secs   av.it.:  18.3
      thresh= 2.956E-08 alpha_mix =  0.400 |ddv_scf|^2 =  1.360E-14

      iter #  11 total cpu time : 96100.9 secs   av.it.:  18.5
      thresh= 1.166E-08 alpha_mix =  0.400 |ddv_scf|^2 =  9.897E-15

     End of self-consistent calculation

     Convergence has been achieved 


     Representation #  12 mode #  12

     Self-consistent Calculation

      iter #   1 total cpu time : 96326.7 secs   av.it.:  11.5
      thresh= 1.000E-02 alpha_mix =  0.400 |ddv_scf|^2 =  8.143E-05

      iter #   2 total cpu time : 96609.3 secs   av.it.:  18.9
      thresh= 9.024E-04 alpha_mix =  0.400 |ddv_scf|^2 =  8.497E-04

      iter #   3 total cpu time : 96847.5 secs   av.it.:  15.8
      thresh= 2.915E-03 alpha_mix =  0.400 |ddv_scf|^2 =  1.153E-05

      iter #   4 total cpu time : 97087.6 secs   av.it.:  16.0
      thresh= 3.395E-04 alpha_mix =  0.400 |ddv_scf|^2 =  7.054E-08

      iter #   5 total cpu time : 97346.8 secs   av.it.:  17.9
      thresh= 2.656E-05 alpha_mix =  0.400 |ddv_scf|^2 =  2.955E-08

      iter #   6 total cpu time : 97599.6 secs   av.it.:  17.0
      thresh= 1.719E-05 alpha_mix =  0.400 |ddv_scf|^2 =  8.173E-11

      iter #   7 total cpu time : 97888.6 secs   av.it.:  17.5
      thresh= 9.041E-07 alpha_mix =  0.400 |ddv_scf|^2 =  1.445E-11

     Program PHONON v.7.5 starts on 17Jun2026 at 15:50:45 

     This program is part of the open-source Quantum ESPRESSO suite
     for quantum simulation of materials; please cite
         "P. Giannozzi et al., J. Phys.:Condens. Matter 21 395502 (2009);
         "P. Giannozzi et al., J. Phys.:Condens. Matter 29 465901 (2017);
         "P. Giannozzi et al., J. Chem. Phys. 152 154105 (2020);
          URL http://www.quantum-espresso.org", 
     in publications or presentations arising from this work. More details at
     http://www.quantum-espresso.org/quote

     Parallel version (MPI & OpenMP), running on       6 processor cores
     Number of MPI processes:                 6
     Threads/MPI process:                     1

     MPI processes distributed on     1 nodes
     25501 MiB available memory on the printing compute node when the environment starts

     Reading input from ph.in

     Reading xml data from directory:

     ./out/_ph0/laos3si2.save/
     Message from routine qexsd_readschema :
     input info not found or not readable in xml file

     R & G space division:  proc/nbgrp/npool/nimage =       6
     Subspace diagonalization in iterative solution of the eigenvalue problem:
     a serial algorithm will be used


     IMPORTANT: XC functional enforced from input :
     Exchange-correlation= PBE
                           (   1   4   3   4   0   0   0)
     Any further DFT definition will be discarded
     Please, verify this is what you really want


     Parallelization info
     --------------------
     sticks:   dense  smooth     PW     G-vecs:    dense   smooth      PW
     Min         462     462    128                13279    13279    1992
     Max         464     464    129                13281    13281    1995
     Sum        2779    2779    769                79681    79681   11963

     Using Slab Decomposition

     read_file_ph: Wavefunctions in collected format not needed

     Saving dvscf to file. Distribute only q points, not irreducible representations.
        1 /   4 q-points for this run, from  4 to  4:
       N       xq(1)         xq(2)         xq(3) 
       1   0.000000000   0.000000000   0.000000000
       2   0.000000000   0.000000000  -0.746391199
       3   0.000000000  -0.577350269   0.000000000
       4   0.000000000  -0.577350269  -0.746391199


     Calculation of q =    0.0000000  -0.5773503  -0.7463912

     Bands found: reading from ./out/_ph0/laos3si2.q_4/

     Reading xml data from directory:

     ./out/_ph0/laos3si2.q_4/laos3si2.save/
     Message from routine qexsd_readschema :
     input info not found or not readable in xml file

     IMPORTANT: XC functional enforced from input :
     Exchange-correlation= PBE
                           (   1   4   3   4   0   0   0)
     Any further DFT definition will be discarded
     Please, verify this is what you really want


     Parallelization info
     --------------------
     sticks:   dense  smooth     PW     G-vecs:    dense   smooth      PW
     Min         462     462    143                13280    13280    2315
     Max         464     464    144                13281    13281    2318
     Sum        2779    2779    859                79681    79681   13901

     Using Slab Decomposition

     read_file_new: Wavefunctions not in collected format?!?
     read_file: Wavefunctions in collected format not available

     LaOs3Si2 DFPT electron-phonon (Os-kagome flat-band-at-E_F winner; does flat

     bravais-lattice index     =            4
     lattice parameter (alat)  =      10.5991  a.u.
     unit-cell volume          =     690.7821 (a.u.)^3
     number of atoms/cell      =            6
     number of atomic types    =            3
     kinetic-energy cut-off    =      90.0000  Ry
     charge density cut-off    =     360.0000  Ry
     convergence threshold     =      1.0E-14
     beta                      =       0.4000
     number of iterations used =            4
     Exchange-correlation= PBE
                           (   1   4   3   4   0   0   0)


     celldm(1)=   10.59910  celldm(2)=    0.00000  celldm(3)=    0.66989
     celldm(4)=    0.00000  celldm(5)=    0.00000  celldm(6)=    0.00000

     crystal axes: (cart. coord. in units of alat)
               a(1) = (  1.0000  0.0000  0.0000 )  
               a(2) = ( -0.5000  0.8660  0.0000 )  
               a(3) = (  0.0000  0.0000  0.6699 )  

     reciprocal axes: (cart. coord. in units 2 pi/alat)
               b(1) = (  1.0000  0.5774 -0.0000 )  
               b(2) = (  0.0000  1.1547  0.0000 )  
               b(3) = (  0.0000 -0.0000  1.4928 )  


     Atoms inside the unit cell: 

     Cartesian axes

     site n.  atom      mass           positions (alat units)
        1  La    138.9050   tau(    1) = (    0.00000    0.00000    0.00000  )
        2  Os    190.2300   tau(    2) = (    0.50000    0.00000    0.33494  )
        3  Os    190.2300   tau(    3) = (   -0.25000    0.43301    0.33494  )
        4  Os    190.2300   tau(    4) = (    0.25000    0.43301    0.33494  )
        5  Si     28.0855   tau(    5) = (   -0.00000    0.57735    0.00000  )
        6  Si     28.0855   tau(    6) = (    0.50000    0.28867    0.00000  )

     Computing dynamical matrix for 
                    q = (   0.0000000  -0.5773503  -0.7463912 )

      9 Sym.Ops. (with q -> -q+G )


     G cutoff = 1024.4264  (  13280 G-vectors)     FFT grid: ( 72, 72, 45)

     number of k points=  1314  Methfessel-Paxton smearing, width (Ry)=  0.0200

     PseudoPot. # 1 for La read from file:
     ./pseudo/La_ONCV_PBE_sr.upf
     MD5 check sum: a50acaeba93a6b852b3e187ea6859932
     Pseudo is Norm-conserving, Zval = 11.0
     Generated using ONCVPSP code by D. R. Hamann
     Using radial grid of  602 points,  8 beta functions with: 
                l(1) =   0
                l(2) =   0
                l(3) =   1
                l(4) =   1
                l(5) =   2
                l(6) =   2
                l(7) =   3
                l(8) =   3

     PseudoPot. # 2 for Os read from file:
     ./pseudo/Os_ONCV_PBE_sr.upf
     MD5 check sum: 95cd203db9fc26cc83e0e7c2505c7528
     Pseudo is Norm-conserving, Zval = 16.0
     Generated using ONCVPSP code by D. R. Hamann
     Using radial grid of  602 points,  8 beta functions with: 
                l(1) =   0
                l(2) =   0
                l(3) =   1
                l(4) =   1
                l(5) =   2
                l(6) =   2
                l(7) =   3
                l(8) =   3

     PseudoPot. # 3 for Si read from file:
     ./pseudo/Si_ONCV_PBE_sr.upf
     MD5 check sum: 7f029a58b69e3aa87b46a36c608bf45e
     Pseudo is Norm-conserving, Zval =  4.0
     Generated using ONCVPSP code by D. R. Hamann
     Using radial grid of  602 points,  4 beta functions with: 
                l(1) =   0
                l(2) =   0
                l(3) =   1
                l(4) =   1

     Mode symmetry, D_2h (mmm)  point group:


     Atomic displacements:
     There are   18 irreducible representations

     Representation     1      1 modes -  Done

     Representation     2      1 modes -  Done

     Representation     3      1 modes -  Done

     Representation     4      1 modes -  Done

     Representation     5      1 modes -  Done

     Representation     6      1 modes -  Done

     Representation     7      1 modes -  Done

     Representation     8      1 modes -  Done

     Representation     9      1 modes -  Done

     Representation    10      1 modes -  Done

     Representation    11      1 modes -  Done

     Representation    12      1 modes -  To be done

     Representation    13      1 modes -  To be done

     Representation    14      1 modes -  To be done

     Representation    15      1 modes -  To be done

     Representation    16      1 modes -  To be done

     Representation    17      1 modes -  To be done

     Representation    18      1 modes -  To be done


     Message from routine init_vloc:
     Interpolation table for Vloc re-allocated
     PHONON       :     52.12s CPU     56.10s WALL



     Representation #  12 mode #  12

     Self-consistent Calculation

      iter #   1 total cpu time :   278.7 secs   av.it.:  11.5
      thresh= 1.000E-02 alpha_mix =  0.400 |ddv_scf|^2 =  8.143E-05

      iter #   2 total cpu time :   625.2 secs   av.it.:  18.9
      thresh= 9.024E-04 alpha_mix =  0.400 |ddv_scf|^2 =  8.497E-04

      iter #   3 total cpu time :   915.7 secs   av.it.:  15.8
      thresh= 2.915E-03 alpha_mix =  0.400 |ddv_scf|^2 =  1.153E-05

      iter #   4 total cpu time :  1163.6 secs   av.it.:  16.0
      thresh= 3.395E-04 alpha_mix =  0.400 |ddv_scf|^2 =  7.054E-08

      iter #   5 total cpu time :  1355.3 secs   av.it.:  17.9
      thresh= 2.656E-05 alpha_mix =  0.400 |ddv_scf|^2 =  2.955E-08

      iter #   6 total cpu time :  1605.1 secs   av.it.:  17.0
      thresh= 1.719E-05 alpha_mix =  0.400 |ddv_scf|^2 =  8.173E-11

      iter #   7 total cpu time :  1865.6 secs   av.it.:  17.5
      thresh= 9.041E-07 alpha_mix =  0.400 |ddv_scf|^2 =  1.445E-11

      iter #   8 total cpu time :  2155.3 secs   av.it.:  18.5
      thresh= 3.801E-07 alpha_mix =  0.400 |ddv_scf|^2 =  2.559E-13

      iter #   9 total cpu time :  2431.9 secs   av.it.:  17.8
      thresh= 5.059E-08 alpha_mix =  0.400 |ddv_scf|^2 =  7.740E-14

      iter #  10 total cpu time :  2709.1 secs   av.it.:  18.3
      thresh= 2.782E-08 alpha_mix =  0.400 |ddv_scf|^2 =  1.789E-15

     End of self-consistent calculation

     Convergence has been achieved 


     Representation #  13 mode #  13

     Self-consistent Calculation

      iter #   1 total cpu time :  2913.3 secs   av.it.:  10.8
      thresh= 1.000E-02 alpha_mix =  0.400 |ddv_scf|^2 =  1.362E-05

      iter #   2 total cpu time :  3163.0 secs   av.it.:  18.0
      thresh= 3.691E-04 alpha_mix =  0.400 |ddv_scf|^2 =  1.151E-06

      iter #   3 total cpu time :  3406.2 secs   av.it.:  17.4
      thresh= 1.073E-04 alpha_mix =  0.400 |ddv_scf|^2 =  1.528E-08

      iter #   4 total cpu time :  3651.7 secs   av.it.:  18.0
      thresh= 1.236E-05 alpha_mix =  0.400 |ddv_scf|^2 =  1.198E-09

      iter #   5 total cpu time :  3897.3 secs   av.it.:  18.7
      thresh= 3.461E-06 alpha_mix =  0.400 |ddv_scf|^2 =  2.308E-11

      iter #   6 total cpu time :  4163.6 secs   av.it.:  18.6
      thresh= 4.804E-07 alpha_mix =  0.400 |ddv_scf|^2 =  6.006E-13

      iter #   7 total cpu time :  4420.6 secs   av.it.:  17.5
      thresh= 7.750E-08 alpha_mix =  0.400 |ddv_scf|^2 =  9.155E-14

      iter #   8 total cpu time :  4688.6 secs   av.it.:  18.6
      thresh= 3.026E-08 alpha_mix =  0.400 |ddv_scf|^2 =  1.768E-15

     End of self-consistent calculation

     Convergence has been achieved 


     Representation #  14 mode #  14

     Self-consistent Calculation

      iter #   1 total cpu time :  4831.8 secs   av.it.:   6.8
      thresh= 1.000E-02 alpha_mix =  0.400 |ddv_scf|^2 =  4.989E-07

      iter #   2 total cpu time :  5094.7 secs   av.it.:  17.8
      thresh= 7.063E-05 alpha_mix =  0.400 |ddv_scf|^2 =  3.403E-08

     Program PHONON v.7.5 starts on 17Jun2026 at 17:21:40 

     This program is part of the open-source Quantum ESPRESSO suite
     for quantum simulation of materials; please cite
         "P. Giannozzi et al., J. Phys.:Condens. Matter 21 395502 (2009);
         "P. Giannozzi et al., J. Phys.:Condens. Matter 29 465901 (2017);
         "P. Giannozzi et al., J. Chem. Phys. 152 154105 (2020);
          URL http://www.quantum-espresso.org", 
     in publications or presentations arising from this work. More details at
     http://www.quantum-espresso.org/quote

     Parallel version (MPI & OpenMP), running on       6 processor cores
     Number of MPI processes:                 6
     Threads/MPI process:                     1

     MPI processes distributed on     1 nodes
     27958 MiB available memory on the printing compute node when the environment starts

     Reading input from ph.in

     Reading xml data from directory:

     ./out/_ph0/laos3si2.save/
     Message from routine qexsd_readschema :
     input info not found or not readable in xml file

     R & G space division:  proc/nbgrp/npool/nimage =       6
     Subspace diagonalization in iterative solution of the eigenvalue problem:
     a serial algorithm will be used


     IMPORTANT: XC functional enforced from input :
     Exchange-correlation= PBE
                           (   1   4   3   4   0   0   0)
     Any further DFT definition will be discarded
     Please, verify this is what you really want


     Parallelization info
     --------------------
     sticks:   dense  smooth     PW     G-vecs:    dense   smooth      PW
     Min         462     462    128                13279    13279    1992
     Max         464     464    129                13281    13281    1995
     Sum        2779    2779    769                79681    79681   11963

     Using Slab Decomposition

     read_file_ph: Wavefunctions in collected format not needed

     Saving dvscf to file. Distribute only q points, not irreducible representations.
        1 /   4 q-points for this run, from  4 to  4:
       N       xq(1)         xq(2)         xq(3) 
       1   0.000000000   0.000000000   0.000000000
       2   0.000000000   0.000000000  -0.746391199
       3   0.000000000  -0.577350269   0.000000000
       4   0.000000000  -0.577350269  -0.746391199


     Calculation of q =    0.0000000  -0.5773503  -0.7463912

     Bands found: reading from ./out/_ph0/laos3si2.q_4/

     Reading xml data from directory:

     ./out/_ph0/laos3si2.q_4/laos3si2.save/
     Message from routine qexsd_readschema :
     input info not found or not readable in xml file

     IMPORTANT: XC functional enforced from input :
     Exchange-correlation= PBE
                           (   1   4   3   4   0   0   0)
     Any further DFT definition will be discarded
     Please, verify this is what you really want


     Parallelization info
     --------------------
     sticks:   dense  smooth     PW     G-vecs:    dense   smooth      PW
     Min         462     462    143                13280    13280    2315
     Max         464     464    144                13281    13281    2318
     Sum        2779    2779    859                79681    79681   13901

     Using Slab Decomposition

     read_file_new: Wavefunctions not in collected format?!?
     read_file: Wavefunctions in collected format not available

     LaOs3Si2 DFPT electron-phonon (Os-kagome flat-band-at-E_F winner; does flat

     bravais-lattice index     =            4
     lattice parameter (alat)  =      10.5991  a.u.
     unit-cell volume          =     690.7821 (a.u.)^3
     number of atoms/cell      =            6
     number of atomic types    =            3
     kinetic-energy cut-off    =      90.0000  Ry
     charge density cut-off    =     360.0000  Ry
     convergence threshold     =      1.0E-14
     beta                      =       0.4000
     number of iterations used =            4
     Exchange-correlation= PBE
                           (   1   4   3   4   0   0   0)


     celldm(1)=   10.59910  celldm(2)=    0.00000  celldm(3)=    0.66989
     celldm(4)=    0.00000  celldm(5)=    0.00000  celldm(6)=    0.00000

     crystal axes: (cart. coord. in units of alat)
               a(1) = (  1.0000  0.0000  0.0000 )  
               a(2) = ( -0.5000  0.8660  0.0000 )  
               a(3) = (  0.0000  0.0000  0.6699 )  

     reciprocal axes: (cart. coord. in units 2 pi/alat)
               b(1) = (  1.0000  0.5774 -0.0000 )  
               b(2) = (  0.0000  1.1547  0.0000 )  
               b(3) = (  0.0000 -0.0000  1.4928 )  


     Atoms inside the unit cell: 

     Cartesian axes

     site n.  atom      mass           positions (alat units)
        1  La    138.9050   tau(    1) = (    0.00000    0.00000    0.00000  )
        2  Os    190.2300   tau(    2) = (    0.50000    0.00000    0.33494  )
        3  Os    190.2300   tau(    3) = (   -0.25000    0.43301    0.33494  )
        4  Os    190.2300   tau(    4) = (    0.25000    0.43301    0.33494  )
        5  Si     28.0855   tau(    5) = (   -0.00000    0.57735    0.00000  )
        6  Si     28.0855   tau(    6) = (    0.50000    0.28867    0.00000  )

     Computing dynamical matrix for 
                    q = (   0.0000000  -0.5773503  -0.7463912 )

      9 Sym.Ops. (with q -> -q+G )


     G cutoff = 1024.4264  (  13280 G-vectors)     FFT grid: ( 72, 72, 45)

     number of k points=  1314  Methfessel-Paxton smearing, width (Ry)=  0.0200

     PseudoPot. # 1 for La read from file:
     ./pseudo/La_ONCV_PBE_sr.upf
     MD5 check sum: a50acaeba93a6b852b3e187ea6859932
     Pseudo is Norm-conserving, Zval = 11.0
     Generated using ONCVPSP code by D. R. Hamann
     Using radial grid of  602 points,  8 beta functions with: 
                l(1) =   0
                l(2) =   0
                l(3) =   1
                l(4) =   1
                l(5) =   2
                l(6) =   2
                l(7) =   3
                l(8) =   3

     PseudoPot. # 2 for Os read from file:
     ./pseudo/Os_ONCV_PBE_sr.upf
     MD5 check sum: 95cd203db9fc26cc83e0e7c2505c7528
     Pseudo is Norm-conserving, Zval = 16.0
     Generated using ONCVPSP code by D. R. Hamann
     Using radial grid of  602 points,  8 beta functions with: 
                l(1) =   0
                l(2) =   0
                l(3) =   1
                l(4) =   1
                l(5) =   2
                l(6) =   2
                l(7) =   3
                l(8) =   3

     PseudoPot. # 3 for Si read from file:
     ./pseudo/Si_ONCV_PBE_sr.upf
     MD5 check sum: 7f029a58b69e3aa87b46a36c608bf45e
     Pseudo is Norm-conserving, Zval =  4.0
     Generated using ONCVPSP code by D. R. Hamann
     Using radial grid of  602 points,  4 beta functions with: 
                l(1) =   0
                l(2) =   0
                l(3) =   1
                l(4) =   1

     Mode symmetry, D_2h (mmm)  point group:


     Atomic displacements:
     There are   18 irreducible representations

     Representation     1      1 modes -  Done

     Representation     2      1 modes -  Done

     Representation     3      1 modes -  Done

     Representation     4      1 modes -  Done

     Representation     5      1 modes -  Done

     Representation     6      1 modes -  Done

     Representation     7      1 modes -  Done

     Representation     8      1 modes -  Done

     Representation     9      1 modes -  Done

     Representation    10      1 modes -  Done

     Representation    11      1 modes -  Done

     Representation    12      1 modes -  Done

     Representation    13      1 modes -  Done

     Representation    14      1 modes -  To be done

     Representation    15      1 modes -  To be done

     Representation    16      1 modes -  To be done

     Representation    17      1 modes -  To be done

     Representation    18      1 modes -  To be done


     Message from routine init_vloc:
     Interpolation table for Vloc re-allocated
     PHONON       :     52.70s CPU     56.67s WALL



     Representation #  14 mode #  14

     Self-consistent Calculation

      iter #   1 total cpu time :   180.9 secs   av.it.:   6.8
      thresh= 1.000E-02 alpha_mix =  0.400 |ddv_scf|^2 =  4.989E-07

      iter #   2 total cpu time :   436.1 secs   av.it.:  17.8
      thresh= 7.063E-05 alpha_mix =  0.400 |ddv_scf|^2 =  3.403E-08

      iter #   3 total cpu time :   662.2 secs   av.it.:  17.8
      thresh= 1.845E-05 alpha_mix =  0.400 |ddv_scf|^2 =  4.125E-10

      iter #   4 total cpu time :   890.5 secs   av.it.:  17.7
      thresh= 2.031E-06 alpha_mix =  0.400 |ddv_scf|^2 =  7.038E-11

      iter #   5 total cpu time :  1202.6 secs   av.it.:  16.4
      thresh= 8.389E-07 alpha_mix =  0.400 |ddv_scf|^2 =  2.994E-12

     Program PHONON v.7.5 starts on 17Jun2026 at 17:46:33 

     This program is part of the open-source Quantum ESPRESSO suite
     for quantum simulation of materials; please cite
         "P. Giannozzi et al., J. Phys.:Condens. Matter 21 395502 (2009);
         "P. Giannozzi et al., J. Phys.:Condens. Matter 29 465901 (2017);
         "P. Giannozzi et al., J. Chem. Phys. 152 154105 (2020);
          URL http://www.quantum-espresso.org", 
     in publications or presentations arising from this work. More details at
     http://www.quantum-espresso.org/quote

     Parallel version (MPI & OpenMP), running on       6 processor cores
     Number of MPI processes:                 6
     Threads/MPI process:                     1

     MPI processes distributed on     1 nodes
     222 MiB available memory on the printing compute node when the environment starts

     Reading input from ph.in

     Reading xml data from directory:

     ./out/_ph0/laos3si2.save/
     Message from routine qexsd_readschema :
     input info not found or not readable in xml file

     R & G space division:  proc/nbgrp/npool/nimage =       6
     Subspace diagonalization in iterative solution of the eigenvalue problem:
     a serial algorithm will be used


     IMPORTANT: XC functional enforced from input :
     Exchange-correlation= PBE
                           (   1   4   3   4   0   0   0)
     Any further DFT definition will be discarded
     Please, verify this is what you really want


     Parallelization info
     --------------------
     sticks:   dense  smooth     PW     G-vecs:    dense   smooth      PW
     Min         462     462    128                13279    13279    1992
     Max         464     464    129                13281    13281    1995
     Sum        2779    2779    769                79681    79681   11963

     Using Slab Decomposition

     read_file_ph: Wavefunctions in collected format not needed

     Saving dvscf to file. Distribute only q points, not irreducible representations.
        1 /   4 q-points for this run, from  4 to  4:
       N       xq(1)         xq(2)         xq(3) 
       1   0.000000000   0.000000000   0.000000000
       2   0.000000000   0.000000000  -0.746391199
       3   0.000000000  -0.577350269   0.000000000
       4   0.000000000  -0.577350269  -0.746391199


     Calculation of q =    0.0000000  -0.5773503  -0.7463912

     Bands found: reading from ./out/_ph0/laos3si2.q_4/

     Reading xml data from directory:

     ./out/_ph0/laos3si2.q_4/laos3si2.save/
     Message from routine qexsd_readschema :
     input info not found or not readable in xml file

     IMPORTANT: XC functional enforced from input :
     Exchange-correlation= PBE
                           (   1   4   3   4   0   0   0)
     Any further DFT definition will be discarded
     Please, verify this is what you really want


     Parallelization info
     --------------------
     sticks:   dense  smooth     PW     G-vecs:    dense   smooth      PW
     Min         462     462    143                13280    13280    2315
     Max         464     464    144                13281    13281    2318
     Sum        2779    2779    859                79681    79681   13901

     Using Slab Decomposition

     read_file_new: Wavefunctions not in collected format?!?
     read_file: Wavefunctions in collected format not available

     LaOs3Si2 DFPT electron-phonon (Os-kagome flat-band-at-E_F winner; does flat

     bravais-lattice index     =            4
     lattice parameter (alat)  =      10.5991  a.u.
     unit-cell volume          =     690.7821 (a.u.)^3
     number of atoms/cell      =            6
     number of atomic types    =            3
     kinetic-energy cut-off    =      90.0000  Ry
     charge density cut-off    =     360.0000  Ry
     convergence threshold     =      1.0E-14
     beta                      =       0.4000
     number of iterations used =            4
     Exchange-correlation= PBE
                           (   1   4   3   4   0   0   0)


     celldm(1)=   10.59910  celldm(2)=    0.00000  celldm(3)=    0.66989
     celldm(4)=    0.00000  celldm(5)=    0.00000  celldm(6)=    0.00000

     crystal axes: (cart. coord. in units of alat)
               a(1) = (  1.0000  0.0000  0.0000 )  
               a(2) = ( -0.5000  0.8660  0.0000 )  
               a(3) = (  0.0000  0.0000  0.6699 )  

     reciprocal axes: (cart. coord. in units 2 pi/alat)
               b(1) = (  1.0000  0.5774 -0.0000 )  
               b(2) = (  0.0000  1.1547  0.0000 )  
               b(3) = (  0.0000 -0.0000  1.4928 )  


     Atoms inside the unit cell: 

     Cartesian axes

     site n.  atom      mass           positions (alat units)
        1  La    138.9050   tau(    1) = (    0.00000    0.00000    0.00000  )
        2  Os    190.2300   tau(    2) = (    0.50000    0.00000    0.33494  )
        3  Os    190.2300   tau(    3) = (   -0.25000    0.43301    0.33494  )
        4  Os    190.2300   tau(    4) = (    0.25000    0.43301    0.33494  )
        5  Si     28.0855   tau(    5) = (   -0.00000    0.57735    0.00000  )
        6  Si     28.0855   tau(    6) = (    0.50000    0.28867    0.00000  )

     Computing dynamical matrix for 
                    q = (   0.0000000  -0.5773503  -0.7463912 )

      9 Sym.Ops. (with q -> -q+G )


     G cutoff = 1024.4264  (  13280 G-vectors)     FFT grid: ( 72, 72, 45)

     number of k points=  1314  Methfessel-Paxton smearing, width (Ry)=  0.0200

     PseudoPot. # 1 for La read from file:
     ./pseudo/La_ONCV_PBE_sr.upf
     MD5 check sum: a50acaeba93a6b852b3e187ea6859932
     Pseudo is Norm-conserving, Zval = 11.0
     Generated using ONCVPSP code by D. R. Hamann
     Using radial grid of  602 points,  8 beta functions with: 
                l(1) =   0
                l(2) =   0
                l(3) =   1
                l(4) =   1
                l(5) =   2
                l(6) =   2
                l(7) =   3
                l(8) =   3

     PseudoPot. # 2 for Os read from file:
     ./pseudo/Os_ONCV_PBE_sr.upf
     MD5 check sum: 95cd203db9fc26cc83e0e7c2505c7528
     Pseudo is Norm-conserving, Zval = 16.0
     Generated using ONCVPSP code by D. R. Hamann
     Using radial grid of  602 points,  8 beta functions with: 
                l(1) =   0
                l(2) =   0
                l(3) =   1
                l(4) =   1
                l(5) =   2
                l(6) =   2
                l(7) =   3
                l(8) =   3

     PseudoPot. # 3 for Si read from file:
     ./pseudo/Si_ONCV_PBE_sr.upf
     MD5 check sum: 7f029a58b69e3aa87b46a36c608bf45e
     Pseudo is Norm-conserving, Zval =  4.0
     Generated using ONCVPSP code by D. R. Hamann
     Using radial grid of  602 points,  4 beta functions with: 
                l(1) =   0
                l(2) =   0
                l(3) =   1
                l(4) =   1

     Mode symmetry, D_2h (mmm)  point group:


     Atomic displacements:
     There are   18 irreducible representations

     Representation     1      1 modes -  Done

     Representation     2      1 modes -  Done

     Representation     3      1 modes -  Done

     Representation     4      1 modes -  Done

     Representation     5      1 modes -  Done

     Representation     6      1 modes -  Done

     Representation     7      1 modes -  Done

     Representation     8      1 modes -  Done

     Representation     9      1 modes -  Done

     Representation    10      1 modes -  Done

     Representation    11      1 modes -  Done

     Representation    12      1 modes -  Done

     Representation    13      1 modes -  Done

     Representation    14      1 modes -  To be done

     Representation    15      1 modes -  To be done

     Representation    16      1 modes -  To be done

     Representation    17      1 modes -  To be done

     Representation    18      1 modes -  To be done


     Message from routine init_vloc:
     Interpolation table for Vloc re-allocated
     PHONON       :     38.23s CPU     50.57s WALL



     Representation #  14 mode #  14

     Self-consistent Calculation

      iter #   1 total cpu time :   175.8 secs   av.it.:   6.8
      thresh= 1.000E-02 alpha_mix =  0.400 |ddv_scf|^2 =  4.989E-07

      iter #   2 total cpu time :   415.6 secs   av.it.:  17.8
      thresh= 7.063E-05 alpha_mix =  0.400 |ddv_scf|^2 =  3.403E-08

      iter #   3 total cpu time :   655.8 secs   av.it.:  17.8
      thresh= 1.845E-05 alpha_mix =  0.400 |ddv_scf|^2 =  4.125E-10

      iter #   4 total cpu time :   908.3 secs   av.it.:  17.7
      thresh= 2.031E-06 alpha_mix =  0.400 |ddv_scf|^2 =  7.038E-11

      iter #   5 total cpu time :  1142.0 secs   av.it.:  16.4
      thresh= 8.389E-07 alpha_mix =  0.400 |ddv_scf|^2 =  2.994E-12

      iter #   6 total cpu time :  1446.9 secs   av.it.:  18.4
      thresh= 1.730E-07 alpha_mix =  0.400 |ddv_scf|^2 =  2.353E-14

      iter #   7 total cpu time :  1741.1 secs   av.it.:  18.0
      thresh= 1.534E-08 alpha_mix =  0.400 |ddv_scf|^2 =  5.271E-15

     End of self-consistent calculation

     Convergence has been achieved 


     Representation #  15 mode #  15

     Self-consistent Calculation

      iter #   1 total cpu time :  1937.8 secs   av.it.:   8.8
      thresh= 1.000E-02 alpha_mix =  0.400 |ddv_scf|^2 =  2.409E-06

      iter #   2 total cpu time :  2211.5 secs   av.it.:  17.8
      thresh= 1.552E-04 alpha_mix =  0.400 |ddv_scf|^2 =  1.473E-07

      iter #   3 total cpu time :  2517.1 secs   av.it.:  17.7
      thresh= 3.838E-05 alpha_mix =  0.400 |ddv_scf|^2 =  1.683E-09

      iter #   4 total cpu time :  2797.5 secs   av.it.:  17.6
      thresh= 4.102E-06 alpha_mix =  0.400 |ddv_scf|^2 =  1.091E-10

      iter #   5 total cpu time :  3056.9 secs   av.it.:  18.4
      thresh= 1.044E-06 alpha_mix =  0.400 |ddv_scf|^2 =  9.307E-12

      iter #   6 total cpu time :  3345.3 secs   av.it.:  18.1
      thresh= 3.051E-07 alpha_mix =  0.400 |ddv_scf|^2 =  1.236E-13

      iter #   7 total cpu time :  3623.4 secs   av.it.:  17.4
      thresh= 3.516E-08 alpha_mix =  0.400 |ddv_scf|^2 =  3.099E-14

      iter #   8 total cpu time :  3911.9 secs   av.it.:  18.9
      thresh= 1.761E-08 alpha_mix =  0.400 |ddv_scf|^2 =  5.620E-16

     End of self-consistent calculation

     Convergence has been achieved 


     Representation #  16 mode #  16

     Self-consistent Calculation

      iter #   1 total cpu time :  4196.3 secs   av.it.:  11.9
      thresh= 1.000E-02 alpha_mix =  0.400 |ddv_scf|^2 =  1.056E-04

      iter #   2 total cpu time :  4489.5 secs   av.it.:  17.8
      thresh= 1.028E-03 alpha_mix =  0.400 |ddv_scf|^2 =  1.248E-04

      iter #   3 total cpu time :  4739.7 secs   av.it.:  16.4
      thresh= 1.117E-03 alpha_mix =  0.400 |ddv_scf|^2 =  5.512E-08

      iter #   4 total cpu time :  5017.1 secs   av.it.:  18.3
      thresh= 2.348E-05 alpha_mix =  0.400 |ddv_scf|^2 =  1.293E-09

      iter #   5 total cpu time :  5306.7 secs   av.it.:  18.1
      thresh= 3.595E-06 alpha_mix =  0.400 |ddv_scf|^2 =  9.035E-11

      iter #   6 total cpu time :  5590.1 secs   av.it.:  18.0
      thresh= 9.505E-07 alpha_mix =  0.400 |ddv_scf|^2 =  9.134E-12

      iter #   7 total cpu time :  5833.9 secs   av.it.:  18.4
      thresh= 3.022E-07 alpha_mix =  0.400 |ddv_scf|^2 =  1.588E-13

      iter #   8 total cpu time :  6068.8 secs   av.it.:  18.9
      thresh= 3.985E-08 alpha_mix =  0.400 |ddv_scf|^2 =  2.421E-14

      iter #   9 total cpu time :  6296.4 secs   av.it.:  17.9
      thresh= 1.556E-08 alpha_mix =  0.400 |ddv_scf|^2 =  1.258E-14

      iter #  10 total cpu time :  6505.8 secs   av.it.:  17.3
      thresh= 1.122E-08 alpha_mix =  0.400 |ddv_scf|^2 =  3.367E-16

     End of self-consistent calculation

     Convergence has been achieved 


     Representation #  17 mode #  17

     Self-consistent Calculation

      iter #   1 total cpu time :  6627.7 secs   av.it.:   6.1
      thresh= 1.000E-02 alpha_mix =  0.400 |ddv_scf|^2 =  6.260E-07

      iter #   2 total cpu time :  6840.6 secs   av.it.:  17.7
      thresh= 7.912E-05 alpha_mix =  0.400 |ddv_scf|^2 =  6.794E-07

      iter #   3 total cpu time :  7041.2 secs   av.it.:  16.5
      thresh= 8.242E-05 alpha_mix =  0.400 |ddv_scf|^2 =  1.184E-09

      iter #   4 total cpu time :  7254.8 secs   av.it.:  17.8
      thresh= 3.441E-06 alpha_mix =  0.400 |ddv_scf|^2 =  1.251E-10

      iter #   5 total cpu time :  7474.5 secs   av.it.:  17.2
      thresh= 1.118E-06 alpha_mix =  0.400 |ddv_scf|^2 =  8.007E-12

      iter #   6 total cpu time :  7735.8 secs   av.it.:  16.7
      thresh= 2.830E-07 alpha_mix =  0.400 |ddv_scf|^2 =  3.083E-13

      iter #   7 total cpu time :  8012.1 secs   av.it.:  18.3
      thresh= 5.553E-08 alpha_mix =  0.400 |ddv_scf|^2 =  1.375E-14

      iter #   8 total cpu time :  8325.6 secs   av.it.:  18.6
      thresh= 1.173E-08 alpha_mix =  0.400 |ddv_scf|^2 =  2.317E-15

     End of self-consistent calculation

     Convergence has been achieved 


     Representation #  18 mode #  18

     Self-consistent Calculation

     Program PHONON v.7.5 starts on 17Jun2026 at 21:57:55 

     This program is part of the open-source Quantum ESPRESSO suite
     for quantum simulation of materials; please cite
         "P. Giannozzi et al., J. Phys.:Condens. Matter 21 395502 (2009);
         "P. Giannozzi et al., J. Phys.:Condens. Matter 29 465901 (2017);
         "P. Giannozzi et al., J. Chem. Phys. 152 154105 (2020);
          URL http://www.quantum-espresso.org", 
     in publications or presentations arising from this work. More details at
     http://www.quantum-espresso.org/quote

     Parallel version (MPI & OpenMP), running on       6 processor cores
     Number of MPI processes:                 6
     Threads/MPI process:                     1

     MPI processes distributed on     1 nodes
     28057 MiB available memory on the printing compute node when the environment starts

     Reading input from ph.in

     Reading xml data from directory:

     ./out/_ph0/laos3si2.save/
     Message from routine qexsd_readschema :
     input info not found or not readable in xml file

     R & G space division:  proc/nbgrp/npool/nimage =       6
     Subspace diagonalization in iterative solution of the eigenvalue problem:
     a serial algorithm will be used


     IMPORTANT: XC functional enforced from input :
     Exchange-correlation= PBE
                           (   1   4   3   4   0   0   0)
     Any further DFT definition will be discarded
     Please, verify this is what you really want


     Parallelization info
     --------------------
     sticks:   dense  smooth     PW     G-vecs:    dense   smooth      PW
     Min         462     462    128                13279    13279    1992
     Max         464     464    129                13281    13281    1995
     Sum        2779    2779    769                79681    79681   11963

     Using Slab Decomposition

     read_file_ph: Wavefunctions in collected format not needed

     Saving dvscf to file. Distribute only q points, not irreducible representations.
        1 /   4 q-points for this run, from  4 to  4:
       N       xq(1)         xq(2)         xq(3) 
       1   0.000000000   0.000000000   0.000000000
       2   0.000000000   0.000000000  -0.746391199
       3   0.000000000  -0.577350269   0.000000000
       4   0.000000000  -0.577350269  -0.746391199


     Calculation of q =    0.0000000  -0.5773503  -0.7463912

     Bands found: reading from ./out/_ph0/laos3si2.q_4/

     Reading xml data from directory:

     ./out/_ph0/laos3si2.q_4/laos3si2.save/
     Message from routine qexsd_readschema :
     input info not found or not readable in xml file

     IMPORTANT: XC functional enforced from input :
     Exchange-correlation= PBE
                           (   1   4   3   4   0   0   0)
     Any further DFT definition will be discarded
     Please, verify this is what you really want


     Parallelization info
     --------------------
     sticks:   dense  smooth     PW     G-vecs:    dense   smooth      PW
     Min         462     462    143                13280    13280    2315
     Max         464     464    144                13281    13281    2318
     Sum        2779    2779    859                79681    79681   13901

     Using Slab Decomposition

     read_file_new: Wavefunctions not in collected format?!?
     read_file: Wavefunctions in collected format not available

     Restart in Phonon calculation

     LaOs3Si2 DFPT electron-phonon (Os-kagome flat-band-at-E_F winner; does flat

     bravais-lattice index     =            4
     lattice parameter (alat)  =      10.5991  a.u.
     unit-cell volume          =     690.7821 (a.u.)^3
     number of atoms/cell      =            6
     number of atomic types    =            3
     kinetic-energy cut-off    =      90.0000  Ry
     charge density cut-off    =     360.0000  Ry
     convergence threshold     =      1.0E-14
     beta                      =       0.4000
     number of iterations used =            4
     Exchange-correlation= PBE
                           (   1   4   3   4   0   0   0)


     celldm(1)=   10.59910  celldm(2)=    0.00000  celldm(3)=    0.66989
     celldm(4)=    0.00000  celldm(5)=    0.00000  celldm(6)=    0.00000

     crystal axes: (cart. coord. in units of alat)
               a(1) = (  1.0000  0.0000  0.0000 )  
               a(2) = ( -0.5000  0.8660  0.0000 )  
               a(3) = (  0.0000  0.0000  0.6699 )  

     reciprocal axes: (cart. coord. in units 2 pi/alat)
               b(1) = (  1.0000  0.5774 -0.0000 )  
               b(2) = (  0.0000  1.1547  0.0000 )  
               b(3) = (  0.0000 -0.0000  1.4928 )  


     Atoms inside the unit cell: 

     Cartesian axes

     site n.  atom      mass           positions (alat units)
        1  La    138.9050   tau(    1) = (    0.00000    0.00000    0.00000  )
        2  Os    190.2300   tau(    2) = (    0.50000    0.00000    0.33494  )
        3  Os    190.2300   tau(    3) = (   -0.25000    0.43301    0.33494  )
        4  Os    190.2300   tau(    4) = (    0.25000    0.43301    0.33494  )
        5  Si     28.0855   tau(    5) = (   -0.00000    0.57735    0.00000  )
        6  Si     28.0855   tau(    6) = (    0.50000    0.28867    0.00000  )

     Computing dynamical matrix for 
                    q = (   0.0000000  -0.5773503  -0.7463912 )

      9 Sym.Ops. (with q -> -q+G )


     G cutoff = 1024.4264  (  13280 G-vectors)     FFT grid: ( 72, 72, 45)

     number of k points=  1314  Methfessel-Paxton smearing, width (Ry)=  0.0200

     PseudoPot. # 1 for La read from file:
     ./pseudo/La_ONCV_PBE_sr.upf
     MD5 check sum: a50acaeba93a6b852b3e187ea6859932
     Pseudo is Norm-conserving, Zval = 11.0
     Generated using ONCVPSP code by D. R. Hamann
     Using radial grid of  602 points,  8 beta functions with: 
                l(1) =   0
                l(2) =   0
                l(3) =   1
                l(4) =   1
                l(5) =   2
                l(6) =   2
                l(7) =   3
                l(8) =   3

     PseudoPot. # 2 for Os read from file:
     ./pseudo/Os_ONCV_PBE_sr.upf
     MD5 check sum: 95cd203db9fc26cc83e0e7c2505c7528
     Pseudo is Norm-conserving, Zval = 16.0
     Generated using ONCVPSP code by D. R. Hamann
     Using radial grid of  602 points,  8 beta functions with: 
                l(1) =   0
                l(2) =   0
                l(3) =   1
                l(4) =   1
                l(5) =   2
                l(6) =   2
                l(7) =   3
                l(8) =   3

     PseudoPot. # 3 for Si read from file:
     ./pseudo/Si_ONCV_PBE_sr.upf
     MD5 check sum: 7f029a58b69e3aa87b46a36c608bf45e
     Pseudo is Norm-conserving, Zval =  4.0
     Generated using ONCVPSP code by D. R. Hamann
     Using radial grid of  602 points,  4 beta functions with: 
                l(1) =   0
                l(2) =   0
                l(3) =   1
                l(4) =   1

     Mode symmetry, D_2h (mmm)  point group:


     Atomic displacements:
     There are   18 irreducible representations

     Representation     1      1 modes -  Done

     Representation     2      1 modes -  Done

     Representation     3      1 modes -  Done

     Representation     4      1 modes -  Done

     Representation     5      1 modes -  Done

     Representation     6      1 modes -  Done

     Representation     7      1 modes -  Done

     Representation     8      1 modes -  Done

     Representation     9      1 modes -  Done

     Representation    10      1 modes -  Done

     Representation    11      1 modes -  Done

     Representation    12      1 modes -  Done

     Representation    13      1 modes -  Done

     Representation    14      1 modes -  Done

     Representation    15      1 modes -  Done

     Representation    16      1 modes -  Done

     Representation    17      1 modes -  Done

     Representation    18      1 modes -  To be done


     Message from routine init_vloc:
     Interpolation table for Vloc re-allocated
     PHONON       :   1m 4.91s CPU   1m 9.01s WALL



     Representation #  18 mode #  18

     Self-consistent Calculation

      iter #   1 total cpu time :   220.0 secs   av.it.:   9.4
      thresh= 1.000E-02 alpha_mix =  0.400 |ddv_scf|^2 =  9.636E-06

      iter #   2 total cpu time :   466.3 secs   av.it.:  17.8
      thresh= 3.104E-04 alpha_mix =  0.400 |ddv_scf|^2 =  1.018E-05

      iter #   3 total cpu time :   676.8 secs   av.it.:  16.4
      thresh= 3.190E-04 alpha_mix =  0.400 |ddv_scf|^2 =  9.926E-09

      iter #   4 total cpu time :   893.3 secs   av.it.:  17.3
      thresh= 9.963E-06 alpha_mix =  0.400 |ddv_scf|^2 =  1.529E-10

      iter #   5 total cpu time :  1116.1 secs   av.it.:  17.5
      thresh= 1.237E-06 alpha_mix =  0.400 |ddv_scf|^2 =  2.255E-11

      iter #   6 total cpu time :  1347.8 secs   av.it.:  17.3
      thresh= 4.748E-07 alpha_mix =  0.400 |ddv_scf|^2 =  6.206E-13

      iter #   7 total cpu time :  1596.8 secs   av.it.:  17.4
      thresh= 7.878E-08 alpha_mix =  0.400 |ddv_scf|^2 =  5.259E-14

      iter #   8 total cpu time :  1836.3 secs   av.it.:  18.6
      thresh= 2.293E-08 alpha_mix =  0.400 |ddv_scf|^2 =  5.137E-15

     End of self-consistent calculation

     Convergence has been achieved 

     Number of q in the star =    3
     List of q in the star:
          1   0.000000000  -0.577350269  -0.746391199
          2   0.500000000   0.288675135   0.746391199
          3  -0.500000000   0.288675135   0.746391199

     Diagonalizing the dynamical matrix

     q = (    0.000000000  -0.577350269  -0.746391199 ) 

 **************************************************************************
     freq (    1) =      -2.955922 [THz] =     -98.598950 [cm-1]
     freq (    2) =      -0.997487 [THz] =     -33.272580 [cm-1]
     freq (    3) =       1.390444 [THz] =      46.380217 [cm-1]
     freq (    4) =       1.852259 [THz] =      61.784696 [cm-1]
     freq (    5) =       2.677016 [THz] =      89.295643 [cm-1]
     freq (    6) =       2.886659 [THz] =      96.288579 [cm-1]
     freq (    7) =       3.163955 [THz] =     105.538176 [cm-1]
     freq (    8) =       3.495656 [THz] =     116.602545 [cm-1]
     freq (    9) =       3.533151 [THz] =     117.853246 [cm-1]
     freq (   10) =       3.989479 [THz] =     133.074708 [cm-1]
     freq (   11) =       4.157025 [THz] =     138.663440 [cm-1]
     freq (   12) =       4.590712 [THz] =     153.129683 [cm-1]
     freq (   13) =       8.157330 [THz] =     272.099239 [cm-1]
     freq (   14) =       8.338169 [THz] =     278.131369 [cm-1]
     freq (   15) =       8.365377 [THz] =     279.038934 [cm-1]
     freq (   16) =       8.580610 [THz] =     286.218351 [cm-1]
     freq (   17) =      12.495090 [THz] =     416.791338 [cm-1]
     freq (   18) =      12.823207 [THz] =     427.736153 [cm-1]
 **************************************************************************

     Mode symmetry, D_2h (mmm)  point group:

     freq (   1-   1) =        -98.6  [cm-1]   --> B_2u               
     freq (   2-   2) =        -33.3  [cm-1]   --> A_g                
     freq (   3-   3) =         46.4  [cm-1]   --> B_1u               
     freq (   4-   4) =         61.8  [cm-1]   --> B_3u               
     freq (   5-   5) =         89.3  [cm-1]   --> A_u                
     freq (   6-   6) =         96.3  [cm-1]   --> B_3g               
     freq (   7-   7) =        105.5  [cm-1]   --> B_2u               
     freq (   8-   8) =        116.6  [cm-1]   --> A_u                
     freq (   9-   9) =        117.9  [cm-1]   --> B_3u               
     freq (  10-  10) =        133.1  [cm-1]   --> B_1u               
     freq (  11-  11) =        138.7  [cm-1]   --> B_1u               
     freq (  12-  12) =        153.1  [cm-1]   --> B_2g               
     freq (  13-  13) =        272.1  [cm-1]   --> A_g                
     freq (  14-  14) =        278.1  [cm-1]   --> B_2u               
     freq (  15-  15) =        279.0  [cm-1]   --> B_3u               
     freq (  16-  16) =        286.2  [cm-1]   --> B_1g               
     freq (  17-  17) =        416.8  [cm-1]   --> B_1u               
     freq (  18-  18) =        427.7  [cm-1]   --> B_2g               

     Gaussian Broadening:   0.005 Ry, ngauss=   0
     DOS = 42.690112 states/spin/Ry/Unit Cell at Ef= 17.100257 eV
     double delta at Ef =**********
     lambda(    1)= -0.0254   gamma=    9.04 GHz
     lambda(    2)= -0.1802   gamma=    7.31 GHz
     lambda(    3)=  3.8283   gamma=  301.73 GHz
     lambda(    4)=  0.0292   gamma=    4.08 GHz
     lambda(    5)=  0.2639   gamma=   77.09 GHz
     lambda(    6)=  0.2083   gamma=   70.74 GHz
     lambda(    7)=  0.0143   gamma=    5.83 GHz
     lambda(    8)=  0.0200   gamma=    9.95 GHz
     lambda(    9)=  0.0091   gamma=    4.64 GHz
     lambda(   10)=  0.0946   gamma=   61.35 GHz
     lambda(   11)=  0.0300   gamma=   21.12 GHz
     lambda(   12)=  0.0149   gamma=   12.82 GHz
     lambda(   13)=  0.0084   gamma=   22.81 GHz
     lambda(   14)=  0.0032   gamma=    9.01 GHz
     lambda(   15)=  0.0038   gamma=   10.93 GHz
     lambda(   16)=  0.0030   gamma=    8.92 GHz
     lambda(   17)=  0.0100   gamma=   63.54 GHz
     lambda(   18)=  0.0050   gamma=   33.26 GHz

     Gaussian Broadening:   0.010 Ry, ngauss=   0
     DOS = 40.898055 states/spin/Ry/Unit Cell at Ef= 17.094773 eV
     double delta at Ef =**********
     lambda(    1)= -0.0241   gamma=    8.23 GHz
     lambda(    2)= -0.1676   gamma=    6.51 GHz
     lambda(    3)=  2.3483   gamma=  177.31 GHz
     lambda(    4)=  0.0268   gamma=    3.59 GHz
     lambda(    5)=  0.2375   gamma=   66.47 GHz
     lambda(    6)=  0.2201   gamma=   71.63 GHz
     lambda(    7)=  0.0125   gamma=    4.87 GHz
     lambda(    8)=  0.0192   gamma=    9.17 GHz
     lambda(    9)=  0.0090   gamma=    4.40 GHz
     lambda(   10)=  0.0574   gamma=   35.70 GHz
     lambda(   11)=  0.0305   gamma=   20.60 GHz
     lambda(   12)=  0.0189   gamma=   15.58 GHz
     lambda(   13)=  0.0094   gamma=   24.32 GHz
     lambda(   14)=  0.0038   gamma=   10.28 GHz
     lambda(   15)=  0.0042   gamma=   11.50 GHz
     lambda(   16)=  0.0037   gamma=   10.77 GHz
     lambda(   17)=  0.0072   gamma=   43.88 GHz
     lambda(   18)=  0.0063   gamma=   40.51 GHz

     Gaussian Broadening:   0.015 Ry, ngauss=   0
     DOS = 40.348587 states/spin/Ry/Unit Cell at Ef= 17.092627 eV
     double delta at Ef =**********
     lambda(    1)= -0.0241   gamma=    8.11 GHz
     lambda(    2)= -0.1705   gamma=    6.54 GHz
     lambda(    3)=  1.5842   gamma=  118.01 GHz
     lambda(    4)=  0.0259   gamma=    3.42 GHz
     lambda(    5)=  0.2126   gamma=   58.70 GHz
     lambda(    6)=  0.2003   gamma=   64.30 GHz
     lambda(    7)=  0.0123   gamma=    4.75 GHz
     lambda(    8)=  0.0187   gamma=    8.79 GHz
     lambda(    9)=  0.0089   gamma=    4.30 GHz
     lambda(   10)=  0.0395   gamma=   24.22 GHz
     lambda(   11)=  0.0340   gamma=   22.63 GHz
     lambda(   12)=  0.0215   gamma=   17.45 GHz
     lambda(   13)=  0.0101   gamma=   25.84 GHz
     lambda(   14)=  0.0040   gamma=   10.78 GHz
     lambda(   15)=  0.0052   gamma=   14.12 GHz
     lambda(   16)=  0.0043   gamma=   12.17 GHz
     lambda(   17)=  0.0058   gamma=   34.87 GHz
     lambda(   18)=  0.0064   gamma=   40.77 GHz

     Gaussian Broadening:   0.020 Ry, ngauss=   0
     DOS = 39.347193 states/spin/Ry/Unit Cell at Ef= 17.089001 eV
     double delta at Ef =**********
     lambda(    1)= -0.0255   gamma=    8.37 GHz
     lambda(    2)= -0.1828   gamma=    6.83 GHz
     lambda(    3)=  1.1906   gamma=   86.49 GHz
     lambda(    4)=  0.0281   gamma=    3.63 GHz
     lambda(    5)=  0.1926   gamma=   51.86 GHz
     lambda(    6)=  0.1752   gamma=   54.86 GHz
     lambda(    7)=  0.0125   gamma=    4.71 GHz
     lambda(    8)=  0.0181   gamma=    8.33 GHz
     lambda(    9)=  0.0090   gamma=    4.22 GHz
     lambda(   10)=  0.0308   gamma=   18.43 GHz
     lambda(   11)=  0.0356   gamma=   23.09 GHz
     lambda(   12)=  0.0233   gamma=   18.47 GHz
     lambda(   13)=  0.0105   gamma=   26.23 GHz
     lambda(   14)=  0.0043   gamma=   11.20 GHz
     lambda(   15)=  0.0061   gamma=   16.15 GHz
     lambda(   16)=  0.0049   gamma=   13.48 GHz
     lambda(   17)=  0.0053   gamma=   31.06 GHz
     lambda(   18)=  0.0066   gamma=   40.92 GHz

     Gaussian Broadening:   0.025 Ry, ngauss=   0
     DOS = 38.402598 states/spin/Ry/Unit Cell at Ef= 17.084775 eV
     double delta at Ef =**********
     lambda(    1)= -0.0275   gamma=    8.81 GHz
     lambda(    2)= -0.2003   gamma=    7.31 GHz
     lambda(    3)=  0.9527   gamma=   67.55 GHz
     lambda(    4)=  0.0320   gamma=    4.02 GHz
     lambda(    5)=  0.1771   gamma=   46.55 GHz
     lambda(    6)=  0.1544   gamma=   47.19 GHz
     lambda(    7)=  0.0127   gamma=    4.66 GHz
     lambda(    8)=  0.0175   gamma=    7.86 GHz
     lambda(    9)=  0.0090   gamma=    4.12 GHz
     lambda(   10)=  0.0259   gamma=   15.11 GHz
     lambda(   11)=  0.0359   gamma=   22.73 GHz
     lambda(   12)=  0.0247   gamma=   19.10 GHz
     lambda(   13)=  0.0108   gamma=   26.42 GHz
     lambda(   14)=  0.0046   gamma=   11.64 GHz
     lambda(   15)=  0.0068   gamma=   17.41 GHz
     lambda(   16)=  0.0054   gamma=   14.48 GHz
     lambda(   17)=  0.0051   gamma=   29.47 GHz
     lambda(   18)=  0.0070   gamma=   42.00 GHz

     Gaussian Broadening:   0.030 Ry, ngauss=   0
     DOS = 37.652830 states/spin/Ry/Unit Cell at Ef= 17.081439 eV
     double delta at Ef =**********
     lambda(    1)= -0.0295   gamma=    9.28 GHz
     lambda(    2)= -0.2183   gamma=    7.81 GHz
     lambda(    3)=  0.7955   gamma=   55.30 GHz
     lambda(    4)=  0.0360   gamma=    4.44 GHz
     lambda(    5)=  0.1651   gamma=   42.53 GHz
     lambda(    6)=  0.1382   gamma=   41.42 GHz
     lambda(    7)=  0.0128   gamma=    4.60 GHz
     lambda(    8)=  0.0170   gamma=    7.49 GHz
     lambda(    9)=  0.0089   gamma=    4.02 GHz
     lambda(   10)=  0.0227   gamma=   13.02 GHz
     lambda(   11)=  0.0355   gamma=   22.03 GHz
     lambda(   12)=  0.0256   gamma=   19.43 GHz
     lambda(   13)=  0.0111   gamma=   26.54 GHz
     lambda(   14)=  0.0049   gamma=   12.17 GHz
     lambda(   15)=  0.0072   gamma=   18.14 GHz
     lambda(   16)=  0.0057   gamma=   15.10 GHz
     lambda(   17)=  0.0051   gamma=   28.80 GHz
     lambda(   18)=  0.0074   gamma=   43.49 GHz

     Gaussian Broadening:   0.035 Ry, ngauss=   0
     DOS = 37.088002 states/spin/Ry/Unit Cell at Ef= 17.080005 eV
     double delta at Ef =**********
     lambda(    1)= -0.0314   gamma=    9.72 GHz
     lambda(    2)= -0.2350   gamma=    8.28 GHz
     lambda(    3)=  0.6857   gamma=   46.95 GHz
     lambda(    4)=  0.0395   gamma=    4.80 GHz
     lambda(    5)=  0.1553   gamma=   39.41 GHz
     lambda(    6)=  0.1257   gamma=   37.09 GHz
     lambda(    7)=  0.0128   gamma=    4.54 GHz
     lambda(    8)=  0.0168   gamma=    7.28 GHz
     lambda(    9)=  0.0088   gamma=    3.91 GHz
     lambda(   10)=  0.0206   gamma=   11.60 GHz
     lambda(   11)=  0.0346   gamma=   21.21 GHz
     lambda(   12)=  0.0261   gamma=   19.51 GHz
     lambda(   13)=  0.0113   gamma=   26.56 GHz
     lambda(   14)=  0.0052   gamma=   12.75 GHz
     lambda(   15)=  0.0075   gamma=   18.50 GHz
     lambda(   16)=  0.0059   gamma=   15.44 GHz
     lambda(   17)=  0.0052   gamma=   28.48 GHz
     lambda(   18)=  0.0077   gamma=   44.74 GHz

     Gaussian Broadening:   0.040 Ry, ngauss=   0
     DOS = 36.626932 states/spin/Ry/Unit Cell at Ef= 17.080768 eV
     double delta at Ef =**********
     lambda(    1)= -0.0331   gamma=   10.11 GHz
     lambda(    2)= -0.2505   gamma=    8.72 GHz
     lambda(    3)=  0.6059   gamma=   40.97 GHz
     lambda(    4)=  0.0425   gamma=    5.10 GHz
     lambda(    5)=  0.1473   gamma=   36.91 GHz
     lambda(    6)=  0.1159   gamma=   33.77 GHz
     lambda(    7)=  0.0128   gamma=    4.48 GHz
     lambda(    8)=  0.0169   gamma=    7.24 GHz
     lambda(    9)=  0.0087   gamma=    3.81 GHz
     lambda(   10)=  0.0190   gamma=   10.59 GHz
     lambda(   11)=  0.0337   gamma=   20.36 GHz
     lambda(   12)=  0.0264   gamma=   19.45 GHz
     lambda(   13)=  0.0114   gamma=   26.50 GHz
     lambda(   14)=  0.0055   gamma=   13.33 GHz
     lambda(   15)=  0.0076   gamma=   18.61 GHz
     lambda(   16)=  0.0061   gamma=   15.58 GHz
     lambda(   17)=  0.0052   gamma=   28.30 GHz
     lambda(   18)=  0.0079   gamma=   45.42 GHz

     Gaussian Broadening:   0.045 Ry, ngauss=   0
     DOS = 36.205163 states/spin/Ry/Unit Cell at Ef= 17.083492 eV
     double delta at Ef =**********
     lambda(    1)= -0.0347   gamma=   10.47 GHz
     lambda(    2)= -0.2653   gamma=    9.13 GHz
     lambda(    3)=  0.5459   gamma=   36.49 GHz
     lambda(    4)=  0.0452   gamma=    5.36 GHz
     lambda(    5)=  0.1408   gamma=   34.88 GHz
     lambda(    6)=  0.1081   gamma=   31.13 GHz
     lambda(    7)=  0.0127   gamma=    4.41 GHz
     lambda(    8)=  0.0173   gamma=    7.32 GHz
     lambda(    9)=  0.0086   gamma=    3.72 GHz
     lambda(   10)=  0.0179   gamma=    9.84 GHz
     lambda(   11)=  0.0327   gamma=   19.56 GHz
     lambda(   12)=  0.0265   gamma=   19.33 GHz
     lambda(   13)=  0.0115   gamma=   26.37 GHz
     lambda(   14)=  0.0058   gamma=   13.88 GHz
     lambda(   15)=  0.0077   gamma=   18.58 GHz
     lambda(   16)=  0.0061   gamma=   15.61 GHz
     lambda(   17)=  0.0052   gamma=   28.14 GHz
     lambda(   18)=  0.0080   gamma=   45.56 GHz

     Gaussian Broadening:   0.050 Ry, ngauss=   0
     DOS = 35.783438 states/spin/Ry/Unit Cell at Ef= 17.087765 eV
     double delta at Ef =**********
     lambda(    1)= -0.0362   gamma=   10.82 GHz
     lambda(    2)= -0.2799   gamma=    9.52 GHz
     lambda(    3)=  0.4993   gamma=   32.99 GHz
     lambda(    4)=  0.0477   gamma=    5.60 GHz
     lambda(    5)=  0.1356   gamma=   33.20 GHz
     lambda(    6)=  0.1018   gamma=   28.98 GHz
     lambda(    7)=  0.0127   gamma=    4.35 GHz
     lambda(    8)=  0.0179   gamma=    7.49 GHz
     lambda(    9)=  0.0085   gamma=    3.65 GHz
     lambda(   10)=  0.0170   gamma=    9.27 GHz
     lambda(   11)=  0.0319   gamma=   18.81 GHz
     lambda(   12)=  0.0266   gamma=   19.18 GHz
     lambda(   13)=  0.0115   gamma=   26.23 GHz
     lambda(   14)=  0.0061   gamma=   14.41 GHz
     lambda(   15)=  0.0077   gamma=   18.45 GHz
     lambda(   16)=  0.0062   gamma=   15.57 GHz
     lambda(   17)=  0.0052   gamma=   27.96 GHz
     lambda(   18)=  0.0081   gamma=   45.28 GHz

     PHONON       :  29m44.73s CPU  31m 1.54s WALL

     INITIALIZATION: 
     phq_setup    :      0.03s CPU      0.03s WALL (       1 calls)
     phq_init     :      5.52s CPU      8.84s WALL (       1 calls)

     phq_init     :      5.52s CPU      8.84s WALL (       1 calls)
     init_vloc    :      0.01s CPU      0.02s WALL (       2 calls)
     init_us_1    :      0.00s CPU      0.00s WALL (       2 calls)
     init_us_2    :      8.71s CPU     10.55s WALL (    7884 calls)

     DYNAMICAL MATRIX:
     phqscf       :   1712.87s CPU   1785.51s WALL (       1 calls)
     dynmatrix    :      0.00s CPU      0.00s WALL (       1 calls)

     phqscf       :   1712.87s CPU   1785.51s WALL (       1 calls)
     solve_linter :   1706.66s CPU   1779.13s WALL (       1 calls)
     dfpt_kernel  :   1681.68s CPU   1752.10s WALL (       1 calls)
     sth_kernel   :   1681.35s CPU   1751.76s WALL (       8 calls)
     h_prec       :      2.46s CPU      2.48s WALL (    5256 calls)
     apply_dpot_b :     65.00s CPU     69.11s WALL (    5256 calls)
     ortho        :      5.22s CPU      5.49s WALL (    5256 calls)
     cgsolve      :   1532.61s CPU   1588.92s WALL (    5256 calls)
     incdrhoscf   :     73.08s CPU     77.11s WALL (    5256 calls)
                                        0.00s GPU  (    5256 calls)
     vpsifft      :      8.25s CPU      8.83s WALL (     657 calls)
     dv_of_drho   :      0.10s CPU      0.10s WALL (       8 calls)
     mix_pot      :      0.01s CPU      0.02s WALL (       8 calls)
     drhodv       :      6.21s CPU      6.38s WALL (       1 calls)
     psymdvscf    :      0.21s CPU      0.21s WALL (       8 calls)
     com_dvloc    :      0.71s CPU      0.80s WALL (     675 calls)
                                        0.00s GPU  (     675 calls)
     addcore      :      0.00s CPU      0.00s WALL (       1 calls)
                                        0.00s GPU  (       1 calls)

     dvqpsi_us    :     13.53s CPU     14.04s WALL (     657 calls)
                                        0.00s GPU  (     657 calls)
     dvqpsi_us_on :      2.20s CPU      2.21s WALL (     657 calls)

     add_vuspsi   :    102.73s CPU    103.14s WALL (  154103 calls)


      Electron-phonon coupling
     elphel       :     10.61s CPU     11.82s WALL (       1 calls)

      General routines
     calbec       :    165.53s CPU    170.49s WALL (  159359 calls)
     fft          :      0.26s CPU      0.26s WALL (     111 calls)
     ffts         :      0.65s CPU      0.72s WALL (     675 calls)
     fftw         :   1122.40s CPU   1174.40s WALL ( 7023916 calls)
     davcio       :      5.29s CPU     13.77s WALL (   30942 calls)
     write_rec    :      0.00s CPU      0.00s WALL (       9 calls)

      Additional routines
     ch_psi       :   1454.25s CPU   1509.52s WALL (  154103 calls)
     last         :     89.27s CPU     90.30s WALL (  154103 calls)
     Hesh         :      8.04s CPU      8.08s WALL (  154103 calls)
     ch_psi_all_k :     80.95s CPU     81.98s WALL (  154103 calls)
                                        0.00s GPU  (  154103 calls)
     h_psi_bgrp   :   1345.87s CPU   1399.93s WALL (  154103 calls)
     h_psi        :   1345.77s CPU   1399.82s WALL (  154103 calls)
     h_psi:pot    :   1340.71s CPU   1394.75s WALL (  154103 calls)
     h_psi:calbec :    157.23s CPU    161.87s WALL (  154103 calls)
     s_psi_bgrp   :      8.85s CPU      8.91s WALL (  313462 calls)


     PHONON       :  29m44.73s CPU  31m 1.54s WALL


   This run was terminated on:  22:28:57  17Jun2026            

=------------------------------------------------------------------------------=
   JOB DONE.
=------------------------------------------------------------------------------=

     Program PHONON v.7.5 starts on 17Jun2026 at 22:30: 1 

     This program is part of the open-source Quantum ESPRESSO suite
     for quantum simulation of materials; please cite
         "P. Giannozzi et al., J. Phys.:Condens. Matter 21 395502 (2009);
         "P. Giannozzi et al., J. Phys.:Condens. Matter 29 465901 (2017);
         "P. Giannozzi et al., J. Chem. Phys. 152 154105 (2020);
          URL http://www.quantum-espresso.org", 
     in publications or presentations arising from this work. More details at
     http://www.quantum-espresso.org/quote

     Parallel version (MPI & OpenMP), running on       6 processor cores
     Number of MPI processes:                 6
     Threads/MPI process:                     1

     MPI processes distributed on     1 nodes
     11205 MiB available memory on the printing compute node when the environment starts

     Reading input from ph.in

     Reading xml data from directory:

     ./out/_ph0/laos3si2.save/
     Message from routine qexsd_readschema :
     input info not found or not readable in xml file

     R & G space division:  proc/nbgrp/npool/nimage =       6
     Subspace diagonalization in iterative solution of the eigenvalue problem:
     a serial algorithm will be used


     IMPORTANT: XC functional enforced from input :
     Exchange-correlation= PBE
                           (   1   4   3   4   0   0   0)
     Any further DFT definition will be discarded
     Please, verify this is what you really want


     Parallelization info
     --------------------
     sticks:   dense  smooth     PW     G-vecs:    dense   smooth      PW
     Min         462     462    128                13279    13279    1992
     Max         464     464    129                13281    13281    1995
     Sum        2779    2779    769                79681    79681   11963

     Using Slab Decomposition

     read_file_ph: Wavefunctions in collected format not needed

     Saving dvscf to file. Distribute only q points, not irreducible representations.
        4 /   4 q-points for this run, from  1 to  4:
       N       xq(1)         xq(2)         xq(3) 
       1   0.000000000   0.000000000   0.000000000
       2   0.000000000   0.000000000  -0.746391199
       3   0.000000000  -0.577350269   0.000000000
       4   0.000000000  -0.577350269  -0.746391199


     Calculation of q =    0.0000000   0.0000000   0.0000000

     Bands found: reading from ./out/_ph0/

     Reading xml data from directory:

     ./out/_ph0/laos3si2.save/
     Message from routine qexsd_readschema :
     input info not found or not readable in xml file

     IMPORTANT: XC functional enforced from input :
     Exchange-correlation= PBE
                           (   1   4   3   4   0   0   0)
     Any further DFT definition will be discarded
     Please, verify this is what you really want


     Parallelization info
     --------------------
     sticks:   dense  smooth     PW     G-vecs:    dense   smooth      PW
     Min         462     462    128                13279    13279    1992
     Max         464     464    129                13281    13281    1995
     Sum        2779    2779    769                79681    79681   11963

     Using Slab Decomposition

     read_file_new: Wavefunctions not in collected format?!?
     read_file: Wavefunctions in collected format not available

     Restart after Phonon calculation

     LaOs3Si2 DFPT electron-phonon (Os-kagome flat-band-at-E_F winner; does flat

     bravais-lattice index     =            4
     lattice parameter (alat)  =      10.5991  a.u.
     unit-cell volume          =     690.7821 (a.u.)^3
     number of atoms/cell      =            6
     number of atomic types    =            3
     kinetic-energy cut-off    =      90.0000  Ry
     charge density cut-off    =     360.0000  Ry
     convergence threshold     =      1.0E-14
     beta                      =       0.4000
     number of iterations used =            4
     Exchange-correlation= PBE
                           (   1   4   3   4   0   0   0)


     celldm(1)=   10.59910  celldm(2)=    0.00000  celldm(3)=    0.66989
     celldm(4)=    0.00000  celldm(5)=    0.00000  celldm(6)=    0.00000

     crystal axes: (cart. coord. in units of alat)
               a(1) = (  1.0000  0.0000  0.0000 )  
               a(2) = ( -0.5000  0.8660  0.0000 )  
               a(3) = (  0.0000  0.0000  0.6699 )  

     reciprocal axes: (cart. coord. in units 2 pi/alat)
               b(1) = (  1.0000  0.5774 -0.0000 )  
               b(2) = (  0.0000  1.1547  0.0000 )  
               b(3) = (  0.0000 -0.0000  1.4928 )  


     Atoms inside the unit cell: 

     Cartesian axes

     site n.  atom      mass           positions (alat units)
        1  La    138.9050   tau(    1) = (    0.00000    0.00000    0.00000  )
        2  Os    190.2300   tau(    2) = (    0.50000    0.00000    0.33494  )
        3  Os    190.2300   tau(    3) = (   -0.25000    0.43301    0.33494  )
        4  Os    190.2300   tau(    4) = (    0.25000    0.43301    0.33494  )
        5  Si     28.0855   tau(    5) = (   -0.00000    0.57735    0.00000  )
        6  Si     28.0855   tau(    6) = (    0.50000    0.28867    0.00000  )

     Computing dynamical matrix for 
                    q = (   0.0000000   0.0000000   0.0000000 )

     25 Sym.Ops. (with q -> -q+G )


     G cutoff = 1024.4264  (  13281 G-vectors)     FFT grid: ( 72, 72, 45)

     number of k points=   270  Methfessel-Paxton smearing, width (Ry)=  0.0200

     PseudoPot. # 1 for La read from file:
     ./pseudo/La_ONCV_PBE_sr.upf
     MD5 check sum: a50acaeba93a6b852b3e187ea6859932
     Pseudo is Norm-conserving, Zval = 11.0
     Generated using ONCVPSP code by D. R. Hamann
     Using radial grid of  602 points,  8 beta functions with: 
                l(1) =   0
                l(2) =   0
                l(3) =   1
                l(4) =   1
                l(5) =   2
                l(6) =   2
                l(7) =   3
                l(8) =   3

     PseudoPot. # 2 for Os read from file:
     ./pseudo/Os_ONCV_PBE_sr.upf
     MD5 check sum: 95cd203db9fc26cc83e0e7c2505c7528
     Pseudo is Norm-conserving, Zval = 16.0
     Generated using ONCVPSP code by D. R. Hamann
     Using radial grid of  602 points,  8 beta functions with: 
                l(1) =   0
                l(2) =   0
                l(3) =   1
                l(4) =   1
                l(5) =   2
                l(6) =   2
                l(7) =   3
                l(8) =   3

     PseudoPot. # 3 for Si read from file:
     ./pseudo/Si_ONCV_PBE_sr.upf
     MD5 check sum: 7f029a58b69e3aa87b46a36c608bf45e
     Pseudo is Norm-conserving, Zval =  4.0
     Generated using ONCVPSP code by D. R. Hamann
     Using radial grid of  602 points,  4 beta functions with: 
                l(1) =   0
                l(2) =   0
                l(3) =   1
                l(4) =   1

     Mode symmetry, D_6h(6/mmm) point group:


     Atomic displacements:
     There are   12 irreducible representations

     Representation     1      1 modes -  Done

     Representation     2      2 modes -  Done

     Representation     3      1 modes -  Done

     Representation     4      1 modes -  Done

     Representation     5      1 modes -  Done

     Representation     6      1 modes -  Done

     Representation     7      1 modes -  Done

     Representation     8      2 modes -  Done

     Representation     9      2 modes -  Done

     Representation    10      2 modes -  Done

     Representation    11      2 modes -  Done

     Representation    12      2 modes -  Done


     PHONON       :     49.27s CPU     49.79s WALL


     Number of q in the star =    1
     List of q in the star:
          1   0.000000000   0.000000000   0.000000000

     Diagonalizing the dynamical matrix

     q = (    0.000000000   0.000000000   0.000000000 ) 

 **************************************************************************
     freq (    1) =      -2.762346 [THz] =     -92.141945 [cm-1]
     freq (    2) =      -1.514353 [THz] =     -50.513392 [cm-1]
     freq (    3) =      -1.514353 [THz] =     -50.513392 [cm-1]
     freq (    4) =      -1.026796 [THz] =     -34.250220 [cm-1]
     freq (    5) =      -1.026796 [THz] =     -34.250220 [cm-1]
     freq (    6) =       1.959674 [THz] =      65.367678 [cm-1]
     freq (    7) =       1.959674 [THz] =      65.367678 [cm-1]
     freq (    8) =       2.406010 [THz] =      80.255848 [cm-1]
     freq (    9) =       3.509431 [THz] =     117.062032 [cm-1]
     freq (   10) =       3.815584 [THz] =     127.274168 [cm-1]
     freq (   11) =       3.815584 [THz] =     127.274168 [cm-1]
     freq (   12) =       6.110897 [THz] =     203.837595 [cm-1]
     freq (   13) =       7.307923 [THz] =     243.766072 [cm-1]
     freq (   14) =       7.307923 [THz] =     243.766072 [cm-1]
     freq (   15) =       8.955253 [THz] =     298.715071 [cm-1]
     freq (   16) =       8.955253 [THz] =     298.715071 [cm-1]
     freq (   17) =      12.267726 [THz] =     409.207299 [cm-1]
     freq (   18) =      12.375328 [THz] =     412.796507 [cm-1]
 **************************************************************************

     Mode symmetry, D_6h(6/mmm) point group:

     freq (   1-   1) =        -92.1  [cm-1]   --> A_2u            I  
     freq (   2-   3) =        -50.5  [cm-1]   --> E_1u            I  
     freq (   4-   5) =        -34.3  [cm-1]   --> E_2u               
     freq (   6-   7) =         65.4  [cm-1]   --> E_1u            I  
     freq (   8-   8) =         80.3  [cm-1]   --> A_2u            I  
     freq (   9-   9) =        117.1  [cm-1]   --> B_1u               
     freq (  10-  11) =        127.3  [cm-1]   --> E_1u            I  
     freq (  12-  12) =        203.8  [cm-1]   --> B_2u               
     freq (  13-  14) =        243.8  [cm-1]   --> E_1u            I  
     freq (  15-  16) =        298.7  [cm-1]   --> E_2g            R  
     freq (  17-  17) =        409.2  [cm-1]   --> A_2u            I  
     freq (  18-  18) =        412.8  [cm-1]   --> B_1g               

     Gaussian Broadening:   0.005 Ry, ngauss=   0
     DOS = 42.691395 states/spin/Ry/Unit Cell at Ef= 17.100262 eV
     double delta at Ef =**********
     lambda(    1)= -0.0002   gamma=    0.06 GHz
     lambda(    2)= -0.5014   gamma=   46.87 GHz
     lambda(    3)= -0.5014   gamma=   46.87 GHz
     lambda(    4)= -0.0383   gamma=    1.65 GHz
     lambda(    5)= -0.0383   gamma=    1.65 GHz
     lambda(    6)=  0.0478   gamma=    7.48 GHz
     lambda(    7)=  0.0478   gamma=    7.48 GHz
     lambda(    8)=  0.0049   gamma=    1.15 GHz
     lambda(    9)=  0.0089   gamma=    4.49 GHz
     lambda(   10)=  0.0020   gamma=    1.17 GHz
     lambda(   11)=  0.0020   gamma=    1.17 GHz
     lambda(   12)=  0.0045   gamma=    6.85 GHz
     lambda(   13)=  0.0033   gamma=    7.14 GHz
     lambda(   14)=  0.0033   gamma=    7.14 GHz
     lambda(   15)=  0.0805   gamma=  263.05 GHz
     lambda(   16)=  0.0805   gamma=  263.05 GHz
     lambda(   17)=  0.0001   gamma=    0.41 GHz
     lambda(   18)=  0.0105   gamma=   65.58 GHz

     Gaussian Broadening:   0.010 Ry, ngauss=   0
     DOS = 40.898652 states/spin/Ry/Unit Cell at Ef= 17.094779 eV
     double delta at Ef =**********
     lambda(    1)= -0.0004   gamma=    0.12 GHz
     lambda(    2)= -0.3416   gamma=   30.60 GHz
     lambda(    3)= -0.3416   gamma=   30.60 GHz
     lambda(    4)= -0.0839   gamma=    3.45 GHz
     lambda(    5)= -0.0839   gamma=    3.45 GHz
     lambda(    6)=  0.0325   gamma=    4.87 GHz
     lambda(    7)=  0.0325   gamma=    4.87 GHz
     lambda(    8)=  0.0111   gamma=    2.51 GHz
     lambda(    9)=  0.0142   gamma=    6.82 GHz
     lambda(   10)=  0.0047   gamma=    2.69 GHz
     lambda(   11)=  0.0047   gamma=    2.69 GHz
     lambda(   12)=  0.0089   gamma=   12.93 GHz
     lambda(   13)=  0.0037   gamma=    7.61 GHz
     lambda(   14)=  0.0037   gamma=    7.61 GHz
     lambda(   15)=  0.0504   gamma=  157.86 GHz
     lambda(   16)=  0.0504   gamma=  157.86 GHz
     lambda(   17)=  0.0005   gamma=    3.19 GHz
     lambda(   18)=  0.0096   gamma=   57.23 GHz

     Gaussian Broadening:   0.015 Ry, ngauss=   0
     DOS = 40.349101 states/spin/Ry/Unit Cell at Ef= 17.092632 eV
     double delta at Ef =**********
     lambda(    1)= -0.0005   gamma=    0.14 GHz
     lambda(    2)= -0.3516   gamma=   31.07 GHz
     lambda(    3)= -0.3516   gamma=   31.07 GHz
     lambda(    4)= -0.1191   gamma=    4.84 GHz
     lambda(    5)= -0.1191   gamma=    4.84 GHz
     lambda(    6)=  0.0327   gamma=    4.83 GHz
     lambda(    7)=  0.0327   gamma=    4.83 GHz
     lambda(    8)=  0.0121   gamma=    2.69 GHz
     lambda(    9)=  0.0258   gamma=   12.27 GHz
     lambda(   10)=  0.0076   gamma=    4.29 GHz
     lambda(   11)=  0.0076   gamma=    4.29 GHz
     lambda(   12)=  0.0108   gamma=   15.50 GHz
     lambda(   13)=  0.0041   gamma=    8.47 GHz
     lambda(   14)=  0.0041   gamma=    8.47 GHz
     lambda(   15)=  0.0430   gamma=  132.94 GHz
     lambda(   16)=  0.0430   gamma=  132.94 GHz
     lambda(   17)=  0.0013   gamma=    7.83 GHz
     lambda(   18)=  0.0091   gamma=   53.74 GHz

     Gaussian Broadening:   0.020 Ry, ngauss=   0
     DOS = 39.347538 states/spin/Ry/Unit Cell at Ef= 17.089005 eV
     double delta at Ef =**********
     lambda(    1)= -0.0005   gamma=    0.13 GHz
     lambda(    2)= -0.3756   gamma=   32.37 GHz
     lambda(    3)= -0.3756   gamma=   32.37 GHz
     lambda(    4)= -0.1543   gamma=    6.11 GHz
     lambda(    5)= -0.1543   gamma=    6.11 GHz
     lambda(    6)=  0.0348   gamma=    5.02 GHz
     lambda(    7)=  0.0348   gamma=    5.02 GHz
     lambda(    8)=  0.0118   gamma=    2.57 GHz
     lambda(    9)=  0.0330   gamma=   15.27 GHz
     lambda(   10)=  0.0096   gamma=    5.27 GHz
     lambda(   11)=  0.0096   gamma=    5.27 GHz
     lambda(   12)=  0.0116   gamma=   16.23 GHz
     lambda(   13)=  0.0050   gamma=   10.08 GHz
     lambda(   14)=  0.0050   gamma=   10.08 GHz
     lambda(   15)=  0.0414   gamma=  124.71 GHz
     lambda(   16)=  0.0414   gamma=  124.71 GHz
     lambda(   17)=  0.0019   gamma=   10.46 GHz
     lambda(   18)=  0.0090   gamma=   51.68 GHz

     Gaussian Broadening:   0.025 Ry, ngauss=   0
     DOS = 38.402782 states/spin/Ry/Unit Cell at Ef= 17.084780 eV
     double delta at Ef =**********
     lambda(    1)= -0.0005   gamma=    0.13 GHz
     lambda(    2)= -0.4004   gamma=   33.67 GHz
     lambda(    3)= -0.4004   gamma=   33.67 GHz
     lambda(    4)= -0.1841   gamma=    7.12 GHz
     lambda(    5)= -0.1841   gamma=    7.12 GHz
     lambda(    6)=  0.0372   gamma=    5.24 GHz
     lambda(    7)=  0.0372   gamma=    5.24 GHz
     lambda(    8)=  0.0113   gamma=    2.40 GHz
     lambda(    9)=  0.0366   gamma=   16.51 GHz
     lambda(   10)=  0.0110   gamma=    5.86 GHz
     lambda(   11)=  0.0110   gamma=    5.86 GHz
     lambda(   12)=  0.0118   gamma=   16.21 GHz
     lambda(   13)=  0.0061   gamma=   11.99 GHz
     lambda(   14)=  0.0061   gamma=   11.99 GHz
     lambda(   15)=  0.0409   gamma=  120.33 GHz
     lambda(   16)=  0.0409   gamma=  120.33 GHz
     lambda(   17)=  0.0022   gamma=   12.13 GHz
     lambda(   18)=  0.0090   gamma=   50.80 GHz

     Gaussian Broadening:   0.030 Ry, ngauss=   0
     DOS = 37.652926 states/spin/Ry/Unit Cell at Ef= 17.081443 eV
     double delta at Ef =**********
     lambda(    1)= -0.0005   gamma=    0.14 GHz
     lambda(    2)= -0.4218   gamma=   34.78 GHz
     lambda(    3)= -0.4218   gamma=   34.78 GHz
     lambda(    4)= -0.2071   gamma=    7.85 GHz
     lambda(    5)= -0.2071   gamma=    7.85 GHz
     lambda(    6)=  0.0393   gamma=    5.43 GHz
     lambda(    7)=  0.0393   gamma=    5.43 GHz
     lambda(    8)=  0.0108   gamma=    2.26 GHz
     lambda(    9)=  0.0382   gamma=   16.90 GHz
     lambda(   10)=  0.0118   gamma=    6.19 GHz
     lambda(   11)=  0.0118   gamma=    6.19 GHz
     lambda(   12)=  0.0119   gamma=   15.92 GHz
     lambda(   13)=  0.0072   gamma=   13.82 GHz
     lambda(   14)=  0.0072   gamma=   13.82 GHz
     lambda(   15)=  0.0406   gamma=  117.00 GHz
     lambda(   16)=  0.0406   gamma=  117.00 GHz
     lambda(   17)=  0.0025   gamma=   13.56 GHz
     lambda(   18)=  0.0092   gamma=   50.56 GHz

     Gaussian Broadening:   0.035 Ry, ngauss=   0
     DOS = 37.088056 states/spin/Ry/Unit Cell at Ef= 17.080009 eV
     double delta at Ef =**********
     lambda(    1)= -0.0005   gamma=    0.14 GHz
     lambda(    2)= -0.4379   gamma=   35.57 GHz
     lambda(    3)= -0.4379   gamma=   35.57 GHz
     lambda(    4)= -0.2241   gamma=    8.37 GHz
     lambda(    5)= -0.2241   gamma=    8.37 GHz
     lambda(    6)=  0.0408   gamma=    5.55 GHz
     lambda(    7)=  0.0408   gamma=    5.55 GHz
     lambda(    8)=  0.0105   gamma=    2.14 GHz
     lambda(    9)=  0.0387   gamma=   16.90 GHz
     lambda(   10)=  0.0123   gamma=    6.34 GHz
     lambda(   11)=  0.0123   gamma=    6.34 GHz
     lambda(   12)=  0.0118   gamma=   15.59 GHz
     lambda(   13)=  0.0082   gamma=   15.42 GHz
     lambda(   14)=  0.0082   gamma=   15.42 GHz
     lambda(   15)=  0.0400   gamma=  113.58 GHz
     lambda(   16)=  0.0400   gamma=  113.58 GHz
     lambda(   17)=  0.0028   gamma=   14.87 GHz
     lambda(   18)=  0.0093   gamma=   50.39 GHz

     Gaussian Broadening:   0.040 Ry, ngauss=   0
     DOS = 36.626964 states/spin/Ry/Unit Cell at Ef= 17.080771 eV
     double delta at Ef =**********
     lambda(    1)= -0.0006   gamma=    0.15 GHz
     lambda(    2)= -0.4492   gamma=   36.03 GHz
     lambda(    3)= -0.4492   gamma=   36.03 GHz
     lambda(    4)= -0.2368   gamma=    8.73 GHz
     lambda(    5)= -0.2368   gamma=    8.73 GHz
     lambda(    6)=  0.0419   gamma=    5.63 GHz
     lambda(    7)=  0.0419   gamma=    5.63 GHz
     lambda(    8)=  0.0101   gamma=    2.05 GHz
     lambda(    9)=  0.0389   gamma=   16.75 GHz
     lambda(   10)=  0.0125   gamma=    6.37 GHz
     lambda(   11)=  0.0125   gamma=    6.37 GHz
     lambda(   12)=  0.0117   gamma=   15.27 GHz
     lambda(   13)=  0.0090   gamma=   16.72 GHz
     lambda(   14)=  0.0090   gamma=   16.72 GHz
     lambda(   15)=  0.0391   gamma=  109.72 GHz
     lambda(   16)=  0.0391   gamma=  109.72 GHz
     lambda(   17)=  0.0030   gamma=   15.96 GHz
     lambda(   18)=  0.0093   gamma=   49.97 GHz

     Gaussian Broadening:   0.045 Ry, ngauss=   0
     DOS = 36.205181 states/spin/Ry/Unit Cell at Ef= 17.083495 eV
     double delta at Ef =**********
     lambda(    1)= -0.0006   gamma=    0.15 GHz
     lambda(    2)= -0.4565   gamma=   36.20 GHz
     lambda(    3)= -0.4565   gamma=   36.20 GHz
     lambda(    4)= -0.2467   gamma=    8.99 GHz
     lambda(    5)= -0.2467   gamma=    8.99 GHz
     lambda(    6)=  0.0426   gamma=    5.66 GHz
     lambda(    7)=  0.0426   gamma=    5.66 GHz
     lambda(    8)=  0.0099   gamma=    1.98 GHz
     lambda(    9)=  0.0389   gamma=   16.57 GHz
     lambda(   10)=  0.0126   gamma=    6.33 GHz
     lambda(   11)=  0.0126   gamma=    6.33 GHz
     lambda(   12)=  0.0116   gamma=   14.94 GHz
     lambda(   13)=  0.0096   gamma=   17.72 GHz
     lambda(   14)=  0.0096   gamma=   17.72 GHz
     lambda(   15)=  0.0381   gamma=  105.50 GHz
     lambda(   16)=  0.0381   gamma=  105.50 GHz
     lambda(   17)=  0.0032   gamma=   16.79 GHz
     lambda(   18)=  0.0093   gamma=   49.19 GHz

     Gaussian Broadening:   0.050 Ry, ngauss=   0
     DOS = 35.783445 states/spin/Ry/Unit Cell at Ef= 17.087769 eV
     double delta at Ef =**********
     lambda(    1)= -0.0006   gamma=    0.16 GHz
     lambda(    2)= -0.4604   gamma=   36.08 GHz
     lambda(    3)= -0.4604   gamma=   36.08 GHz
     lambda(    4)= -0.2548   gamma=    9.18 GHz
     lambda(    5)= -0.2548   gamma=    9.18 GHz
     lambda(    6)=  0.0431   gamma=    5.65 GHz
     lambda(    7)=  0.0431   gamma=    5.65 GHz
     lambda(    8)=  0.0097   gamma=    1.93 GHz
     lambda(    9)=  0.0390   gamma=   16.40 GHz
     lambda(   10)=  0.0126   gamma=    6.25 GHz
     lambda(   11)=  0.0126   gamma=    6.25 GHz
     lambda(   12)=  0.0114   gamma=   14.60 GHz
     lambda(   13)=  0.0101   gamma=   18.45 GHz
     lambda(   14)=  0.0101   gamma=   18.45 GHz
     lambda(   15)=  0.0369   gamma=  101.13 GHz
     lambda(   16)=  0.0369   gamma=  101.13 GHz
     lambda(   17)=  0.0034   gamma=   17.39 GHz
     lambda(   18)=  0.0092   gamma=   48.11 GHz

     Calculation of q =    0.0000000   0.0000000  -0.7463912

     Bands found: reading from ./out/_ph0/laos3si2.q_2/

     Reading xml data from directory:

     ./out/_ph0/laos3si2.q_2/laos3si2.save/
     Message from routine qexsd_readschema :
     input info not found or not readable in xml file

     IMPORTANT: XC functional enforced from input :
     Exchange-correlation= PBE
                           (   1   4   3   4   0   0   0)
     Any further DFT definition will be discarded
     Please, verify this is what you really want


     Parallelization info
     --------------------
     sticks:   dense  smooth     PW     G-vecs:    dense   smooth      PW
     Min         462     462    141                13280    13280    2223
     Max         464     464    142                13281    13281    2226
     Sum        2779    2779    847                79681    79681   13349

     Using Slab Decomposition

     read_file_new: Wavefunctions not in collected format?!?
     read_file: Wavefunctions in collected format not available

     LaOs3Si2 DFPT electron-phonon (Os-kagome flat-band-at-E_F winner; does flat

     bravais-lattice index     =            4
     lattice parameter (alat)  =      10.5991  a.u.
     unit-cell volume          =     690.7821 (a.u.)^3
     number of atoms/cell      =            6
     number of atomic types    =            3
     kinetic-energy cut-off    =      90.0000  Ry
     charge density cut-off    =     360.0000  Ry
     convergence threshold     =      1.0E-14
     beta                      =       0.4000
     number of iterations used =            4
     Exchange-correlation= PBE
                           (   1   4   3   4   0   0   0)


     celldm(1)=   10.59910  celldm(2)=    0.00000  celldm(3)=    0.66989
     celldm(4)=    0.00000  celldm(5)=    0.00000  celldm(6)=    0.00000

     crystal axes: (cart. coord. in units of alat)
               a(1) = (  1.0000  0.0000  0.0000 )  
               a(2) = ( -0.5000  0.8660  0.0000 )  
               a(3) = (  0.0000  0.0000  0.6699 )  

     reciprocal axes: (cart. coord. in units 2 pi/alat)
               b(1) = (  1.0000  0.5774 -0.0000 )  
               b(2) = (  0.0000  1.1547  0.0000 )  
               b(3) = (  0.0000 -0.0000  1.4928 )  


     Atoms inside the unit cell: 

     Cartesian axes

     site n.  atom      mass           positions (alat units)
        1  La    138.9050   tau(    1) = (    0.00000    0.00000    0.00000  )
        2  Os    190.2300   tau(    2) = (    0.50000    0.00000    0.33494  )
        3  Os    190.2300   tau(    3) = (   -0.25000    0.43301    0.33494  )
        4  Os    190.2300   tau(    4) = (    0.25000    0.43301    0.33494  )
        5  Si     28.0855   tau(    5) = (   -0.00000    0.57735    0.00000  )
        6  Si     28.0855   tau(    6) = (    0.50000    0.28867    0.00000  )

     Computing dynamical matrix for 
                    q = (   0.0000000   0.0000000  -0.7463912 )

     25 Sym.Ops. (with q -> -q+G )


     G cutoff = 1024.4264  (  13280 G-vectors)     FFT grid: ( 72, 72, 45)

     number of k points=   540  Methfessel-Paxton smearing, width (Ry)=  0.0200

     PseudoPot. # 1 for La read from file:
     ./pseudo/La_ONCV_PBE_sr.upf
     MD5 check sum: a50acaeba93a6b852b3e187ea6859932
     Pseudo is Norm-conserving, Zval = 11.0
     Generated using ONCVPSP code by D. R. Hamann
     Using radial grid of  602 points,  8 beta functions with: 
                l(1) =   0
                l(2) =   0
                l(3) =   1
                l(4) =   1
                l(5) =   2
                l(6) =   2
                l(7) =   3
                l(8) =   3

     PseudoPot. # 2 for Os read from file:
     ./pseudo/Os_ONCV_PBE_sr.upf
     MD5 check sum: 95cd203db9fc26cc83e0e7c2505c7528
     Pseudo is Norm-conserving, Zval = 16.0
     Generated using ONCVPSP code by D. R. Hamann
     Using radial grid of  602 points,  8 beta functions with: 
                l(1) =   0
                l(2) =   0
                l(3) =   1
                l(4) =   1
                l(5) =   2
                l(6) =   2
                l(7) =   3
                l(8) =   3

     PseudoPot. # 3 for Si read from file:
     ./pseudo/Si_ONCV_PBE_sr.upf
     MD5 check sum: 7f029a58b69e3aa87b46a36c608bf45e
     Pseudo is Norm-conserving, Zval =  4.0
     Generated using ONCVPSP code by D. R. Hamann
     Using radial grid of  602 points,  4 beta functions with: 
                l(1) =   0
                l(2) =   0
                l(3) =   1
                l(4) =   1

     Mode symmetry, D_6h(6/mmm) point group:


     Atomic displacements:
     There are   12 irreducible representations

     Representation     1      1 modes -  Done

     Representation     2      1 modes -  Done

     Representation     3      1 modes -  Done

     Representation     4      1 modes -  Done

     Representation     5      2 modes -  Done

     Representation     6      2 modes -  Done

     Representation     7      2 modes -  Done

     Representation     8      2 modes -  Done

     Representation     9      1 modes -  Done

     Representation    10      1 modes -  Done

     Representation    11      2 modes -  Done

     Representation    12      2 modes -  Done


     PHONON       :     58.14s CPU     58.74s WALL


     Number of q in the star =    1
     List of q in the star:
          1   0.000000000   0.000000000  -0.746391199

     Diagonalizing the dynamical matrix

     q = (    0.000000000   0.000000000  -0.746391199 ) 

 **************************************************************************
     freq (    1) =      -3.309922 [THz] =    -110.407128 [cm-1]
     freq (    2) =      -3.309922 [THz] =    -110.407128 [cm-1]
     freq (    3) =      -1.843044 [THz] =     -61.477334 [cm-1]
     freq (    4) =      -1.843044 [THz] =     -61.477334 [cm-1]
     freq (    5) =       2.703728 [THz] =      90.186675 [cm-1]
     freq (    6) =       2.995859 [THz] =      99.931109 [cm-1]
     freq (    7) =       2.995859 [THz] =      99.931109 [cm-1]
     freq (    8) =       3.049297 [THz] =     101.713610 [cm-1]
     freq (    9) =       3.049297 [THz] =     101.713610 [cm-1]
     freq (   10) =       3.327864 [THz] =     111.005601 [cm-1]
     freq (   11) =       3.753946 [THz] =     125.218147 [cm-1]
     freq (   12) =       4.277241 [THz] =     142.673391 [cm-1]
     freq (   13) =       8.072967 [THz] =     269.285204 [cm-1]
     freq (   14) =       8.072967 [THz] =     269.285204 [cm-1]
     freq (   15) =       8.760367 [THz] =     292.214405 [cm-1]
     freq (   16) =       8.760367 [THz] =     292.214405 [cm-1]
     freq (   17) =      12.690071 [THz] =     423.295222 [cm-1]
     freq (   18) =      13.179777 [THz] =     439.630025 [cm-1]
 **************************************************************************

     Mode symmetry, D_6h(6/mmm) point group:

     freq (   1-   2) =       -110.4  [cm-1]   --> E_2g               
     freq (   3-   4) =        -61.5  [cm-1]   --> E_1g               
     freq (   5-   5) =         90.2  [cm-1]   --> B_2g               
     freq (   6-   7) =         99.9  [cm-1]   --> E_1g               
     freq (   8-   9) =        101.7  [cm-1]   --> E_1u               
     freq (  10-  10) =        111.0  [cm-1]   --> A_1g               
     freq (  11-  11) =        125.2  [cm-1]   --> A_2u               
     freq (  12-  12) =        142.7  [cm-1]   --> B_1g               
     freq (  13-  14) =        269.3  [cm-1]   --> E_2g               
     freq (  15-  16) =        292.2  [cm-1]   --> E_1u               
     freq (  17-  17) =        423.3  [cm-1]   --> B_1g               
     freq (  18-  18) =        439.6  [cm-1]   --> A_2u               

     Gaussian Broadening:   0.005 Ry, ngauss=   0
     DOS = 42.691395 states/spin/Ry/Unit Cell at Ef= 17.100262 eV
     double delta at Ef =**********
     lambda(    1)= -0.0169   gamma=    7.56 GHz
     lambda(    2)= -0.0169   gamma=    7.56 GHz
     lambda(    3)= -1.6586   gamma=  229.68 GHz
     lambda(    4)= -1.6586   gamma=  229.68 GHz
     lambda(    5)=  0.2024   gamma=   60.33 GHz
     lambda(    6)=  0.0288   gamma=   10.54 GHz
     lambda(    7)=  0.0288   gamma=   10.54 GHz
     lambda(    8)=  0.0083   gamma=    3.14 GHz
     lambda(    9)=  0.0083   gamma=    3.14 GHz
     lambda(   10)=  0.0044   gamma=    1.99 GHz
     lambda(   11)=  0.0217   gamma=   12.48 GHz
     lambda(   12)=  0.0271   gamma=   20.19 GHz
     lambda(   13)=  0.0035   gamma=    9.25 GHz
     lambda(   14)=  0.0035   gamma=    9.25 GHz
     lambda(   15)=  0.0051   gamma=   15.92 GHz
     lambda(   16)=  0.0051   gamma=   15.92 GHz
     lambda(   17)=  0.0025   gamma=   16.46 GHz
     lambda(   18)=  0.0309   gamma=  218.85 GHz

     Gaussian Broadening:   0.010 Ry, ngauss=   0
     DOS = 40.898652 states/spin/Ry/Unit Cell at Ef= 17.094779 eV
     double delta at Ef =**********
     lambda(    1)= -0.0160   gamma=    6.85 GHz
     lambda(    2)= -0.0160   gamma=    6.85 GHz
     lambda(    3)= -1.0842   gamma=  143.83 GHz
     lambda(    4)= -1.0842   gamma=  143.83 GHz
     lambda(    5)=  0.1446   gamma=   41.27 GHz
     lambda(    6)=  0.0237   gamma=    8.30 GHz
     lambda(    7)=  0.0237   gamma=    8.30 GHz
     lambda(    8)=  0.0127   gamma=    4.61 GHz
     lambda(    9)=  0.0127   gamma=    4.61 GHz
     lambda(   10)=  0.0054   gamma=    2.32 GHz
     lambda(   11)=  0.0140   gamma=    7.69 GHz
     lambda(   12)=  0.0240   gamma=   17.14 GHz
     lambda(   13)=  0.0041   gamma=   10.42 GHz
     lambda(   14)=  0.0041   gamma=   10.42 GHz
     lambda(   15)=  0.0044   gamma=   13.12 GHz
     lambda(   16)=  0.0044   gamma=   13.12 GHz
     lambda(   17)=  0.0019   gamma=   11.91 GHz
     lambda(   18)=  0.0172   gamma=  116.90 GHz

     Gaussian Broadening:   0.015 Ry, ngauss=   0
     DOS = 40.349101 states/spin/Ry/Unit Cell at Ef= 17.092632 eV
     double delta at Ef =**********
     lambda(    1)= -0.0183   gamma=    7.72 GHz
     lambda(    2)= -0.0183   gamma=    7.72 GHz
     lambda(    3)= -0.8545   gamma=  111.84 GHz
     lambda(    4)= -0.8545   gamma=  111.84 GHz
     lambda(    5)=  0.1298   gamma=   36.57 GHz
     lambda(    6)=  0.0214   gamma=    7.39 GHz
     lambda(    7)=  0.0214   gamma=    7.39 GHz
     lambda(    8)=  0.0151   gamma=    5.43 GHz
     lambda(    9)=  0.0151   gamma=    5.43 GHz
     lambda(   10)=  0.0059   gamma=    2.54 GHz
     lambda(   11)=  0.0125   gamma=    6.81 GHz
     lambda(   12)=  0.0275   gamma=   19.39 GHz
     lambda(   13)=  0.0053   gamma=   13.28 GHz
     lambda(   14)=  0.0053   gamma=   13.28 GHz
     lambda(   15)=  0.0051   gamma=   15.05 GHz
     lambda(   16)=  0.0051   gamma=   15.05 GHz
     lambda(   17)=  0.0019   gamma=   11.48 GHz
     lambda(   18)=  0.0124   gamma=   82.78 GHz

     Gaussian Broadening:   0.020 Ry, ngauss=   0
     DOS = 39.347538 states/spin/Ry/Unit Cell at Ef= 17.089005 eV
     double delta at Ef =**********
     lambda(    1)= -0.0214   gamma=    8.81 GHz
     lambda(    2)= -0.0214   gamma=    8.81 GHz
     lambda(    3)= -0.7321   gamma=   93.45 GHz
     lambda(    4)= -0.7321   gamma=   93.45 GHz
     lambda(    5)=  0.1252   gamma=   34.40 GHz
     lambda(    6)=  0.0208   gamma=    7.00 GHz
     lambda(    7)=  0.0208   gamma=    7.00 GHz
     lambda(    8)=  0.0169   gamma=    5.92 GHz
     lambda(    9)=  0.0169   gamma=    5.92 GHz
     lambda(   10)=  0.0064   gamma=    2.67 GHz
     lambda(   11)=  0.0121   gamma=    6.40 GHz
     lambda(   12)=  0.0304   gamma=   20.89 GHz
     lambda(   13)=  0.0064   gamma=   15.74 GHz
     lambda(   14)=  0.0064   gamma=   15.74 GHz
     lambda(   15)=  0.0063   gamma=   18.05 GHz
     lambda(   16)=  0.0063   gamma=   18.05 GHz
     lambda(   17)=  0.0021   gamma=   12.50 GHz
     lambda(   18)=  0.0106   gamma=   69.41 GHz

     Gaussian Broadening:   0.025 Ry, ngauss=   0
     DOS = 38.402782 states/spin/Ry/Unit Cell at Ef= 17.084780 eV
     double delta at Ef =**********
     lambda(    1)= -0.0244   gamma=    9.79 GHz
     lambda(    2)= -0.0244   gamma=    9.79 GHz
     lambda(    3)= -0.6501   gamma=   80.99 GHz
     lambda(    4)= -0.6501   gamma=   80.99 GHz
     lambda(    5)=  0.1230   gamma=   32.96 GHz
     lambda(    6)=  0.0207   gamma=    6.83 GHz
     lambda(    7)=  0.0207   gamma=    6.83 GHz
     lambda(    8)=  0.0179   gamma=    6.09 GHz
     lambda(    9)=  0.0179   gamma=    6.09 GHz
     lambda(   10)=  0.0070   gamma=    2.86 GHz
     lambda(   11)=  0.0118   gamma=    6.08 GHz
     lambda(   12)=  0.0320   gamma=   21.45 GHz
     lambda(   13)=  0.0074   gamma=   17.65 GHz
     lambda(   14)=  0.0074   gamma=   17.65 GHz
     lambda(   15)=  0.0076   gamma=   21.28 GHz
     lambda(   16)=  0.0076   gamma=   21.28 GHz
     lambda(   17)=  0.0024   gamma=   13.89 GHz
     lambda(   18)=  0.0104   gamma=   66.35 GHz

     Gaussian Broadening:   0.030 Ry, ngauss=   0
     DOS = 37.652926 states/spin/Ry/Unit Cell at Ef= 17.081443 eV
     double delta at Ef =**********
     lambda(    1)= -0.0270   gamma=   10.64 GHz
     lambda(    2)= -0.0270   gamma=   10.64 GHz
     lambda(    3)= -0.5889   gamma=   71.92 GHz
     lambda(    4)= -0.5889   gamma=   71.92 GHz
     lambda(    5)=  0.1211   gamma=   31.83 GHz
     lambda(    6)=  0.0208   gamma=    6.70 GHz
     lambda(    7)=  0.0208   gamma=    6.70 GHz
     lambda(    8)=  0.0181   gamma=    6.04 GHz
     lambda(    9)=  0.0181   gamma=    6.04 GHz
     lambda(   10)=  0.0077   gamma=    3.07 GHz
     lambda(   11)=  0.0114   gamma=    5.78 GHz
     lambda(   12)=  0.0326   gamma=   21.42 GHz
     lambda(   13)=  0.0081   gamma=   19.02 GHz
     lambda(   14)=  0.0081   gamma=   19.02 GHz
     lambda(   15)=  0.0087   gamma=   23.87 GHz
     lambda(   16)=  0.0087   gamma=   23.87 GHz
     lambda(   17)=  0.0026   gamma=   14.98 GHz
     lambda(   18)=  0.0109   gamma=   68.25 GHz

     Gaussian Broadening:   0.035 Ry, ngauss=   0
     DOS = 37.088056 states/spin/Ry/Unit Cell at Ef= 17.080009 eV
     double delta at Ef =**********
     lambda(    1)= -0.0292   gamma=   11.35 GHz
     lambda(    2)= -0.0292   gamma=   11.35 GHz
     lambda(    3)= -0.5406   gamma=   65.04 GHz
     lambda(    4)= -0.5406   gamma=   65.04 GHz
     lambda(    5)=  0.1187   gamma=   30.72 GHz
     lambda(    6)=  0.0206   gamma=    6.55 GHz
     lambda(    7)=  0.0206   gamma=    6.55 GHz
     lambda(    8)=  0.0178   gamma=    5.87 GHz
     lambda(    9)=  0.0178   gamma=    5.87 GHz
     lambda(   10)=  0.0083   gamma=    3.27 GHz
     lambda(   11)=  0.0110   gamma=    5.47 GHz
     lambda(   12)=  0.0325   gamma=   21.07 GHz
     lambda(   13)=  0.0086   gamma=   19.86 GHz
     lambda(   14)=  0.0086   gamma=   19.86 GHz
     lambda(   15)=  0.0094   gamma=   25.56 GHz
     lambda(   16)=  0.0094   gamma=   25.56 GHz
     lambda(   17)=  0.0027   gamma=   15.58 GHz
     lambda(   18)=  0.0116   gamma=   71.36 GHz

     Gaussian Broadening:   0.040 Ry, ngauss=   0
     DOS = 36.626964 states/spin/Ry/Unit Cell at Ef= 17.080771 eV
     double delta at Ef =**********
     lambda(    1)= -0.0312   gamma=   11.95 GHz
     lambda(    2)= -0.0312   gamma=   11.95 GHz
     lambda(    3)= -0.5021   gamma=   59.65 GHz
     lambda(    4)= -0.5021   gamma=   59.65 GHz
     lambda(    5)=  0.1157   gamma=   29.58 GHz
     lambda(    6)=  0.0203   gamma=    6.39 GHz
     lambda(    7)=  0.0203   gamma=    6.39 GHz
     lambda(    8)=  0.0173   gamma=    5.64 GHz
     lambda(    9)=  0.0173   gamma=    5.64 GHz
     lambda(   10)=  0.0089   gamma=    3.44 GHz
     lambda(   11)=  0.0105   gamma=    5.17 GHz
     lambda(   12)=  0.0321   gamma=   20.55 GHz
     lambda(   13)=  0.0089   gamma=   20.26 GHz
     lambda(   14)=  0.0089   gamma=   20.26 GHz
     lambda(   15)=  0.0099   gamma=   26.49 GHz
     lambda(   16)=  0.0099   gamma=   26.49 GHz
     lambda(   17)=  0.0028   gamma=   15.80 GHz
     lambda(   18)=  0.0121   gamma=   73.75 GHz

     Gaussian Broadening:   0.045 Ry, ngauss=   0
     DOS = 36.205181 states/spin/Ry/Unit Cell at Ef= 17.083495 eV
     double delta at Ef =**********
     lambda(    1)= -0.0329   gamma=   12.47 GHz
     lambda(    2)= -0.0329   gamma=   12.47 GHz
     lambda(    3)= -0.4710   gamma=   55.32 GHz
     lambda(    4)= -0.4710   gamma=   55.32 GHz
     lambda(    5)=  0.1124   gamma=   28.41 GHz
     lambda(    6)=  0.0200   gamma=    6.22 GHz
     lambda(    7)=  0.0200   gamma=    6.22 GHz
     lambda(    8)=  0.0168   gamma=    5.39 GHz
     lambda(    9)=  0.0168   gamma=    5.39 GHz
     lambda(   10)=  0.0093   gamma=    3.56 GHz
     lambda(   11)=  0.0100   gamma=    4.88 GHz
     lambda(   12)=  0.0316   gamma=   19.96 GHz
     lambda(   13)=  0.0090   gamma=   20.32 GHz
     lambda(   14)=  0.0090   gamma=   20.32 GHz
     lambda(   15)=  0.0101   gamma=   26.90 GHz
     lambda(   16)=  0.0101   gamma=   26.90 GHz
     lambda(   17)=  0.0028   gamma=   15.79 GHz
     lambda(   18)=  0.0125   gamma=   74.83 GHz

     Gaussian Broadening:   0.050 Ry, ngauss=   0
     DOS = 35.783445 states/spin/Ry/Unit Cell at Ef= 17.087769 eV
     double delta at Ef =**********
     lambda(    1)= -0.0345   gamma=   12.93 GHz
     lambda(    2)= -0.0345   gamma=   12.93 GHz
     lambda(    3)= -0.4456   gamma=   51.72 GHz
     lambda(    4)= -0.4456   gamma=   51.72 GHz
     lambda(    5)=  0.1092   gamma=   27.29 GHz
     lambda(    6)=  0.0198   gamma=    6.06 GHz
     lambda(    7)=  0.0198   gamma=    6.06 GHz
     lambda(    8)=  0.0162   gamma=    5.14 GHz
     lambda(    9)=  0.0162   gamma=    5.14 GHz
     lambda(   10)=  0.0096   gamma=    3.64 GHz
     lambda(   11)=  0.0096   gamma=    4.61 GHz
     lambda(   12)=  0.0310   gamma=   19.36 GHz
     lambda(   13)=  0.0091   gamma=   20.17 GHz
     lambda(   14)=  0.0091   gamma=   20.17 GHz
     lambda(   15)=  0.0103   gamma=   27.00 GHz
     lambda(   16)=  0.0103   gamma=   27.00 GHz
     lambda(   17)=  0.0028   gamma=   15.67 GHz
     lambda(   18)=  0.0126   gamma=   74.67 GHz

     Calculation of q =    0.0000000  -0.5773503   0.0000000

     Bands found: reading from ./out/_ph0/laos3si2.q_3/

     Reading xml data from directory:

     ./out/_ph0/laos3si2.q_3/laos3si2.save/
     Message from routine qexsd_readschema :
     input info not found or not readable in xml file

     IMPORTANT: XC functional enforced from input :
     Exchange-correlation= PBE
                           (   1   4   3   4   0   0   0)
     Any further DFT definition will be discarded
     Please, verify this is what you really want


     Parallelization info
     --------------------
     sticks:   dense  smooth     PW     G-vecs:    dense   smooth      PW
     Min         462     462    137                13280    13280    2128
     Max         464     464    138                13281    13281    2129
     Sum        2779    2779    823                79681    79681   12773

     Using Slab Decomposition

     read_file_new: Wavefunctions not in collected format?!?
     read_file: Wavefunctions in collected format not available

     LaOs3Si2 DFPT electron-phonon (Os-kagome flat-band-at-E_F winner; does flat

     bravais-lattice index     =            4
     lattice parameter (alat)  =      10.5991  a.u.
     unit-cell volume          =     690.7821 (a.u.)^3
     number of atoms/cell      =            6
     number of atomic types    =            3
     kinetic-energy cut-off    =      90.0000  Ry
     charge density cut-off    =     360.0000  Ry
     convergence threshold     =      1.0E-14
     beta                      =       0.4000
     number of iterations used =            4
     Exchange-correlation= PBE
                           (   1   4   3   4   0   0   0)


     celldm(1)=   10.59910  celldm(2)=    0.00000  celldm(3)=    0.66989
     celldm(4)=    0.00000  celldm(5)=    0.00000  celldm(6)=    0.00000

     crystal axes: (cart. coord. in units of alat)
               a(1) = (  1.0000  0.0000  0.0000 )  
               a(2) = ( -0.5000  0.8660  0.0000 )  
               a(3) = (  0.0000  0.0000  0.6699 )  

     reciprocal axes: (cart. coord. in units 2 pi/alat)
               b(1) = (  1.0000  0.5774 -0.0000 )  
               b(2) = (  0.0000  1.1547  0.0000 )  
               b(3) = (  0.0000 -0.0000  1.4928 )  


     Atoms inside the unit cell: 

     Cartesian axes

     site n.  atom      mass           positions (alat units)
        1  La    138.9050   tau(    1) = (    0.00000    0.00000    0.00000  )
        2  Os    190.2300   tau(    2) = (    0.50000    0.00000    0.33494  )
        3  Os    190.2300   tau(    3) = (   -0.25000    0.43301    0.33494  )
        4  Os    190.2300   tau(    4) = (    0.25000    0.43301    0.33494  )
        5  Si     28.0855   tau(    5) = (   -0.00000    0.57735    0.00000  )
        6  Si     28.0855   tau(    6) = (    0.50000    0.28867    0.00000  )

     Computing dynamical matrix for 
                    q = (   0.0000000  -0.5773503   0.0000000 )

      9 Sym.Ops. (with q -> -q+G )


     G cutoff = 1024.4264  (  13281 G-vectors)     FFT grid: ( 72, 72, 45)

     number of k points=  1314  Methfessel-Paxton smearing, width (Ry)=  0.0200

     PseudoPot. # 1 for La read from file:
     ./pseudo/La_ONCV_PBE_sr.upf
     MD5 check sum: a50acaeba93a6b852b3e187ea6859932
     Pseudo is Norm-conserving, Zval = 11.0
     Generated using ONCVPSP code by D. R. Hamann
     Using radial grid of  602 points,  8 beta functions with: 
                l(1) =   0
                l(2) =   0
                l(3) =   1
                l(4) =   1
                l(5) =   2
                l(6) =   2
                l(7) =   3
                l(8) =   3

     PseudoPot. # 2 for Os read from file:
     ./pseudo/Os_ONCV_PBE_sr.upf
     MD5 check sum: 95cd203db9fc26cc83e0e7c2505c7528
     Pseudo is Norm-conserving, Zval = 16.0
     Generated using ONCVPSP code by D. R. Hamann
     Using radial grid of  602 points,  8 beta functions with: 
                l(1) =   0
                l(2) =   0
                l(3) =   1
                l(4) =   1
                l(5) =   2
                l(6) =   2
                l(7) =   3
                l(8) =   3

     PseudoPot. # 3 for Si read from file:
     ./pseudo/Si_ONCV_PBE_sr.upf
     MD5 check sum: 7f029a58b69e3aa87b46a36c608bf45e
     Pseudo is Norm-conserving, Zval =  4.0
     Generated using ONCVPSP code by D. R. Hamann
     Using radial grid of  602 points,  4 beta functions with: 
                l(1) =   0
                l(2) =   0
                l(3) =   1
                l(4) =   1

     Mode symmetry, D_2h (mmm)  point group:


     Atomic displacements:
     There are   18 irreducible representations

     Representation     1      1 modes -  Done

     Representation     2      1 modes -  Done

     Representation     3      1 modes -  Done

     Representation     4      1 modes -  Done

     Representation     5      1 modes -  Done

     Representation     6      1 modes -  Done

     Representation     7      1 modes -  Done

     Representation     8      1 modes -  Done

     Representation     9      1 modes -  Done

     Representation    10      1 modes -  Done

     Representation    11      1 modes -  Done

     Representation    12      1 modes -  Done

     Representation    13      1 modes -  Done

     Representation    14      1 modes -  Done

     Representation    15      1 modes -  Done

     Representation    16      1 modes -  Done

     Representation    17      1 modes -  Done

     Representation    18      1 modes -  Done


     PHONON       :   1m15.15s CPU   1m15.99s WALL


     Number of q in the star =    3
     List of q in the star:
          1   0.000000000  -0.577350269   0.000000000
          2   0.500000000   0.288675135   0.000000000
          3  -0.500000000   0.288675135   0.000000000

     Diagonalizing the dynamical matrix

     q = (    0.000000000  -0.577350269   0.000000000 ) 

 **************************************************************************
     freq (    1) =      -1.563620 [THz] =     -52.156735 [cm-1]
     freq (    2) =      -1.125420 [THz] =     -37.539971 [cm-1]
     freq (    3) =      -0.634525 [THz] =     -21.165476 [cm-1]
     freq (    4) =       1.557770 [THz] =      51.961624 [cm-1]
     freq (    5) =       2.293776 [THz] =      76.512120 [cm-1]
     freq (    6) =       2.379108 [THz] =      79.358515 [cm-1]
     freq (    7) =       2.608775 [THz] =      87.019374 [cm-1]
     freq (    8) =       2.991269 [THz] =      99.777983 [cm-1]
     freq (    9) =       3.521035 [THz] =     117.449084 [cm-1]
     freq (   10) =       3.759546 [THz] =     125.404969 [cm-1]
     freq (   11) =       4.750943 [THz] =     158.474399 [cm-1]
     freq (   12) =       5.224226 [THz] =     174.261414 [cm-1]
     freq (   13) =       7.237359 [THz] =     241.412326 [cm-1]
     freq (   14) =       7.993923 [THz] =     266.648569 [cm-1]
     freq (   15) =       8.689753 [THz] =     289.858975 [cm-1]
     freq (   16) =       9.079702 [THz] =     302.866242 [cm-1]
     freq (   17) =      12.301496 [THz] =     410.333751 [cm-1]
     freq (   18) =      12.540312 [THz] =     418.299770 [cm-1]
 **************************************************************************

     Mode symmetry, D_2h (mmm)  point group:

     freq (   1-   1) =        -52.2  [cm-1]   --> B_2g               
     freq (   2-   2) =        -37.5  [cm-1]   --> B_3g               
     freq (   3-   3) =        -21.2  [cm-1]   --> B_1u               
     freq (   4-   4) =         52.0  [cm-1]   --> A_g                
     freq (   5-   5) =         76.5  [cm-1]   --> B_2u               
     freq (   6-   6) =         79.4  [cm-1]   --> B_1u               
     freq (   7-   7) =         87.0  [cm-1]   --> B_1g               
     freq (   8-   8) =         99.8  [cm-1]   --> B_1g               
     freq (   9-   9) =        117.4  [cm-1]   --> B_3u               
     freq (  10-  10) =        125.4  [cm-1]   --> B_2u               
     freq (  11-  11) =        158.5  [cm-1]   --> B_3u               
     freq (  12-  12) =        174.3  [cm-1]   --> A_g                
     freq (  13-  13) =        241.4  [cm-1]   --> B_1g               
     freq (  14-  14) =        266.6  [cm-1]   --> B_3u               
     freq (  15-  15) =        289.9  [cm-1]   --> A_g                
     freq (  16-  16) =        302.9  [cm-1]   --> B_2u               
     freq (  17-  17) =        410.3  [cm-1]   --> B_2g               
     freq (  18-  18) =        418.3  [cm-1]   --> B_1u               

     Gaussian Broadening:   0.005 Ry, ngauss=   0
     DOS = 42.690112 states/spin/Ry/Unit Cell at Ef= 17.100257 eV
     double delta at Ef =**********
     lambda(    1)= -0.0354   gamma=    3.52 GHz
     lambda(    2)= -0.1911   gamma=    9.87 GHz
     lambda(    3)= -0.2064   gamma=    3.39 GHz
     lambda(    4)=  4.0832   gamma=  403.93 GHz
     lambda(    5)=  0.1364   gamma=   29.26 GHz
     lambda(    6)=  0.0090   gamma=    2.08 GHz
     lambda(    7)=  0.0765   gamma=   21.21 GHz
     lambda(    8)=  0.0175   gamma=    6.38 GHz
     lambda(    9)=  0.0176   gamma=    8.90 GHz
     lambda(   10)=  0.0410   gamma=   23.64 GHz
     lambda(   11)=  0.0190   gamma=   17.44 GHz
     lambda(   12)=  0.0378   gamma=   42.09 GHz
     lambda(   13)=  0.0043   gamma=    9.25 GHz
     lambda(   14)=  0.0356   gamma=   92.76 GHz
     lambda(   15)=  0.0143   gamma=   43.95 GHz
     lambda(   16)=  0.0048   gamma=   16.09 GHz
     lambda(   17)=  0.0042   gamma=   26.20 GHz
     lambda(   18)=  0.0032   gamma=   20.23 GHz

     Gaussian Broadening:   0.010 Ry, ngauss=   0
     DOS = 40.898055 states/spin/Ry/Unit Cell at Ef= 17.094773 eV
     double delta at Ef =**********
     lambda(    1)= -0.0325   gamma=    3.11 GHz
     lambda(    2)= -0.2046   gamma=   10.12 GHz
     lambda(    3)= -0.2312   gamma=    3.64 GHz
     lambda(    4)=  2.5107   gamma=  237.94 GHz
     lambda(    5)=  0.1844   gamma=   37.89 GHz
     lambda(    6)=  0.0160   gamma=    3.53 GHz
     lambda(    7)=  0.0912   gamma=   24.25 GHz
     lambda(    8)=  0.0184   gamma=    6.42 GHz
     lambda(    9)=  0.0151   gamma=    7.32 GHz
     lambda(   10)=  0.0427   gamma=   23.59 GHz
     lambda(   11)=  0.0230   gamma=   20.24 GHz
     lambda(   12)=  0.0270   gamma=   28.74 GHz
     lambda(   13)=  0.0062   gamma=   12.76 GHz
     lambda(   14)=  0.0306   gamma=   76.32 GHz
     lambda(   15)=  0.0169   gamma=   49.79 GHz
     lambda(   16)=  0.0085   gamma=   27.52 GHz
     lambda(   17)=  0.0044   gamma=   26.07 GHz
     lambda(   18)=  0.0043   gamma=   26.59 GHz

     Gaussian Broadening:   0.015 Ry, ngauss=   0
     DOS = 40.348587 states/spin/Ry/Unit Cell at Ef= 17.092627 eV
     double delta at Ef =**********
     lambda(    1)= -0.0291   gamma=    2.74 GHz
     lambda(    2)= -0.2010   gamma=    9.81 GHz
     lambda(    3)= -0.2266   gamma=    3.52 GHz
     lambda(    4)=  1.7353   gamma=  162.25 GHz
     lambda(    5)=  0.1793   gamma=   36.35 GHz
     lambda(    6)=  0.0164   gamma=    3.58 GHz
     lambda(    7)=  0.1016   gamma=   26.65 GHz
     lambda(    8)=  0.0175   gamma=    6.05 GHz
     lambda(    9)=  0.0133   gamma=    6.35 GHz
     lambda(   10)=  0.0403   gamma=   21.94 GHz
     lambda(   11)=  0.0216   gamma=   18.77 GHz
     lambda(   12)=  0.0230   gamma=   24.19 GHz
     lambda(   13)=  0.0073   gamma=   14.64 GHz
     lambda(   14)=  0.0286   gamma=   70.42 GHz
     lambda(   15)=  0.0250   gamma=   72.66 GHz
     lambda(   16)=  0.0146   gamma=   46.34 GHz
     lambda(   17)=  0.0042   gamma=   24.27 GHz
     lambda(   18)=  0.0045   gamma=   27.44 GHz

     Gaussian Broadening:   0.020 Ry, ngauss=   0
     DOS = 39.347193 states/spin/Ry/Unit Cell at Ef= 17.089001 eV
     double delta at Ef =**********
     lambda(    1)= -0.0286   gamma=    2.63 GHz
     lambda(    2)= -0.2064   gamma=    9.82 GHz
     lambda(    3)= -0.2303   gamma=    3.48 GHz
     lambda(    4)=  1.3360   gamma=  121.81 GHz
     lambda(    5)=  0.1624   gamma=   32.10 GHz
     lambda(    6)=  0.0157   gamma=    3.33 GHz
     lambda(    7)=  0.1107   gamma=   28.32 GHz
     lambda(    8)=  0.0168   gamma=    5.66 GHz
     lambda(    9)=  0.0123   gamma=    5.71 GHz
     lambda(   10)=  0.0369   gamma=   19.61 GHz
     lambda(   11)=  0.0200   gamma=   16.97 GHz
     lambda(   12)=  0.0210   gamma=   21.58 GHz
     lambda(   13)=  0.0079   gamma=   15.60 GHz
     lambda(   14)=  0.0287   gamma=   68.83 GHz
     lambda(   15)=  0.0299   gamma=   84.81 GHz
     lambda(   16)=  0.0193   gamma=   59.94 GHz
     lambda(   17)=  0.0041   gamma=   23.07 GHz
     lambda(   18)=  0.0047   gamma=   27.61 GHz

     Gaussian Broadening:   0.025 Ry, ngauss=   0
     DOS = 38.402598 states/spin/Ry/Unit Cell at Ef= 17.084775 eV
     double delta at Ef =**********
     lambda(    1)= -0.0296   gamma=    2.66 GHz
     lambda(    2)= -0.2146   gamma=    9.97 GHz
     lambda(    3)= -0.2417   gamma=    3.57 GHz
     lambda(    4)=  1.0923   gamma=   97.20 GHz
     lambda(    5)=  0.1470   gamma=   28.37 GHz
     lambda(    6)=  0.0152   gamma=    3.15 GHz
     lambda(    7)=  0.1189   gamma=   29.68 GHz
     lambda(    8)=  0.0164   gamma=    5.38 GHz
     lambda(    9)=  0.0119   gamma=    5.41 GHz
     lambda(   10)=  0.0339   gamma=   17.59 GHz
     lambda(   11)=  0.0190   gamma=   15.76 GHz
     lambda(   12)=  0.0196   gamma=   19.60 GHz
     lambda(   13)=  0.0085   gamma=   16.33 GHz
     lambda(   14)=  0.0290   gamma=   68.03 GHz
     lambda(   15)=  0.0320   gamma=   88.55 GHz
     lambda(   16)=  0.0222   gamma=   67.16 GHz
     lambda(   17)=  0.0041   gamma=   22.73 GHz
     lambda(   18)=  0.0049   gamma=   28.12 GHz

     Gaussian Broadening:   0.030 Ry, ngauss=   0
     DOS = 37.652830 states/spin/Ry/Unit Cell at Ef= 17.081439 eV
     double delta at Ef =**********
     lambda(    1)= -0.0312   gamma=    2.74 GHz
     lambda(    2)= -0.2227   gamma=   10.14 GHz
     lambda(    3)= -0.2587   gamma=    3.75 GHz
     lambda(    4)=  0.9285   gamma=   81.01 GHz
     lambda(    5)=  0.1344   gamma=   25.42 GHz
     lambda(    6)=  0.0150   gamma=    3.05 GHz
     lambda(    7)=  0.1256   gamma=   30.73 GHz
     lambda(    8)=  0.0161   gamma=    5.18 GHz
     lambda(    9)=  0.0119   gamma=    5.32 GHz
     lambda(   10)=  0.0314   gamma=   15.98 GHz
     lambda(   11)=  0.0186   gamma=   15.07 GHz
     lambda(   12)=  0.0184   gamma=   18.04 GHz
     lambda(   13)=  0.0090   gamma=   17.01 GHz
     lambda(   14)=  0.0291   gamma=   66.76 GHz
     lambda(   15)=  0.0325   gamma=   88.22 GHz
     lambda(   16)=  0.0236   gamma=   69.96 GHz
     lambda(   17)=  0.0042   gamma=   23.08 GHz
     lambda(   18)=  0.0051   gamma=   29.07 GHz

     Gaussian Broadening:   0.035 Ry, ngauss=   0
     DOS = 37.088002 states/spin/Ry/Unit Cell at Ef= 17.080005 eV
     double delta at Ef =**********
     lambda(    1)= -0.0328   gamma=    2.84 GHz
     lambda(    2)= -0.2301   gamma=   10.32 GHz
     lambda(    3)= -0.2777   gamma=    3.96 GHz
     lambda(    4)=  0.8097   gamma=   69.59 GHz
     lambda(    5)=  0.1240   gamma=   23.11 GHz
     lambda(    6)=  0.0149   gamma=    2.99 GHz
     lambda(    7)=  0.1301   gamma=   31.35 GHz
     lambda(    8)=  0.0159   gamma=    5.04 GHz
     lambda(    9)=  0.0121   gamma=    5.33 GHz
     lambda(   10)=  0.0294   gamma=   14.71 GHz
     lambda(   11)=  0.0184   gamma=   14.68 GHz
     lambda(   12)=  0.0174   gamma=   16.78 GHz
     lambda(   13)=  0.0095   gamma=   17.62 GHz
     lambda(   14)=  0.0287   gamma=   65.05 GHz
     lambda(   15)=  0.0320   gamma=   85.58 GHz
     lambda(   16)=  0.0241   gamma=   70.38 GHz
     lambda(   17)=  0.0044   gamma=   23.76 GHz
     lambda(   18)=  0.0054   gamma=   30.20 GHz

     Gaussian Broadening:   0.040 Ry, ngauss=   0
     DOS = 36.626932 states/spin/Ry/Unit Cell at Ef= 17.080768 eV
     double delta at Ef =**********
     lambda(    1)= -0.0345   gamma=    2.95 GHz
     lambda(    2)= -0.2364   gamma=   10.47 GHz
     lambda(    3)= -0.2961   gamma=    4.17 GHz
     lambda(    4)=  0.7194   gamma=   61.06 GHz
     lambda(    5)=  0.1155   gamma=   21.25 GHz
     lambda(    6)=  0.0149   gamma=    2.95 GHz
     lambda(    7)=  0.1326   gamma=   31.56 GHz
     lambda(    8)=  0.0157   gamma=    4.92 GHz
     lambda(    9)=  0.0124   gamma=    5.36 GHz
     lambda(   10)=  0.0277   gamma=   13.69 GHz
     lambda(   11)=  0.0183   gamma=   14.43 GHz
     lambda(   12)=  0.0165   gamma=   15.71 GHz
     lambda(   13)=  0.0099   gamma=   18.14 GHz
     lambda(   14)=  0.0282   gamma=   63.13 GHz
     lambda(   15)=  0.0310   gamma=   81.79 GHz
     lambda(   16)=  0.0242   gamma=   69.70 GHz
     lambda(   17)=  0.0046   gamma=   24.52 GHz
     lambda(   18)=  0.0057   gamma=   31.26 GHz

     Gaussian Broadening:   0.045 Ry, ngauss=   0
     DOS = 36.205163 states/spin/Ry/Unit Cell at Ef= 17.083492 eV
     double delta at Ef =**********
     lambda(    1)= -0.0360   gamma=    3.05 GHz
     lambda(    2)= -0.2420   gamma=   10.60 GHz
     lambda(    3)= -0.3133   gamma=    4.36 GHz
     lambda(    4)=  0.6486   gamma=   54.42 GHz
     lambda(    5)=  0.1085   gamma=   19.74 GHz
     lambda(    6)=  0.0149   gamma=    2.92 GHz
     lambda(    7)=  0.1336   gamma=   31.43 GHz
     lambda(    8)=  0.0156   gamma=    4.81 GHz
     lambda(    9)=  0.0126   gamma=    5.40 GHz
     lambda(   10)=  0.0263   gamma=   12.87 GHz
     lambda(   11)=  0.0182   gamma=   14.22 GHz
     lambda(   12)=  0.0157   gamma=   14.79 GHz
     lambda(   13)=  0.0103   gamma=   18.58 GHz
     lambda(   14)=  0.0277   gamma=   61.15 GHz
     lambda(   15)=  0.0297   gamma=   77.66 GHz
     lambda(   16)=  0.0241   gamma=   68.59 GHz
     lambda(   17)=  0.0048   gamma=   25.22 GHz
     lambda(   18)=  0.0059   gamma=   32.14 GHz

     Gaussian Broadening:   0.050 Ry, ngauss=   0
     DOS = 35.783438 states/spin/Ry/Unit Cell at Ef= 17.087765 eV
     double delta at Ef =**********
     lambda(    1)= -0.0375   gamma=    3.13 GHz
     lambda(    2)= -0.2470   gamma=   10.69 GHz
     lambda(    3)= -0.3300   gamma=    4.54 GHz
     lambda(    4)=  0.5921   gamma=   49.10 GHz
     lambda(    5)=  0.1028   gamma=   18.48 GHz
     lambda(    6)=  0.0150   gamma=    2.90 GHz
     lambda(    7)=  0.1336   gamma=   31.06 GHz
     lambda(    8)=  0.0155   gamma=    4.73 GHz
     lambda(    9)=  0.0128   gamma=    5.42 GHz
     lambda(   10)=  0.0253   gamma=   12.21 GHz
     lambda(   11)=  0.0182   gamma=   14.02 GHz
     lambda(   12)=  0.0150   gamma=   14.00 GHz
     lambda(   13)=  0.0106   gamma=   18.96 GHz
     lambda(   14)=  0.0271   gamma=   59.17 GHz
     lambda(   15)=  0.0285   gamma=   73.65 GHz
     lambda(   16)=  0.0239   gamma=   67.32 GHz
     lambda(   17)=  0.0050   gamma=   25.79 GHz
     lambda(   18)=  0.0061   gamma=   32.79 GHz

     Calculation of q =    0.0000000  -0.5773503  -0.7463912

     Bands found: reading from ./out/_ph0/laos3si2.q_4/

     Reading xml data from directory:

     ./out/_ph0/laos3si2.q_4/laos3si2.save/
     Message from routine qexsd_readschema :
     input info not found or not readable in xml file

     IMPORTANT: XC functional enforced from input :
     Exchange-correlation= PBE
                           (   1   4   3   4   0   0   0)
     Any further DFT definition will be discarded
     Please, verify this is what you really want


     Parallelization info
     --------------------
     sticks:   dense  smooth     PW     G-vecs:    dense   smooth      PW
     Min         462     462    143                13280    13280    2315
     Max         464     464    144                13281    13281    2318
     Sum        2779    2779    859                79681    79681   13901

     Using Slab Decomposition

     read_file_new: Wavefunctions not in collected format?!?
     read_file: Wavefunctions in collected format not available

     LaOs3Si2 DFPT electron-phonon (Os-kagome flat-band-at-E_F winner; does flat

     bravais-lattice index     =            4
     lattice parameter (alat)  =      10.5991  a.u.
     unit-cell volume          =     690.7821 (a.u.)^3
     number of atoms/cell      =            6
     number of atomic types    =            3
     kinetic-energy cut-off    =      90.0000  Ry
     charge density cut-off    =     360.0000  Ry
     convergence threshold     =      1.0E-14
     beta                      =       0.4000
     number of iterations used =            4
     Exchange-correlation= PBE
                           (   1   4   3   4   0   0   0)


     celldm(1)=   10.59910  celldm(2)=    0.00000  celldm(3)=    0.66989
     celldm(4)=    0.00000  celldm(5)=    0.00000  celldm(6)=    0.00000

     crystal axes: (cart. coord. in units of alat)
               a(1) = (  1.0000  0.0000  0.0000 )  
               a(2) = ( -0.5000  0.8660  0.0000 )  
               a(3) = (  0.0000  0.0000  0.6699 )  

     reciprocal axes: (cart. coord. in units 2 pi/alat)
               b(1) = (  1.0000  0.5774 -0.0000 )  
               b(2) = (  0.0000  1.1547  0.0000 )  
               b(3) = (  0.0000 -0.0000  1.4928 )  


     Atoms inside the unit cell: 

     Cartesian axes

     site n.  atom      mass           positions (alat units)
        1  La    138.9050   tau(    1) = (    0.00000    0.00000    0.00000  )
        2  Os    190.2300   tau(    2) = (    0.50000    0.00000    0.33494  )
        3  Os    190.2300   tau(    3) = (   -0.25000    0.43301    0.33494  )
        4  Os    190.2300   tau(    4) = (    0.25000    0.43301    0.33494  )
        5  Si     28.0855   tau(    5) = (   -0.00000    0.57735    0.00000  )
        6  Si     28.0855   tau(    6) = (    0.50000    0.28867    0.00000  )

     Computing dynamical matrix for 
                    q = (   0.0000000  -0.5773503  -0.7463912 )

      9 Sym.Ops. (with q -> -q+G )


     G cutoff = 1024.4264  (  13280 G-vectors)     FFT grid: ( 72, 72, 45)

     number of k points=  1314  Methfessel-Paxton smearing, width (Ry)=  0.0200

     PseudoPot. # 1 for La read from file:
     ./pseudo/La_ONCV_PBE_sr.upf
     MD5 check sum: a50acaeba93a6b852b3e187ea6859932
     Pseudo is Norm-conserving, Zval = 11.0
     Generated using ONCVPSP code by D. R. Hamann
     Using radial grid of  602 points,  8 beta functions with: 
                l(1) =   0
                l(2) =   0
                l(3) =   1
                l(4) =   1
                l(5) =   2
                l(6) =   2
                l(7) =   3
                l(8) =   3

     PseudoPot. # 2 for Os read from file:
     ./pseudo/Os_ONCV_PBE_sr.upf
     MD5 check sum: 95cd203db9fc26cc83e0e7c2505c7528
     Pseudo is Norm-conserving, Zval = 16.0
     Generated using ONCVPSP code by D. R. Hamann
     Using radial grid of  602 points,  8 beta functions with: 
                l(1) =   0
                l(2) =   0
                l(3) =   1
                l(4) =   1
                l(5) =   2
                l(6) =   2
                l(7) =   3
                l(8) =   3

     PseudoPot. # 3 for Si read from file:
     ./pseudo/Si_ONCV_PBE_sr.upf
     MD5 check sum: 7f029a58b69e3aa87b46a36c608bf45e
     Pseudo is Norm-conserving, Zval =  4.0
     Generated using ONCVPSP code by D. R. Hamann
     Using radial grid of  602 points,  4 beta functions with: 
                l(1) =   0
                l(2) =   0
                l(3) =   1
                l(4) =   1

     Mode symmetry, D_2h (mmm)  point group:


     Atomic displacements:
     There are   18 irreducible representations

     Representation     1      1 modes -  Done

     Representation     2      1 modes -  Done

     Representation     3      1 modes -  Done

     Representation     4      1 modes -  Done

     Representation     5      1 modes -  Done

     Representation     6      1 modes -  Done

     Representation     7      1 modes -  Done

     Representation     8      1 modes -  Done

     Representation     9      1 modes -  Done

     Representation    10      1 modes -  Done

     Representation    11      1 modes -  Done

     Representation    12      1 modes -  Done

     Representation    13      1 modes -  Done

     Representation    14      1 modes -  Done

     Representation    15      1 modes -  Done

     Representation    16      1 modes -  Done

     Representation    17      1 modes -  Done

     Representation    18      1 modes -  Done


     PHONON       :   1m36.09s CPU   1m37.17s WALL


     Number of q in the star =    3
     List of q in the star:
          1   0.000000000  -0.577350269  -0.746391199
          2   0.500000000   0.288675135   0.746391199
          3  -0.500000000   0.288675135   0.746391199

     Diagonalizing the dynamical matrix

     q = (    0.000000000  -0.577350269  -0.746391199 ) 

 **************************************************************************
     freq (    1) =      -2.955922 [THz] =     -98.598950 [cm-1]
     freq (    2) =      -0.997487 [THz] =     -33.272580 [cm-1]
     freq (    3) =       1.390444 [THz] =      46.380217 [cm-1]
     freq (    4) =       1.852259 [THz] =      61.784696 [cm-1]
     freq (    5) =       2.677016 [THz] =      89.295643 [cm-1]
     freq (    6) =       2.886659 [THz] =      96.288579 [cm-1]
     freq (    7) =       3.163955 [THz] =     105.538176 [cm-1]
     freq (    8) =       3.495656 [THz] =     116.602545 [cm-1]
     freq (    9) =       3.533151 [THz] =     117.853246 [cm-1]
     freq (   10) =       3.989479 [THz] =     133.074708 [cm-1]
     freq (   11) =       4.157025 [THz] =     138.663440 [cm-1]
     freq (   12) =       4.590712 [THz] =     153.129683 [cm-1]
     freq (   13) =       8.157330 [THz] =     272.099239 [cm-1]
     freq (   14) =       8.338169 [THz] =     278.131369 [cm-1]
     freq (   15) =       8.365377 [THz] =     279.038934 [cm-1]
     freq (   16) =       8.580610 [THz] =     286.218351 [cm-1]
     freq (   17) =      12.495090 [THz] =     416.791338 [cm-1]
     freq (   18) =      12.823207 [THz] =     427.736153 [cm-1]
 **************************************************************************

     Mode symmetry, D_2h (mmm)  point group:

     freq (   1-   1) =        -98.6  [cm-1]   --> B_2u               
     freq (   2-   2) =        -33.3  [cm-1]   --> A_g                
     freq (   3-   3) =         46.4  [cm-1]   --> B_1u               
     freq (   4-   4) =         61.8  [cm-1]   --> B_3u               
     freq (   5-   5) =         89.3  [cm-1]   --> A_u                
     freq (   6-   6) =         96.3  [cm-1]   --> B_3g               
     freq (   7-   7) =        105.5  [cm-1]   --> B_2u               
     freq (   8-   8) =        116.6  [cm-1]   --> A_u                
     freq (   9-   9) =        117.9  [cm-1]   --> B_3u               
     freq (  10-  10) =        133.1  [cm-1]   --> B_1u               
     freq (  11-  11) =        138.7  [cm-1]   --> B_1u               
     freq (  12-  12) =        153.1  [cm-1]   --> B_2g               
     freq (  13-  13) =        272.1  [cm-1]   --> A_g                
     freq (  14-  14) =        278.1  [cm-1]   --> B_2u               
     freq (  15-  15) =        279.0  [cm-1]   --> B_3u               
     freq (  16-  16) =        286.2  [cm-1]   --> B_1g               
     freq (  17-  17) =        416.8  [cm-1]   --> B_1u               
     freq (  18-  18) =        427.7  [cm-1]   --> B_2g               

     Gaussian Broadening:   0.005 Ry, ngauss=   0
     DOS = 42.690112 states/spin/Ry/Unit Cell at Ef= 17.100257 eV
     double delta at Ef =**********
     lambda(    1)= -0.0254   gamma=    9.04 GHz
     lambda(    2)= -0.1802   gamma=    7.31 GHz
     lambda(    3)=  3.8283   gamma=  301.73 GHz
     lambda(    4)=  0.0292   gamma=    4.08 GHz
     lambda(    5)=  0.2639   gamma=   77.09 GHz
     lambda(    6)=  0.2083   gamma=   70.74 GHz
     lambda(    7)=  0.0143   gamma=    5.83 GHz
     lambda(    8)=  0.0200   gamma=    9.95 GHz
     lambda(    9)=  0.0091   gamma=    4.64 GHz
     lambda(   10)=  0.0946   gamma=   61.35 GHz
     lambda(   11)=  0.0300   gamma=   21.12 GHz
     lambda(   12)=  0.0149   gamma=   12.82 GHz
     lambda(   13)=  0.0084   gamma=   22.81 GHz
     lambda(   14)=  0.0032   gamma=    9.01 GHz
     lambda(   15)=  0.0038   gamma=   10.93 GHz
     lambda(   16)=  0.0030   gamma=    8.92 GHz
     lambda(   17)=  0.0100   gamma=   63.54 GHz
     lambda(   18)=  0.0050   gamma=   33.26 GHz

     Gaussian Broadening:   0.010 Ry, ngauss=   0
     DOS = 40.898055 states/spin/Ry/Unit Cell at Ef= 17.094773 eV
     double delta at Ef =**********
     lambda(    1)= -0.0241   gamma=    8.23 GHz
     lambda(    2)= -0.1676   gamma=    6.51 GHz
     lambda(    3)=  2.3483   gamma=  177.31 GHz
     lambda(    4)=  0.0268   gamma=    3.59 GHz
     lambda(    5)=  0.2375   gamma=   66.47 GHz
     lambda(    6)=  0.2201   gamma=   71.63 GHz
     lambda(    7)=  0.0125   gamma=    4.87 GHz
     lambda(    8)=  0.0192   gamma=    9.17 GHz
     lambda(    9)=  0.0090   gamma=    4.40 GHz
     lambda(   10)=  0.0574   gamma=   35.70 GHz
     lambda(   11)=  0.0305   gamma=   20.60 GHz
     lambda(   12)=  0.0189   gamma=   15.58 GHz
     lambda(   13)=  0.0094   gamma=   24.32 GHz
     lambda(   14)=  0.0038   gamma=   10.28 GHz
     lambda(   15)=  0.0042   gamma=   11.50 GHz
     lambda(   16)=  0.0037   gamma=   10.77 GHz
     lambda(   17)=  0.0072   gamma=   43.88 GHz
     lambda(   18)=  0.0063   gamma=   40.51 GHz

     Gaussian Broadening:   0.015 Ry, ngauss=   0
     DOS = 40.348587 states/spin/Ry/Unit Cell at Ef= 17.092627 eV
     double delta at Ef =**********
     lambda(    1)= -0.0241   gamma=    8.11 GHz
     lambda(    2)= -0.1705   gamma=    6.54 GHz
     lambda(    3)=  1.5842   gamma=  118.01 GHz
     lambda(    4)=  0.0259   gamma=    3.42 GHz
     lambda(    5)=  0.2126   gamma=   58.70 GHz
     lambda(    6)=  0.2003   gamma=   64.30 GHz
     lambda(    7)=  0.0123   gamma=    4.75 GHz
     lambda(    8)=  0.0187   gamma=    8.79 GHz
     lambda(    9)=  0.0089   gamma=    4.30 GHz
     lambda(   10)=  0.0395   gamma=   24.22 GHz
     lambda(   11)=  0.0340   gamma=   22.63 GHz
     lambda(   12)=  0.0215   gamma=   17.45 GHz
     lambda(   13)=  0.0101   gamma=   25.84 GHz
     lambda(   14)=  0.0040   gamma=   10.78 GHz
     lambda(   15)=  0.0052   gamma=   14.12 GHz
     lambda(   16)=  0.0043   gamma=   12.17 GHz
     lambda(   17)=  0.0058   gamma=   34.87 GHz
     lambda(   18)=  0.0064   gamma=   40.77 GHz

     Gaussian Broadening:   0.020 Ry, ngauss=   0
     DOS = 39.347193 states/spin/Ry/Unit Cell at Ef= 17.089001 eV
     double delta at Ef =**********
     lambda(    1)= -0.0255   gamma=    8.37 GHz
     lambda(    2)= -0.1828   gamma=    6.83 GHz
     lambda(    3)=  1.1906   gamma=   86.49 GHz
     lambda(    4)=  0.0281   gamma=    3.63 GHz
     lambda(    5)=  0.1926   gamma=   51.86 GHz
     lambda(    6)=  0.1752   gamma=   54.86 GHz
     lambda(    7)=  0.0125   gamma=    4.71 GHz
     lambda(    8)=  0.0181   gamma=    8.33 GHz
     lambda(    9)=  0.0090   gamma=    4.22 GHz
     lambda(   10)=  0.0308   gamma=   18.43 GHz
     lambda(   11)=  0.0356   gamma=   23.09 GHz
     lambda(   12)=  0.0233   gamma=   18.47 GHz
     lambda(   13)=  0.0105   gamma=   26.23 GHz
     lambda(   14)=  0.0043   gamma=   11.20 GHz
     lambda(   15)=  0.0061   gamma=   16.15 GHz
     lambda(   16)=  0.0049   gamma=   13.48 GHz
     lambda(   17)=  0.0053   gamma=   31.06 GHz
     lambda(   18)=  0.0066   gamma=   40.92 GHz

     Gaussian Broadening:   0.025 Ry, ngauss=   0
     DOS = 38.402598 states/spin/Ry/Unit Cell at Ef= 17.084775 eV
     double delta at Ef =**********
     lambda(    1)= -0.0275   gamma=    8.81 GHz
     lambda(    2)= -0.2003   gamma=    7.31 GHz
     lambda(    3)=  0.9527   gamma=   67.55 GHz
     lambda(    4)=  0.0320   gamma=    4.02 GHz
     lambda(    5)=  0.1771   gamma=   46.55 GHz
     lambda(    6)=  0.1544   gamma=   47.19 GHz
     lambda(    7)=  0.0127   gamma=    4.66 GHz
     lambda(    8)=  0.0175   gamma=    7.86 GHz
     lambda(    9)=  0.0090   gamma=    4.12 GHz
     lambda(   10)=  0.0259   gamma=   15.11 GHz
     lambda(   11)=  0.0359   gamma=   22.73 GHz
     lambda(   12)=  0.0247   gamma=   19.10 GHz
     lambda(   13)=  0.0108   gamma=   26.42 GHz
     lambda(   14)=  0.0046   gamma=   11.64 GHz
     lambda(   15)=  0.0068   gamma=   17.41 GHz
     lambda(   16)=  0.0054   gamma=   14.48 GHz
     lambda(   17)=  0.0051   gamma=   29.47 GHz
     lambda(   18)=  0.0070   gamma=   42.00 GHz

     Gaussian Broadening:   0.030 Ry, ngauss=   0
     DOS = 37.652830 states/spin/Ry/Unit Cell at Ef= 17.081439 eV
     double delta at Ef =**********
     lambda(    1)= -0.0295   gamma=    9.28 GHz
     lambda(    2)= -0.2183   gamma=    7.81 GHz
     lambda(    3)=  0.7955   gamma=   55.30 GHz
     lambda(    4)=  0.0360   gamma=    4.44 GHz
     lambda(    5)=  0.1651   gamma=   42.53 GHz
     lambda(    6)=  0.1382   gamma=   41.42 GHz
     lambda(    7)=  0.0128   gamma=    4.60 GHz
     lambda(    8)=  0.0170   gamma=    7.49 GHz
     lambda(    9)=  0.0089   gamma=    4.02 GHz
     lambda(   10)=  0.0227   gamma=   13.02 GHz
     lambda(   11)=  0.0355   gamma=   22.03 GHz
     lambda(   12)=  0.0256   gamma=   19.43 GHz
     lambda(   13)=  0.0111   gamma=   26.54 GHz
     lambda(   14)=  0.0049   gamma=   12.17 GHz
     lambda(   15)=  0.0072   gamma=   18.14 GHz
     lambda(   16)=  0.0057   gamma=   15.10 GHz
     lambda(   17)=  0.0051   gamma=   28.80 GHz
     lambda(   18)=  0.0074   gamma=   43.49 GHz

     Gaussian Broadening:   0.035 Ry, ngauss=   0
     DOS = 37.088002 states/spin/Ry/Unit Cell at Ef= 17.080005 eV
     double delta at Ef =**********
     lambda(    1)= -0.0314   gamma=    9.72 GHz
     lambda(    2)= -0.2350   gamma=    8.28 GHz
     lambda(    3)=  0.6857   gamma=   46.95 GHz
     lambda(    4)=  0.0395   gamma=    4.80 GHz
     lambda(    5)=  0.1553   gamma=   39.41 GHz
     lambda(    6)=  0.1257   gamma=   37.09 GHz
     lambda(    7)=  0.0128   gamma=    4.54 GHz
     lambda(    8)=  0.0168   gamma=    7.28 GHz
     lambda(    9)=  0.0088   gamma=    3.91 GHz
     lambda(   10)=  0.0206   gamma=   11.60 GHz
     lambda(   11)=  0.0346   gamma=   21.21 GHz
     lambda(   12)=  0.0261   gamma=   19.51 GHz
     lambda(   13)=  0.0113   gamma=   26.56 GHz
     lambda(   14)=  0.0052   gamma=   12.75 GHz
     lambda(   15)=  0.0075   gamma=   18.50 GHz
     lambda(   16)=  0.0059   gamma=   15.44 GHz
     lambda(   17)=  0.0052   gamma=   28.48 GHz
     lambda(   18)=  0.0077   gamma=   44.74 GHz

     Gaussian Broadening:   0.040 Ry, ngauss=   0
     DOS = 36.626932 states/spin/Ry/Unit Cell at Ef= 17.080768 eV
     double delta at Ef =**********
     lambda(    1)= -0.0331   gamma=   10.11 GHz
     lambda(    2)= -0.2505   gamma=    8.72 GHz
     lambda(    3)=  0.6059   gamma=   40.97 GHz
     lambda(    4)=  0.0425   gamma=    5.10 GHz
     lambda(    5)=  0.1473   gamma=   36.91 GHz
     lambda(    6)=  0.1159   gamma=   33.77 GHz
     lambda(    7)=  0.0128   gamma=    4.48 GHz
     lambda(    8)=  0.0169   gamma=    7.24 GHz
     lambda(    9)=  0.0087   gamma=    3.81 GHz
     lambda(   10)=  0.0190   gamma=   10.59 GHz
     lambda(   11)=  0.0337   gamma=   20.36 GHz
     lambda(   12)=  0.0264   gamma=   19.45 GHz
     lambda(   13)=  0.0114   gamma=   26.50 GHz
     lambda(   14)=  0.0055   gamma=   13.33 GHz
     lambda(   15)=  0.0076   gamma=   18.61 GHz
     lambda(   16)=  0.0061   gamma=   15.58 GHz
     lambda(   17)=  0.0052   gamma=   28.30 GHz
     lambda(   18)=  0.0079   gamma=   45.42 GHz

     Gaussian Broadening:   0.045 Ry, ngauss=   0
     DOS = 36.205163 states/spin/Ry/Unit Cell at Ef= 17.083492 eV
     double delta at Ef =**********
     lambda(    1)= -0.0347   gamma=   10.47 GHz
     lambda(    2)= -0.2653   gamma=    9.13 GHz
     lambda(    3)=  0.5459   gamma=   36.49 GHz
     lambda(    4)=  0.0452   gamma=    5.36 GHz
     lambda(    5)=  0.1408   gamma=   34.88 GHz
     lambda(    6)=  0.1081   gamma=   31.13 GHz
     lambda(    7)=  0.0127   gamma=    4.41 GHz
     lambda(    8)=  0.0173   gamma=    7.32 GHz
     lambda(    9)=  0.0086   gamma=    3.72 GHz
     lambda(   10)=  0.0179   gamma=    9.84 GHz
     lambda(   11)=  0.0327   gamma=   19.56 GHz
     lambda(   12)=  0.0265   gamma=   19.33 GHz
     lambda(   13)=  0.0115   gamma=   26.37 GHz
     lambda(   14)=  0.0058   gamma=   13.88 GHz
     lambda(   15)=  0.0077   gamma=   18.58 GHz
     lambda(   16)=  0.0061   gamma=   15.61 GHz
     lambda(   17)=  0.0052   gamma=   28.14 GHz
     lambda(   18)=  0.0080   gamma=   45.56 GHz

     Gaussian Broadening:   0.050 Ry, ngauss=   0
     DOS = 35.783438 states/spin/Ry/Unit Cell at Ef= 17.087765 eV
     double delta at Ef =**********
     lambda(    1)= -0.0362   gamma=   10.82 GHz
     lambda(    2)= -0.2799   gamma=    9.52 GHz
     lambda(    3)=  0.4993   gamma=   32.99 GHz
     lambda(    4)=  0.0477   gamma=    5.60 GHz
     lambda(    5)=  0.1356   gamma=   33.20 GHz
     lambda(    6)=  0.1018   gamma=   28.98 GHz
     lambda(    7)=  0.0127   gamma=    4.35 GHz
     lambda(    8)=  0.0179   gamma=    7.49 GHz
     lambda(    9)=  0.0085   gamma=    3.65 GHz
     lambda(   10)=  0.0170   gamma=    9.27 GHz
     lambda(   11)=  0.0319   gamma=   18.81 GHz
     lambda(   12)=  0.0266   gamma=   19.18 GHz
     lambda(   13)=  0.0115   gamma=   26.23 GHz
     lambda(   14)=  0.0061   gamma=   14.41 GHz
     lambda(   15)=  0.0077   gamma=   18.45 GHz
     lambda(   16)=  0.0062   gamma=   15.57 GHz
     lambda(   17)=  0.0052   gamma=   27.96 GHz
     lambda(   18)=  0.0081   gamma=   45.28 GHz

     PHONON       :   1m43.06s CPU   1m44.14s WALL

     INITIALIZATION: 
     phq_setup    :      0.11s CPU      0.13s WALL (       4 calls)

     init_vloc    :      0.02s CPU      0.02s WALL (       5 calls)
     init_us_1    :      0.00s CPU      0.00s WALL (       5 calls)

     DYNAMICAL MATRIX:
     phqscf       :      0.00s CPU      0.00s WALL (       4 calls)
     dynmatrix    :      0.00s CPU      0.01s WALL (       4 calls)

     phqscf       :      0.00s CPU      0.00s WALL (       4 calls)




      Electron-phonon coupling

      General routines
     fft          :      0.19s CPU      0.19s WALL (      62 calls)

      Additional routines


     PHONON       :   1m43.06s CPU   1m44.14s WALL


   This run was terminated on:  22:31:45  17Jun2026            

=------------------------------------------------------------------------------=
   JOB DONE.
=------------------------------------------------------------------------------=

     Program PHONON v.7.5 starts on 17Jun2026 at 22:32:11 

     This program is part of the open-source Quantum ESPRESSO suite
     for quantum simulation of materials; please cite
         "P. Giannozzi et al., J. Phys.:Condens. Matter 21 395502 (2009);
         "P. Giannozzi et al., J. Phys.:Condens. Matter 29 465901 (2017);
         "P. Giannozzi et al., J. Chem. Phys. 152 154105 (2020);
          URL http://www.quantum-espresso.org", 
     in publications or presentations arising from this work. More details at
     http://www.quantum-espresso.org/quote

     Parallel version (MPI & OpenMP), running on       6 processor cores
     Number of MPI processes:                 6
     Threads/MPI process:                     1

     MPI processes distributed on     1 nodes
     7916 MiB available memory on the printing compute node when the environment starts

     Reading input from ph.in

     Reading xml data from directory:

     ./out/_ph0/laos3si2.save/
     Message from routine qexsd_readschema :
     input info not found or not readable in xml file

     R & G space division:  proc/nbgrp/npool/nimage =       6
     Subspace diagonalization in iterative solution of the eigenvalue problem:
     a serial algorithm will be used


     IMPORTANT: XC functional enforced from input :
     Exchange-correlation= PBE
                           (   1   4   3   4   0   0   0)
     Any further DFT definition will be discarded
     Please, verify this is what you really want


     Parallelization info
     --------------------
     sticks:   dense  smooth     PW     G-vecs:    dense   smooth      PW
     Min         462     462    128                13279    13279    1992
     Max         464     464    129                13281    13281    1995
     Sum        2779    2779    769                79681    79681   11963

     Using Slab Decomposition

     read_file_ph: Wavefunctions in collected format not needed

     Saving dvscf to file. Distribute only q points, not irreducible representations.
        4 /   4 q-points for this run, from  1 to  4:
       N       xq(1)         xq(2)         xq(3) 
       1   0.000000000   0.000000000   0.000000000
       2   0.000000000   0.000000000  -0.746391199
       3   0.000000000  -0.577350269   0.000000000
       4   0.000000000  -0.577350269  -0.746391199


     Calculation of q =    0.0000000   0.0000000   0.0000000

     Bands found: reading from ./out/_ph0/

     Reading xml data from directory:

     ./out/_ph0/laos3si2.save/
     Message from routine qexsd_readschema :
     input info not found or not readable in xml file

     IMPORTANT: XC functional enforced from input :
     Exchange-correlation= PBE
                           (   1   4   3   4   0   0   0)
     Any further DFT definition will be discarded
     Please, verify this is what you really want


     Parallelization info
     --------------------
     sticks:   dense  smooth     PW     G-vecs:    dense   smooth      PW
     Min         462     462    128                13279    13279    1992
     Max         464     464    129                13281    13281    1995
     Sum        2779    2779    769                79681    79681   11963

     Using Slab Decomposition

     read_file_new: Wavefunctions not in collected format?!?
     read_file: Wavefunctions in collected format not available

     Restart after Phonon calculation

     LaOs3Si2 DFPT electron-phonon (Os-kagome flat-band-at-E_F winner; does flat

     bravais-lattice index     =            4
     lattice parameter (alat)  =      10.5991  a.u.
     unit-cell volume          =     690.7821 (a.u.)^3
     number of atoms/cell      =            6
     number of atomic types    =            3
     kinetic-energy cut-off    =      90.0000  Ry
     charge density cut-off    =     360.0000  Ry
     convergence threshold     =      1.0E-14
     beta                      =       0.4000
     number of iterations used =            4
     Exchange-correlation= PBE
                           (   1   4   3   4   0   0   0)


     celldm(1)=   10.59910  celldm(2)=    0.00000  celldm(3)=    0.66989
     celldm(4)=    0.00000  celldm(5)=    0.00000  celldm(6)=    0.00000

     crystal axes: (cart. coord. in units of alat)
               a(1) = (  1.0000  0.0000  0.0000 )  
               a(2) = ( -0.5000  0.8660  0.0000 )  
               a(3) = (  0.0000  0.0000  0.6699 )  

     reciprocal axes: (cart. coord. in units 2 pi/alat)
               b(1) = (  1.0000  0.5774 -0.0000 )  
               b(2) = (  0.0000  1.1547  0.0000 )  
               b(3) = (  0.0000 -0.0000  1.4928 )  


     Atoms inside the unit cell: 

     Cartesian axes

     site n.  atom      mass           positions (alat units)
        1  La    138.9050   tau(    1) = (    0.00000    0.00000    0.00000  )
        2  Os    190.2300   tau(    2) = (    0.50000    0.00000    0.33494  )
        3  Os    190.2300   tau(    3) = (   -0.25000    0.43301    0.33494  )
        4  Os    190.2300   tau(    4) = (    0.25000    0.43301    0.33494  )
        5  Si     28.0855   tau(    5) = (   -0.00000    0.57735    0.00000  )
        6  Si     28.0855   tau(    6) = (    0.50000    0.28867    0.00000  )

     Computing dynamical matrix for 
                    q = (   0.0000000   0.0000000   0.0000000 )

     25 Sym.Ops. (with q -> -q+G )


     G cutoff = 1024.4264  (  13281 G-vectors)     FFT grid: ( 72, 72, 45)

     number of k points=   270  Methfessel-Paxton smearing, width (Ry)=  0.0200

     PseudoPot. # 1 for La read from file:
     ./pseudo/La_ONCV_PBE_sr.upf
     MD5 check sum: a50acaeba93a6b852b3e187ea6859932
     Pseudo is Norm-conserving, Zval = 11.0
     Generated using ONCVPSP code by D. R. Hamann
     Using radial grid of  602 points,  8 beta functions with: 
                l(1) =   0
                l(2) =   0
                l(3) =   1
                l(4) =   1
                l(5) =   2
                l(6) =   2
                l(7) =   3
                l(8) =   3

     PseudoPot. # 2 for Os read from file:
     ./pseudo/Os_ONCV_PBE_sr.upf
     MD5 check sum: 95cd203db9fc26cc83e0e7c2505c7528
     Pseudo is Norm-conserving, Zval = 16.0
     Generated using ONCVPSP code by D. R. Hamann
     Using radial grid of  602 points,  8 beta functions with: 
                l(1) =   0
                l(2) =   0
                l(3) =   1
                l(4) =   1
                l(5) =   2
                l(6) =   2
                l(7) =   3
                l(8) =   3

     PseudoPot. # 3 for Si read from file:
     ./pseudo/Si_ONCV_PBE_sr.upf
     MD5 check sum: 7f029a58b69e3aa87b46a36c608bf45e
     Pseudo is Norm-conserving, Zval =  4.0
     Generated using ONCVPSP code by D. R. Hamann
     Using radial grid of  602 points,  4 beta functions with: 
                l(1) =   0
                l(2) =   0
                l(3) =   1
                l(4) =   1

     Mode symmetry, D_6h(6/mmm) point group:


     Atomic displacements:
     There are   12 irreducible representations

     Representation     1      1 modes -  Done

     Representation     2      2 modes -  Done

     Representation     3      1 modes -  Done

     Representation     4      1 modes -  Done

     Representation     5      1 modes -  Done

     Representation     6      1 modes -  Done

     Representation     7      1 modes -  Done

     Representation     8      2 modes -  Done

     Representation     9      2 modes -  Done

     Representation    10      2 modes -  Done

     Representation    11      2 modes -  Done

     Representation    12      2 modes -  Done


     PHONON       :     43.32s CPU     43.66s WALL


     Number of q in the star =    1
     List of q in the star:
          1   0.000000000   0.000000000   0.000000000

     Diagonalizing the dynamical matrix

     q = (    0.000000000   0.000000000   0.000000000 ) 

 **************************************************************************
     freq (    1) =      -2.762346 [THz] =     -92.141945 [cm-1]
     freq (    2) =      -1.514353 [THz] =     -50.513392 [cm-1]
     freq (    3) =      -1.514353 [THz] =     -50.513392 [cm-1]
     freq (    4) =      -1.026796 [THz] =     -34.250220 [cm-1]
     freq (    5) =      -1.026796 [THz] =     -34.250220 [cm-1]
     freq (    6) =       1.959674 [THz] =      65.367678 [cm-1]
     freq (    7) =       1.959674 [THz] =      65.367678 [cm-1]
     freq (    8) =       2.406010 [THz] =      80.255848 [cm-1]
     freq (    9) =       3.509431 [THz] =     117.062032 [cm-1]
     freq (   10) =       3.815584 [THz] =     127.274168 [cm-1]
     freq (   11) =       3.815584 [THz] =     127.274168 [cm-1]
     freq (   12) =       6.110897 [THz] =     203.837595 [cm-1]
     freq (   13) =       7.307923 [THz] =     243.766072 [cm-1]
     freq (   14) =       7.307923 [THz] =     243.766072 [cm-1]
     freq (   15) =       8.955253 [THz] =     298.715071 [cm-1]
     freq (   16) =       8.955253 [THz] =     298.715071 [cm-1]
     freq (   17) =      12.267726 [THz] =     409.207299 [cm-1]
     freq (   18) =      12.375328 [THz] =     412.796507 [cm-1]
 **************************************************************************

     Mode symmetry, D_6h(6/mmm) point group:

     freq (   1-   1) =        -92.1  [cm-1]   --> A_2u            I  
     freq (   2-   3) =        -50.5  [cm-1]   --> E_1u            I  
     freq (   4-   5) =        -34.3  [cm-1]   --> E_2u               
     freq (   6-   7) =         65.4  [cm-1]   --> E_1u            I  
     freq (   8-   8) =         80.3  [cm-1]   --> A_2u            I  
     freq (   9-   9) =        117.1  [cm-1]   --> B_1u               
     freq (  10-  11) =        127.3  [cm-1]   --> E_1u            I  
     freq (  12-  12) =        203.8  [cm-1]   --> B_2u               
     freq (  13-  14) =        243.8  [cm-1]   --> E_1u            I  
     freq (  15-  16) =        298.7  [cm-1]   --> E_2g            R  
     freq (  17-  17) =        409.2  [cm-1]   --> A_2u            I  
     freq (  18-  18) =        412.8  [cm-1]   --> B_1g               

     Gaussian Broadening:   0.005 Ry, ngauss=   0
     DOS = 42.691395 states/spin/Ry/Unit Cell at Ef= 17.100262 eV
     double delta at Ef =**********
     lambda(    1)= -0.0002   gamma=    0.06 GHz
     lambda(    2)= -0.5014   gamma=   46.87 GHz
     lambda(    3)= -0.5014   gamma=   46.87 GHz
     lambda(    4)= -0.0383   gamma=    1.65 GHz
     lambda(    5)= -0.0383   gamma=    1.65 GHz
     lambda(    6)=  0.0478   gamma=    7.48 GHz
     lambda(    7)=  0.0478   gamma=    7.48 GHz
     lambda(    8)=  0.0049   gamma=    1.15 GHz
     lambda(    9)=  0.0089   gamma=    4.49 GHz
     lambda(   10)=  0.0020   gamma=    1.17 GHz
     lambda(   11)=  0.0020   gamma=    1.17 GHz
     lambda(   12)=  0.0045   gamma=    6.85 GHz
     lambda(   13)=  0.0033   gamma=    7.14 GHz
     lambda(   14)=  0.0033   gamma=    7.14 GHz
     lambda(   15)=  0.0805   gamma=  263.05 GHz
     lambda(   16)=  0.0805   gamma=  263.05 GHz
     lambda(   17)=  0.0001   gamma=    0.41 GHz
     lambda(   18)=  0.0105   gamma=   65.58 GHz

     Gaussian Broadening:   0.010 Ry, ngauss=   0
     DOS = 40.898652 states/spin/Ry/Unit Cell at Ef= 17.094779 eV
     double delta at Ef =**********
     lambda(    1)= -0.0004   gamma=    0.12 GHz
     lambda(    2)= -0.3416   gamma=   30.60 GHz
     lambda(    3)= -0.3416   gamma=   30.60 GHz
     lambda(    4)= -0.0839   gamma=    3.45 GHz
     lambda(    5)= -0.0839   gamma=    3.45 GHz
     lambda(    6)=  0.0325   gamma=    4.87 GHz
     lambda(    7)=  0.0325   gamma=    4.87 GHz
     lambda(    8)=  0.0111   gamma=    2.51 GHz
     lambda(    9)=  0.0142   gamma=    6.82 GHz
     lambda(   10)=  0.0047   gamma=    2.69 GHz
     lambda(   11)=  0.0047   gamma=    2.69 GHz
     lambda(   12)=  0.0089   gamma=   12.93 GHz
     lambda(   13)=  0.0037   gamma=    7.61 GHz
     lambda(   14)=  0.0037   gamma=    7.61 GHz
     lambda(   15)=  0.0504   gamma=  157.86 GHz
     lambda(   16)=  0.0504   gamma=  157.86 GHz
     lambda(   17)=  0.0005   gamma=    3.19 GHz
     lambda(   18)=  0.0096   gamma=   57.23 GHz

     Gaussian Broadening:   0.015 Ry, ngauss=   0
     DOS = 40.349101 states/spin/Ry/Unit Cell at Ef= 17.092632 eV
     double delta at Ef =**********
     lambda(    1)= -0.0005   gamma=    0.14 GHz
     lambda(    2)= -0.3516   gamma=   31.07 GHz
     lambda(    3)= -0.3516   gamma=   31.07 GHz
     lambda(    4)= -0.1191   gamma=    4.84 GHz
     lambda(    5)= -0.1191   gamma=    4.84 GHz
     lambda(    6)=  0.0327   gamma=    4.83 GHz
     lambda(    7)=  0.0327   gamma=    4.83 GHz
     lambda(    8)=  0.0121   gamma=    2.69 GHz
     lambda(    9)=  0.0258   gamma=   12.27 GHz
     lambda(   10)=  0.0076   gamma=    4.29 GHz
     lambda(   11)=  0.0076   gamma=    4.29 GHz
     lambda(   12)=  0.0108   gamma=   15.50 GHz
     lambda(   13)=  0.0041   gamma=    8.47 GHz
     lambda(   14)=  0.0041   gamma=    8.47 GHz
     lambda(   15)=  0.0430   gamma=  132.94 GHz
     lambda(   16)=  0.0430   gamma=  132.94 GHz
     lambda(   17)=  0.0013   gamma=    7.83 GHz
     lambda(   18)=  0.0091   gamma=   53.74 GHz

     Gaussian Broadening:   0.020 Ry, ngauss=   0
     DOS = 39.347538 states/spin/Ry/Unit Cell at Ef= 17.089005 eV
     double delta at Ef =**********
     lambda(    1)= -0.0005   gamma=    0.13 GHz
     lambda(    2)= -0.3756   gamma=   32.37 GHz
     lambda(    3)= -0.3756   gamma=   32.37 GHz
     lambda(    4)= -0.1543   gamma=    6.11 GHz
     lambda(    5)= -0.1543   gamma=    6.11 GHz
     lambda(    6)=  0.0348   gamma=    5.02 GHz
     lambda(    7)=  0.0348   gamma=    5.02 GHz
     lambda(    8)=  0.0118   gamma=    2.57 GHz
     lambda(    9)=  0.0330   gamma=   15.27 GHz
     lambda(   10)=  0.0096   gamma=    5.27 GHz
     lambda(   11)=  0.0096   gamma=    5.27 GHz
     lambda(   12)=  0.0116   gamma=   16.23 GHz
     lambda(   13)=  0.0050   gamma=   10.08 GHz
     lambda(   14)=  0.0050   gamma=   10.08 GHz
     lambda(   15)=  0.0414   gamma=  124.71 GHz
     lambda(   16)=  0.0414   gamma=  124.71 GHz
     lambda(   17)=  0.0019   gamma=   10.46 GHz
     lambda(   18)=  0.0090   gamma=   51.68 GHz

     Gaussian Broadening:   0.025 Ry, ngauss=   0
     DOS = 38.402782 states/spin/Ry/Unit Cell at Ef= 17.084780 eV
     double delta at Ef =**********
     lambda(    1)= -0.0005   gamma=    0.13 GHz
     lambda(    2)= -0.4004   gamma=   33.67 GHz
     lambda(    3)= -0.4004   gamma=   33.67 GHz
     lambda(    4)= -0.1841   gamma=    7.12 GHz
     lambda(    5)= -0.1841   gamma=    7.12 GHz
     lambda(    6)=  0.0372   gamma=    5.24 GHz
     lambda(    7)=  0.0372   gamma=    5.24 GHz
     lambda(    8)=  0.0113   gamma=    2.40 GHz
     lambda(    9)=  0.0366   gamma=   16.51 GHz
     lambda(   10)=  0.0110   gamma=    5.86 GHz
     lambda(   11)=  0.0110   gamma=    5.86 GHz
     lambda(   12)=  0.0118   gamma=   16.21 GHz
     lambda(   13)=  0.0061   gamma=   11.99 GHz
     lambda(   14)=  0.0061   gamma=   11.99 GHz
     lambda(   15)=  0.0409   gamma=  120.33 GHz
     lambda(   16)=  0.0409   gamma=  120.33 GHz
     lambda(   17)=  0.0022   gamma=   12.13 GHz
     lambda(   18)=  0.0090   gamma=   50.80 GHz

     Gaussian Broadening:   0.030 Ry, ngauss=   0
     DOS = 37.652926 states/spin/Ry/Unit Cell at Ef= 17.081443 eV
     double delta at Ef =**********
     lambda(    1)= -0.0005   gamma=    0.14 GHz
     lambda(    2)= -0.4218   gamma=   34.78 GHz
     lambda(    3)= -0.4218   gamma=   34.78 GHz
     lambda(    4)= -0.2071   gamma=    7.85 GHz
     lambda(    5)= -0.2071   gamma=    7.85 GHz
     lambda(    6)=  0.0393   gamma=    5.43 GHz
     lambda(    7)=  0.0393   gamma=    5.43 GHz
     lambda(    8)=  0.0108   gamma=    2.26 GHz
     lambda(    9)=  0.0382   gamma=   16.90 GHz
     lambda(   10)=  0.0118   gamma=    6.19 GHz
     lambda(   11)=  0.0118   gamma=    6.19 GHz
     lambda(   12)=  0.0119   gamma=   15.92 GHz
     lambda(   13)=  0.0072   gamma=   13.82 GHz
     lambda(   14)=  0.0072   gamma=   13.82 GHz
     lambda(   15)=  0.0406   gamma=  117.00 GHz
     lambda(   16)=  0.0406   gamma=  117.00 GHz
     lambda(   17)=  0.0025   gamma=   13.56 GHz
     lambda(   18)=  0.0092   gamma=   50.56 GHz

     Gaussian Broadening:   0.035 Ry, ngauss=   0
     DOS = 37.088056 states/spin/Ry/Unit Cell at Ef= 17.080009 eV
     double delta at Ef =**********
     lambda(    1)= -0.0005   gamma=    0.14 GHz
     lambda(    2)= -0.4379   gamma=   35.57 GHz
     lambda(    3)= -0.4379   gamma=   35.57 GHz
     lambda(    4)= -0.2241   gamma=    8.37 GHz
     lambda(    5)= -0.2241   gamma=    8.37 GHz
     lambda(    6)=  0.0408   gamma=    5.55 GHz
     lambda(    7)=  0.0408   gamma=    5.55 GHz
     lambda(    8)=  0.0105   gamma=    2.14 GHz
     lambda(    9)=  0.0387   gamma=   16.90 GHz
     lambda(   10)=  0.0123   gamma=    6.34 GHz
     lambda(   11)=  0.0123   gamma=    6.34 GHz
     lambda(   12)=  0.0118   gamma=   15.59 GHz
     lambda(   13)=  0.0082   gamma=   15.42 GHz
     lambda(   14)=  0.0082   gamma=   15.42 GHz
     lambda(   15)=  0.0400   gamma=  113.58 GHz
     lambda(   16)=  0.0400   gamma=  113.58 GHz
     lambda(   17)=  0.0028   gamma=   14.87 GHz
     lambda(   18)=  0.0093   gamma=   50.39 GHz

     Gaussian Broadening:   0.040 Ry, ngauss=   0
     DOS = 36.626964 states/spin/Ry/Unit Cell at Ef= 17.080771 eV
     double delta at Ef =**********
     lambda(    1)= -0.0006   gamma=    0.15 GHz
     lambda(    2)= -0.4492   gamma=   36.03 GHz
     lambda(    3)= -0.4492   gamma=   36.03 GHz
     lambda(    4)= -0.2368   gamma=    8.73 GHz
     lambda(    5)= -0.2368   gamma=    8.73 GHz
     lambda(    6)=  0.0419   gamma=    5.63 GHz
     lambda(    7)=  0.0419   gamma=    5.63 GHz
     lambda(    8)=  0.0101   gamma=    2.05 GHz
     lambda(    9)=  0.0389   gamma=   16.75 GHz
     lambda(   10)=  0.0125   gamma=    6.37 GHz
     lambda(   11)=  0.0125   gamma=    6.37 GHz
     lambda(   12)=  0.0117   gamma=   15.27 GHz
     lambda(   13)=  0.0090   gamma=   16.72 GHz
     lambda(   14)=  0.0090   gamma=   16.72 GHz
     lambda(   15)=  0.0391   gamma=  109.72 GHz
     lambda(   16)=  0.0391   gamma=  109.72 GHz
     lambda(   17)=  0.0030   gamma=   15.96 GHz
     lambda(   18)=  0.0093   gamma=   49.97 GHz

     Gaussian Broadening:   0.045 Ry, ngauss=   0
     DOS = 36.205181 states/spin/Ry/Unit Cell at Ef= 17.083495 eV
     double delta at Ef =**********
     lambda(    1)= -0.0006   gamma=    0.15 GHz
     lambda(    2)= -0.4565   gamma=   36.20 GHz
     lambda(    3)= -0.4565   gamma=   36.20 GHz
     lambda(    4)= -0.2467   gamma=    8.99 GHz
     lambda(    5)= -0.2467   gamma=    8.99 GHz
     lambda(    6)=  0.0426   gamma=    5.66 GHz
     lambda(    7)=  0.0426   gamma=    5.66 GHz
     lambda(    8)=  0.0099   gamma=    1.98 GHz
     lambda(    9)=  0.0389   gamma=   16.57 GHz
     lambda(   10)=  0.0126   gamma=    6.33 GHz
     lambda(   11)=  0.0126   gamma=    6.33 GHz
     lambda(   12)=  0.0116   gamma=   14.94 GHz
     lambda(   13)=  0.0096   gamma=   17.72 GHz
     lambda(   14)=  0.0096   gamma=   17.72 GHz
     lambda(   15)=  0.0381   gamma=  105.50 GHz
     lambda(   16)=  0.0381   gamma=  105.50 GHz
     lambda(   17)=  0.0032   gamma=   16.79 GHz
     lambda(   18)=  0.0093   gamma=   49.19 GHz

     Gaussian Broadening:   0.050 Ry, ngauss=   0
     DOS = 35.783445 states/spin/Ry/Unit Cell at Ef= 17.087769 eV
     double delta at Ef =**********
     lambda(    1)= -0.0006   gamma=    0.16 GHz
     lambda(    2)= -0.4604   gamma=   36.08 GHz
     lambda(    3)= -0.4604   gamma=   36.08 GHz
     lambda(    4)= -0.2548   gamma=    9.18 GHz
     lambda(    5)= -0.2548   gamma=    9.18 GHz
     lambda(    6)=  0.0431   gamma=    5.65 GHz
     lambda(    7)=  0.0431   gamma=    5.65 GHz
     lambda(    8)=  0.0097   gamma=    1.93 GHz
     lambda(    9)=  0.0390   gamma=   16.40 GHz
     lambda(   10)=  0.0126   gamma=    6.25 GHz
     lambda(   11)=  0.0126   gamma=    6.25 GHz
     lambda(   12)=  0.0114   gamma=   14.60 GHz
     lambda(   13)=  0.0101   gamma=   18.45 GHz
     lambda(   14)=  0.0101   gamma=   18.45 GHz
     lambda(   15)=  0.0369   gamma=  101.13 GHz
     lambda(   16)=  0.0369   gamma=  101.13 GHz
     lambda(   17)=  0.0034   gamma=   17.39 GHz
     lambda(   18)=  0.0092   gamma=   48.11 GHz

     Calculation of q =    0.0000000   0.0000000  -0.7463912

     Bands found: reading from ./out/_ph0/laos3si2.q_2/

     Reading xml data from directory:

     ./out/_ph0/laos3si2.q_2/laos3si2.save/
     Message from routine qexsd_readschema :
     input info not found or not readable in xml file

     IMPORTANT: XC functional enforced from input :
     Exchange-correlation= PBE
                           (   1   4   3   4   0   0   0)
     Any further DFT definition will be discarded
     Please, verify this is what you really want


     Parallelization info
     --------------------
     sticks:   dense  smooth     PW     G-vecs:    dense   smooth      PW
     Min         462     462    141                13280    13280    2223
     Max         464     464    142                13281    13281    2226
     Sum        2779    2779    847                79681    79681   13349

     Using Slab Decomposition

     read_file_new: Wavefunctions not in collected format?!?
     read_file: Wavefunctions in collected format not available

     LaOs3Si2 DFPT electron-phonon (Os-kagome flat-band-at-E_F winner; does flat

     bravais-lattice index     =            4
     lattice parameter (alat)  =      10.5991  a.u.
     unit-cell volume          =     690.7821 (a.u.)^3
     number of atoms/cell      =            6
     number of atomic types    =            3
     kinetic-energy cut-off    =      90.0000  Ry
     charge density cut-off    =     360.0000  Ry
     convergence threshold     =      1.0E-14
     beta                      =       0.4000
     number of iterations used =            4
     Exchange-correlation= PBE
                           (   1   4   3   4   0   0   0)


     celldm(1)=   10.59910  celldm(2)=    0.00000  celldm(3)=    0.66989
     celldm(4)=    0.00000  celldm(5)=    0.00000  celldm(6)=    0.00000

     crystal axes: (cart. coord. in units of alat)
               a(1) = (  1.0000  0.0000  0.0000 )  
               a(2) = ( -0.5000  0.8660  0.0000 )  
               a(3) = (  0.0000  0.0000  0.6699 )  

     reciprocal axes: (cart. coord. in units 2 pi/alat)
               b(1) = (  1.0000  0.5774 -0.0000 )  
               b(2) = (  0.0000  1.1547  0.0000 )  
               b(3) = (  0.0000 -0.0000  1.4928 )  


     Atoms inside the unit cell: 

     Cartesian axes

     site n.  atom      mass           positions (alat units)
        1  La    138.9050   tau(    1) = (    0.00000    0.00000    0.00000  )
        2  Os    190.2300   tau(    2) = (    0.50000    0.00000    0.33494  )
        3  Os    190.2300   tau(    3) = (   -0.25000    0.43301    0.33494  )
        4  Os    190.2300   tau(    4) = (    0.25000    0.43301    0.33494  )
        5  Si     28.0855   tau(    5) = (   -0.00000    0.57735    0.00000  )
        6  Si     28.0855   tau(    6) = (    0.50000    0.28867    0.00000  )

     Computing dynamical matrix for 
                    q = (   0.0000000   0.0000000  -0.7463912 )

     25 Sym.Ops. (with q -> -q+G )


     G cutoff = 1024.4264  (  13280 G-vectors)     FFT grid: ( 72, 72, 45)

     number of k points=   540  Methfessel-Paxton smearing, width (Ry)=  0.0200

     PseudoPot. # 1 for La read from file:
     ./pseudo/La_ONCV_PBE_sr.upf
     MD5 check sum: a50acaeba93a6b852b3e187ea6859932
     Pseudo is Norm-conserving, Zval = 11.0
     Generated using ONCVPSP code by D. R. Hamann
     Using radial grid of  602 points,  8 beta functions with: 
                l(1) =   0
                l(2) =   0
                l(3) =   1
                l(4) =   1
                l(5) =   2
                l(6) =   2
                l(7) =   3
                l(8) =   3

     PseudoPot. # 2 for Os read from file:
     ./pseudo/Os_ONCV_PBE_sr.upf
     MD5 check sum: 95cd203db9fc26cc83e0e7c2505c7528
     Pseudo is Norm-conserving, Zval = 16.0
     Generated using ONCVPSP code by D. R. Hamann
     Using radial grid of  602 points,  8 beta functions with: 
                l(1) =   0
                l(2) =   0
                l(3) =   1
                l(4) =   1
                l(5) =   2
                l(6) =   2
                l(7) =   3
                l(8) =   3

     PseudoPot. # 3 for Si read from file:
     ./pseudo/Si_ONCV_PBE_sr.upf
     MD5 check sum: 7f029a58b69e3aa87b46a36c608bf45e
     Pseudo is Norm-conserving, Zval =  4.0
     Generated using ONCVPSP code by D. R. Hamann
     Using radial grid of  602 points,  4 beta functions with: 
                l(1) =   0
                l(2) =   0
                l(3) =   1
                l(4) =   1

     Mode symmetry, D_6h(6/mmm) point group:


     Atomic displacements:
     There are   12 irreducible representations

     Representation     1      1 modes -  Done

     Representation     2      1 modes -  Done

     Representation     3      1 modes -  Done

     Representation     4      1 modes -  Done

     Representation     5      2 modes -  Done

     Representation     6      2 modes -  Done

     Representation     7      2 modes -  Done

     Representation     8      2 modes -  Done

     Representation     9      1 modes -  Done

     Representation    10      1 modes -  Done

     Representation    11      2 modes -  Done

     Representation    12      2 modes -  Done


     PHONON       :     48.78s CPU     49.19s WALL


     Number of q in the star =    1
     List of q in the star:
          1   0.000000000   0.000000000  -0.746391199

     Diagonalizing the dynamical matrix

     q = (    0.000000000   0.000000000  -0.746391199 ) 

 **************************************************************************
     freq (    1) =      -3.309922 [THz] =    -110.407128 [cm-1]
     freq (    2) =      -3.309922 [THz] =    -110.407128 [cm-1]
     freq (    3) =      -1.843044 [THz] =     -61.477334 [cm-1]
     freq (    4) =      -1.843044 [THz] =     -61.477334 [cm-1]
     freq (    5) =       2.703728 [THz] =      90.186675 [cm-1]
     freq (    6) =       2.995859 [THz] =      99.931109 [cm-1]
     freq (    7) =       2.995859 [THz] =      99.931109 [cm-1]
     freq (    8) =       3.049297 [THz] =     101.713610 [cm-1]
     freq (    9) =       3.049297 [THz] =     101.713610 [cm-1]
     freq (   10) =       3.327864 [THz] =     111.005601 [cm-1]
     freq (   11) =       3.753946 [THz] =     125.218147 [cm-1]
     freq (   12) =       4.277241 [THz] =     142.673391 [cm-1]
     freq (   13) =       8.072967 [THz] =     269.285204 [cm-1]
     freq (   14) =       8.072967 [THz] =     269.285204 [cm-1]
     freq (   15) =       8.760367 [THz] =     292.214405 [cm-1]
     freq (   16) =       8.760367 [THz] =     292.214405 [cm-1]
     freq (   17) =      12.690071 [THz] =     423.295222 [cm-1]
     freq (   18) =      13.179777 [THz] =     439.630025 [cm-1]
 **************************************************************************

     Mode symmetry, D_6h(6/mmm) point group:

     freq (   1-   2) =       -110.4  [cm-1]   --> E_2g               
     freq (   3-   4) =        -61.5  [cm-1]   --> E_1g               
     freq (   5-   5) =         90.2  [cm-1]   --> B_2g               
     freq (   6-   7) =         99.9  [cm-1]   --> E_1g               
     freq (   8-   9) =        101.7  [cm-1]   --> E_1u               
     freq (  10-  10) =        111.0  [cm-1]   --> A_1g               
     freq (  11-  11) =        125.2  [cm-1]   --> A_2u               
     freq (  12-  12) =        142.7  [cm-1]   --> B_1g               
     freq (  13-  14) =        269.3  [cm-1]   --> E_2g               
     freq (  15-  16) =        292.2  [cm-1]   --> E_1u               
     freq (  17-  17) =        423.3  [cm-1]   --> B_1g               
     freq (  18-  18) =        439.6  [cm-1]   --> A_2u               

     Gaussian Broadening:   0.005 Ry, ngauss=   0
     DOS = 42.691395 states/spin/Ry/Unit Cell at Ef= 17.100262 eV
     double delta at Ef =**********
     lambda(    1)= -0.0169   gamma=    7.56 GHz
     lambda(    2)= -0.0169   gamma=    7.56 GHz
     lambda(    3)= -1.6586   gamma=  229.68 GHz
     lambda(    4)= -1.6586   gamma=  229.68 GHz
     lambda(    5)=  0.2024   gamma=   60.33 GHz
     lambda(    6)=  0.0288   gamma=   10.54 GHz
     lambda(    7)=  0.0288   gamma=   10.54 GHz
     lambda(    8)=  0.0083   gamma=    3.14 GHz
     lambda(    9)=  0.0083   gamma=    3.14 GHz
     lambda(   10)=  0.0044   gamma=    1.99 GHz
     lambda(   11)=  0.0217   gamma=   12.48 GHz
     lambda(   12)=  0.0271   gamma=   20.19 GHz
     lambda(   13)=  0.0035   gamma=    9.25 GHz
     lambda(   14)=  0.0035   gamma=    9.25 GHz
     lambda(   15)=  0.0051   gamma=   15.92 GHz
     lambda(   16)=  0.0051   gamma=   15.92 GHz
     lambda(   17)=  0.0025   gamma=   16.46 GHz
     lambda(   18)=  0.0309   gamma=  218.85 GHz

     Gaussian Broadening:   0.010 Ry, ngauss=   0
     DOS = 40.898652 states/spin/Ry/Unit Cell at Ef= 17.094779 eV
     double delta at Ef =**********
     lambda(    1)= -0.0160   gamma=    6.85 GHz
     lambda(    2)= -0.0160   gamma=    6.85 GHz
     lambda(    3)= -1.0842   gamma=  143.83 GHz
     lambda(    4)= -1.0842   gamma=  143.83 GHz
     lambda(    5)=  0.1446   gamma=   41.27 GHz
     lambda(    6)=  0.0237   gamma=    8.30 GHz
     lambda(    7)=  0.0237   gamma=    8.30 GHz
     lambda(    8)=  0.0127   gamma=    4.61 GHz
     lambda(    9)=  0.0127   gamma=    4.61 GHz
     lambda(   10)=  0.0054   gamma=    2.32 GHz
     lambda(   11)=  0.0140   gamma=    7.69 GHz
     lambda(   12)=  0.0240   gamma=   17.14 GHz
     lambda(   13)=  0.0041   gamma=   10.42 GHz
     lambda(   14)=  0.0041   gamma=   10.42 GHz
     lambda(   15)=  0.0044   gamma=   13.12 GHz
     lambda(   16)=  0.0044   gamma=   13.12 GHz
     lambda(   17)=  0.0019   gamma=   11.91 GHz
     lambda(   18)=  0.0172   gamma=  116.90 GHz

     Gaussian Broadening:   0.015 Ry, ngauss=   0
     DOS = 40.349101 states/spin/Ry/Unit Cell at Ef= 17.092632 eV
     double delta at Ef =**********
     lambda(    1)= -0.0183   gamma=    7.72 GHz
     lambda(    2)= -0.0183   gamma=    7.72 GHz
     lambda(    3)= -0.8545   gamma=  111.84 GHz
     lambda(    4)= -0.8545   gamma=  111.84 GHz
     lambda(    5)=  0.1298   gamma=   36.57 GHz
     lambda(    6)=  0.0214   gamma=    7.39 GHz
     lambda(    7)=  0.0214   gamma=    7.39 GHz
     lambda(    8)=  0.0151   gamma=    5.43 GHz
     lambda(    9)=  0.0151   gamma=    5.43 GHz
     lambda(   10)=  0.0059   gamma=    2.54 GHz
     lambda(   11)=  0.0125   gamma=    6.81 GHz
     lambda(   12)=  0.0275   gamma=   19.39 GHz
     lambda(   13)=  0.0053   gamma=   13.28 GHz
     lambda(   14)=  0.0053   gamma=   13.28 GHz
     lambda(   15)=  0.0051   gamma=   15.05 GHz
     lambda(   16)=  0.0051   gamma=   15.05 GHz
     lambda(   17)=  0.0019   gamma=   11.48 GHz
     lambda(   18)=  0.0124   gamma=   82.78 GHz

     Gaussian Broadening:   0.020 Ry, ngauss=   0
     DOS = 39.347538 states/spin/Ry/Unit Cell at Ef= 17.089005 eV
     double delta at Ef =**********
     lambda(    1)= -0.0214   gamma=    8.81 GHz
     lambda(    2)= -0.0214   gamma=    8.81 GHz
     lambda(    3)= -0.7321   gamma=   93.45 GHz
     lambda(    4)= -0.7321   gamma=   93.45 GHz
     lambda(    5)=  0.1252   gamma=   34.40 GHz
     lambda(    6)=  0.0208   gamma=    7.00 GHz
     lambda(    7)=  0.0208   gamma=    7.00 GHz
     lambda(    8)=  0.0169   gamma=    5.92 GHz
     lambda(    9)=  0.0169   gamma=    5.92 GHz
     lambda(   10)=  0.0064   gamma=    2.67 GHz
     lambda(   11)=  0.0121   gamma=    6.40 GHz
     lambda(   12)=  0.0304   gamma=   20.89 GHz
     lambda(   13)=  0.0064   gamma=   15.74 GHz
     lambda(   14)=  0.0064   gamma=   15.74 GHz
     lambda(   15)=  0.0063   gamma=   18.05 GHz
     lambda(   16)=  0.0063   gamma=   18.05 GHz
     lambda(   17)=  0.0021   gamma=   12.50 GHz
     lambda(   18)=  0.0106   gamma=   69.41 GHz

     Gaussian Broadening:   0.025 Ry, ngauss=   0
     DOS = 38.402782 states/spin/Ry/Unit Cell at Ef= 17.084780 eV
     double delta at Ef =**********
     lambda(    1)= -0.0244   gamma=    9.79 GHz
     lambda(    2)= -0.0244   gamma=    9.79 GHz
     lambda(    3)= -0.6501   gamma=   80.99 GHz
     lambda(    4)= -0.6501   gamma=   80.99 GHz
     lambda(    5)=  0.1230   gamma=   32.96 GHz
     lambda(    6)=  0.0207   gamma=    6.83 GHz
     lambda(    7)=  0.0207   gamma=    6.83 GHz
     lambda(    8)=  0.0179   gamma=    6.09 GHz
     lambda(    9)=  0.0179   gamma=    6.09 GHz
     lambda(   10)=  0.0070   gamma=    2.86 GHz
     lambda(   11)=  0.0118   gamma=    6.08 GHz
     lambda(   12)=  0.0320   gamma=   21.45 GHz
     lambda(   13)=  0.0074   gamma=   17.65 GHz
     lambda(   14)=  0.0074   gamma=   17.65 GHz
     lambda(   15)=  0.0076   gamma=   21.28 GHz
     lambda(   16)=  0.0076   gamma=   21.28 GHz
     lambda(   17)=  0.0024   gamma=   13.89 GHz
     lambda(   18)=  0.0104   gamma=   66.35 GHz

     Gaussian Broadening:   0.030 Ry, ngauss=   0
     DOS = 37.652926 states/spin/Ry/Unit Cell at Ef= 17.081443 eV
     double delta at Ef =**********
     lambda(    1)= -0.0270   gamma=   10.64 GHz
     lambda(    2)= -0.0270   gamma=   10.64 GHz
     lambda(    3)= -0.5889   gamma=   71.92 GHz
     lambda(    4)= -0.5889   gamma=   71.92 GHz
     lambda(    5)=  0.1211   gamma=   31.83 GHz
     lambda(    6)=  0.0208   gamma=    6.70 GHz
     lambda(    7)=  0.0208   gamma=    6.70 GHz
     lambda(    8)=  0.0181   gamma=    6.04 GHz
     lambda(    9)=  0.0181   gamma=    6.04 GHz
     lambda(   10)=  0.0077   gamma=    3.07 GHz
     lambda(   11)=  0.0114   gamma=    5.78 GHz
     lambda(   12)=  0.0326   gamma=   21.42 GHz
     lambda(   13)=  0.0081   gamma=   19.02 GHz
     lambda(   14)=  0.0081   gamma=   19.02 GHz
     lambda(   15)=  0.0087   gamma=   23.87 GHz
     lambda(   16)=  0.0087   gamma=   23.87 GHz
     lambda(   17)=  0.0026   gamma=   14.98 GHz
     lambda(   18)=  0.0109   gamma=   68.25 GHz

     Gaussian Broadening:   0.035 Ry, ngauss=   0
     DOS = 37.088056 states/spin/Ry/Unit Cell at Ef= 17.080009 eV
     double delta at Ef =**********
     lambda(    1)= -0.0292   gamma=   11.35 GHz
     lambda(    2)= -0.0292   gamma=   11.35 GHz
     lambda(    3)= -0.5406   gamma=   65.04 GHz
     lambda(    4)= -0.5406   gamma=   65.04 GHz
     lambda(    5)=  0.1187   gamma=   30.72 GHz
     lambda(    6)=  0.0206   gamma=    6.55 GHz
     lambda(    7)=  0.0206   gamma=    6.55 GHz
     lambda(    8)=  0.0178   gamma=    5.87 GHz
     lambda(    9)=  0.0178   gamma=    5.87 GHz
     lambda(   10)=  0.0083   gamma=    3.27 GHz
     lambda(   11)=  0.0110   gamma=    5.47 GHz
     lambda(   12)=  0.0325   gamma=   21.07 GHz
     lambda(   13)=  0.0086   gamma=   19.86 GHz
     lambda(   14)=  0.0086   gamma=   19.86 GHz
     lambda(   15)=  0.0094   gamma=   25.56 GHz
     lambda(   16)=  0.0094   gamma=   25.56 GHz
     lambda(   17)=  0.0027   gamma=   15.58 GHz
     lambda(   18)=  0.0116   gamma=   71.36 GHz

     Gaussian Broadening:   0.040 Ry, ngauss=   0
     DOS = 36.626964 states/spin/Ry/Unit Cell at Ef= 17.080771 eV
     double delta at Ef =**********
     lambda(    1)= -0.0312   gamma=   11.95 GHz
     lambda(    2)= -0.0312   gamma=   11.95 GHz
     lambda(    3)= -0.5021   gamma=   59.65 GHz
     lambda(    4)= -0.5021   gamma=   59.65 GHz
     lambda(    5)=  0.1157   gamma=   29.58 GHz
     lambda(    6)=  0.0203   gamma=    6.39 GHz
     lambda(    7)=  0.0203   gamma=    6.39 GHz
     lambda(    8)=  0.0173   gamma=    5.64 GHz
     lambda(    9)=  0.0173   gamma=    5.64 GHz
     lambda(   10)=  0.0089   gamma=    3.44 GHz
     lambda(   11)=  0.0105   gamma=    5.17 GHz
     lambda(   12)=  0.0321   gamma=   20.55 GHz
     lambda(   13)=  0.0089   gamma=   20.26 GHz
     lambda(   14)=  0.0089   gamma=   20.26 GHz
     lambda(   15)=  0.0099   gamma=   26.49 GHz
     lambda(   16)=  0.0099   gamma=   26.49 GHz
     lambda(   17)=  0.0028   gamma=   15.80 GHz
     lambda(   18)=  0.0121   gamma=   73.75 GHz

     Gaussian Broadening:   0.045 Ry, ngauss=   0
     DOS = 36.205181 states/spin/Ry/Unit Cell at Ef= 17.083495 eV
     double delta at Ef =**********
     lambda(    1)= -0.0329   gamma=   12.47 GHz
     lambda(    2)= -0.0329   gamma=   12.47 GHz
     lambda(    3)= -0.4710   gamma=   55.32 GHz
     lambda(    4)= -0.4710   gamma=   55.32 GHz
     lambda(    5)=  0.1124   gamma=   28.41 GHz
     lambda(    6)=  0.0200   gamma=    6.22 GHz
     lambda(    7)=  0.0200   gamma=    6.22 GHz
     lambda(    8)=  0.0168   gamma=    5.39 GHz
     lambda(    9)=  0.0168   gamma=    5.39 GHz
     lambda(   10)=  0.0093   gamma=    3.56 GHz
     lambda(   11)=  0.0100   gamma=    4.88 GHz
     lambda(   12)=  0.0316   gamma=   19.96 GHz
     lambda(   13)=  0.0090   gamma=   20.32 GHz
     lambda(   14)=  0.0090   gamma=   20.32 GHz
     lambda(   15)=  0.0101   gamma=   26.90 GHz
     lambda(   16)=  0.0101   gamma=   26.90 GHz
     lambda(   17)=  0.0028   gamma=   15.79 GHz
     lambda(   18)=  0.0125   gamma=   74.83 GHz

     Gaussian Broadening:   0.050 Ry, ngauss=   0
     DOS = 35.783445 states/spin/Ry/Unit Cell at Ef= 17.087769 eV
     double delta at Ef =**********
     lambda(    1)= -0.0345   gamma=   12.93 GHz
     lambda(    2)= -0.0345   gamma=   12.93 GHz
     lambda(    3)= -0.4456   gamma=   51.72 GHz
     lambda(    4)= -0.4456   gamma=   51.72 GHz
     lambda(    5)=  0.1092   gamma=   27.29 GHz
     lambda(    6)=  0.0198   gamma=    6.06 GHz
     lambda(    7)=  0.0198   gamma=    6.06 GHz
     lambda(    8)=  0.0162   gamma=    5.14 GHz
     lambda(    9)=  0.0162   gamma=    5.14 GHz
     lambda(   10)=  0.0096   gamma=    3.64 GHz
     lambda(   11)=  0.0096   gamma=    4.61 GHz
     lambda(   12)=  0.0310   gamma=   19.36 GHz
     lambda(   13)=  0.0091   gamma=   20.17 GHz
     lambda(   14)=  0.0091   gamma=   20.17 GHz
     lambda(   15)=  0.0103   gamma=   27.00 GHz
     lambda(   16)=  0.0103   gamma=   27.00 GHz
     lambda(   17)=  0.0028   gamma=   15.67 GHz
     lambda(   18)=  0.0126   gamma=   74.67 GHz

     Calculation of q =    0.0000000  -0.5773503   0.0000000

     Bands found: reading from ./out/_ph0/laos3si2.q_3/

     Reading xml data from directory:

     ./out/_ph0/laos3si2.q_3/laos3si2.save/
     Message from routine qexsd_readschema :
     input info not found or not readable in xml file

     IMPORTANT: XC functional enforced from input :
     Exchange-correlation= PBE
                           (   1   4   3   4   0   0   0)
     Any further DFT definition will be discarded
     Please, verify this is what you really want


     Parallelization info
     --------------------
     sticks:   dense  smooth     PW     G-vecs:    dense   smooth      PW
     Min         462     462    137                13280    13280    2128
     Max         464     464    138                13281    13281    2129
     Sum        2779    2779    823                79681    79681   12773

     Using Slab Decomposition

     read_file_new: Wavefunctions not in collected format?!?
     read_file: Wavefunctions in collected format not available

     LaOs3Si2 DFPT electron-phonon (Os-kagome flat-band-at-E_F winner; does flat

     bravais-lattice index     =            4
     lattice parameter (alat)  =      10.5991  a.u.
     unit-cell volume          =     690.7821 (a.u.)^3
     number of atoms/cell      =            6
     number of atomic types    =            3
     kinetic-energy cut-off    =      90.0000  Ry
     charge density cut-off    =     360.0000  Ry
     convergence threshold     =      1.0E-14
     beta                      =       0.4000
     number of iterations used =            4
     Exchange-correlation= PBE
                           (   1   4   3   4   0   0   0)


     celldm(1)=   10.59910  celldm(2)=    0.00000  celldm(3)=    0.66989
     celldm(4)=    0.00000  celldm(5)=    0.00000  celldm(6)=    0.00000

     crystal axes: (cart. coord. in units of alat)
               a(1) = (  1.0000  0.0000  0.0000 )  
               a(2) = ( -0.5000  0.8660  0.0000 )  
               a(3) = (  0.0000  0.0000  0.6699 )  

     reciprocal axes: (cart. coord. in units 2 pi/alat)
               b(1) = (  1.0000  0.5774 -0.0000 )  
               b(2) = (  0.0000  1.1547  0.0000 )  
               b(3) = (  0.0000 -0.0000  1.4928 )  


     Atoms inside the unit cell: 

     Cartesian axes

     site n.  atom      mass           positions (alat units)
        1  La    138.9050   tau(    1) = (    0.00000    0.00000    0.00000  )
        2  Os    190.2300   tau(    2) = (    0.50000    0.00000    0.33494  )
        3  Os    190.2300   tau(    3) = (   -0.25000    0.43301    0.33494  )
        4  Os    190.2300   tau(    4) = (    0.25000    0.43301    0.33494  )
        5  Si     28.0855   tau(    5) = (   -0.00000    0.57735    0.00000  )
        6  Si     28.0855   tau(    6) = (    0.50000    0.28867    0.00000  )

     Computing dynamical matrix for 
                    q = (   0.0000000  -0.5773503   0.0000000 )

      9 Sym.Ops. (with q -> -q+G )


     G cutoff = 1024.4264  (  13281 G-vectors)     FFT grid: ( 72, 72, 45)

     number of k points=  1314  Methfessel-Paxton smearing, width (Ry)=  0.0200

     PseudoPot. # 1 for La read from file:
     ./pseudo/La_ONCV_PBE_sr.upf
     MD5 check sum: a50acaeba93a6b852b3e187ea6859932
     Pseudo is Norm-conserving, Zval = 11.0
     Generated using ONCVPSP code by D. R. Hamann
     Using radial grid of  602 points,  8 beta functions with: 
                l(1) =   0
                l(2) =   0
                l(3) =   1
                l(4) =   1
                l(5) =   2
                l(6) =   2
                l(7) =   3
                l(8) =   3

     PseudoPot. # 2 for Os read from file:
     ./pseudo/Os_ONCV_PBE_sr.upf
     MD5 check sum: 95cd203db9fc26cc83e0e7c2505c7528
     Pseudo is Norm-conserving, Zval = 16.0
     Generated using ONCVPSP code by D. R. Hamann
     Using radial grid of  602 points,  8 beta functions with: 
                l(1) =   0
                l(2) =   0
                l(3) =   1
                l(4) =   1
                l(5) =   2
                l(6) =   2
                l(7) =   3
                l(8) =   3

     PseudoPot. # 3 for Si read from file:
     ./pseudo/Si_ONCV_PBE_sr.upf
     MD5 check sum: 7f029a58b69e3aa87b46a36c608bf45e
     Pseudo is Norm-conserving, Zval =  4.0
     Generated using ONCVPSP code by D. R. Hamann
     Using radial grid of  602 points,  4 beta functions with: 
                l(1) =   0
                l(2) =   0
                l(3) =   1
                l(4) =   1

     Mode symmetry, D_2h (mmm)  point group:


     Atomic displacements:
     There are   18 irreducible representations

     Representation     1      1 modes -  Done

     Representation     2      1 modes -  Done

     Representation     3      1 modes -  Done

     Representation     4      1 modes -  Done

     Representation     5      1 modes -  Done

     Representation     6      1 modes -  Done

     Representation     7      1 modes -  Done

     Representation     8      1 modes -  Done

     Representation     9      1 modes -  Done

     Representation    10      1 modes -  Done

     Representation    11      1 modes -  Done

     Representation    12      1 modes -  Done

     Representation    13      1 modes -  Done

     Representation    14      1 modes -  Done

     Representation    15      1 modes -  Done

     Representation    16      1 modes -  Done

     Representation    17      1 modes -  Done

     Representation    18      1 modes -  Done


     PHONON       :   1m 0.31s CPU   1m 0.89s WALL


     Number of q in the star =    3
     List of q in the star:
          1   0.000000000  -0.577350269   0.000000000
          2   0.500000000   0.288675135   0.000000000
          3  -0.500000000   0.288675135   0.000000000

     Diagonalizing the dynamical matrix

     q = (    0.000000000  -0.577350269   0.000000000 ) 

 **************************************************************************
     freq (    1) =      -1.563620 [THz] =     -52.156735 [cm-1]
     freq (    2) =      -1.125420 [THz] =     -37.539971 [cm-1]
     freq (    3) =      -0.634525 [THz] =     -21.165476 [cm-1]
     freq (    4) =       1.557770 [THz] =      51.961624 [cm-1]
     freq (    5) =       2.293776 [THz] =      76.512120 [cm-1]
     freq (    6) =       2.379108 [THz] =      79.358515 [cm-1]
     freq (    7) =       2.608775 [THz] =      87.019374 [cm-1]
     freq (    8) =       2.991269 [THz] =      99.777983 [cm-1]
     freq (    9) =       3.521035 [THz] =     117.449084 [cm-1]
     freq (   10) =       3.759546 [THz] =     125.404969 [cm-1]
     freq (   11) =       4.750943 [THz] =     158.474399 [cm-1]
     freq (   12) =       5.224226 [THz] =     174.261414 [cm-1]
     freq (   13) =       7.237359 [THz] =     241.412326 [cm-1]
     freq (   14) =       7.993923 [THz] =     266.648569 [cm-1]
     freq (   15) =       8.689753 [THz] =     289.858975 [cm-1]
     freq (   16) =       9.079702 [THz] =     302.866242 [cm-1]
     freq (   17) =      12.301496 [THz] =     410.333751 [cm-1]
     freq (   18) =      12.540312 [THz] =     418.299770 [cm-1]
 **************************************************************************

     Mode symmetry, D_2h (mmm)  point group:

     freq (   1-   1) =        -52.2  [cm-1]   --> B_2g               
     freq (   2-   2) =        -37.5  [cm-1]   --> B_3g               
     freq (   3-   3) =        -21.2  [cm-1]   --> B_1u               
     freq (   4-   4) =         52.0  [cm-1]   --> A_g                
     freq (   5-   5) =         76.5  [cm-1]   --> B_2u               
     freq (   6-   6) =         79.4  [cm-1]   --> B_1u               
     freq (   7-   7) =         87.0  [cm-1]   --> B_1g               
     freq (   8-   8) =         99.8  [cm-1]   --> B_1g               
     freq (   9-   9) =        117.4  [cm-1]   --> B_3u               
     freq (  10-  10) =        125.4  [cm-1]   --> B_2u               
     freq (  11-  11) =        158.5  [cm-1]   --> B_3u               
     freq (  12-  12) =        174.3  [cm-1]   --> A_g                
     freq (  13-  13) =        241.4  [cm-1]   --> B_1g               
     freq (  14-  14) =        266.6  [cm-1]   --> B_3u               
     freq (  15-  15) =        289.9  [cm-1]   --> A_g                
     freq (  16-  16) =        302.9  [cm-1]   --> B_2u               
     freq (  17-  17) =        410.3  [cm-1]   --> B_2g               
     freq (  18-  18) =        418.3  [cm-1]   --> B_1u               

     Gaussian Broadening:   0.005 Ry, ngauss=   0
     DOS = 42.690112 states/spin/Ry/Unit Cell at Ef= 17.100257 eV
     double delta at Ef =**********
     lambda(    1)= -0.0354   gamma=    3.52 GHz
     lambda(    2)= -0.1911   gamma=    9.87 GHz
     lambda(    3)= -0.2064   gamma=    3.39 GHz
     lambda(    4)=  4.0832   gamma=  403.93 GHz
     lambda(    5)=  0.1364   gamma=   29.26 GHz
     lambda(    6)=  0.0090   gamma=    2.08 GHz
     lambda(    7)=  0.0765   gamma=   21.21 GHz
     lambda(    8)=  0.0175   gamma=    6.38 GHz
     lambda(    9)=  0.0176   gamma=    8.90 GHz
     lambda(   10)=  0.0410   gamma=   23.64 GHz
     lambda(   11)=  0.0190   gamma=   17.44 GHz
     lambda(   12)=  0.0378   gamma=   42.09 GHz
     lambda(   13)=  0.0043   gamma=    9.25 GHz
     lambda(   14)=  0.0356   gamma=   92.76 GHz
     lambda(   15)=  0.0143   gamma=   43.95 GHz
     lambda(   16)=  0.0048   gamma=   16.09 GHz
     lambda(   17)=  0.0042   gamma=   26.20 GHz
     lambda(   18)=  0.0032   gamma=   20.23 GHz

     Gaussian Broadening:   0.010 Ry, ngauss=   0
     DOS = 40.898055 states/spin/Ry/Unit Cell at Ef= 17.094773 eV
     double delta at Ef =**********
     lambda(    1)= -0.0325   gamma=    3.11 GHz
     lambda(    2)= -0.2046   gamma=   10.12 GHz
     lambda(    3)= -0.2312   gamma=    3.64 GHz
     lambda(    4)=  2.5107   gamma=  237.94 GHz
     lambda(    5)=  0.1844   gamma=   37.89 GHz
     lambda(    6)=  0.0160   gamma=    3.53 GHz
     lambda(    7)=  0.0912   gamma=   24.25 GHz
     lambda(    8)=  0.0184   gamma=    6.42 GHz
     lambda(    9)=  0.0151   gamma=    7.32 GHz
     lambda(   10)=  0.0427   gamma=   23.59 GHz
     lambda(   11)=  0.0230   gamma=   20.24 GHz
     lambda(   12)=  0.0270   gamma=   28.74 GHz
     lambda(   13)=  0.0062   gamma=   12.76 GHz
     lambda(   14)=  0.0306   gamma=   76.32 GHz
     lambda(   15)=  0.0169   gamma=   49.79 GHz
     lambda(   16)=  0.0085   gamma=   27.52 GHz
     lambda(   17)=  0.0044   gamma=   26.07 GHz
     lambda(   18)=  0.0043   gamma=   26.59 GHz

     Gaussian Broadening:   0.015 Ry, ngauss=   0
     DOS = 40.348587 states/spin/Ry/Unit Cell at Ef= 17.092627 eV
     double delta at Ef =**********
     lambda(    1)= -0.0291   gamma=    2.74 GHz
     lambda(    2)= -0.2010   gamma=    9.81 GHz
     lambda(    3)= -0.2266   gamma=    3.52 GHz
     lambda(    4)=  1.7353   gamma=  162.25 GHz
     lambda(    5)=  0.1793   gamma=   36.35 GHz
     lambda(    6)=  0.0164   gamma=    3.58 GHz
     lambda(    7)=  0.1016   gamma=   26.65 GHz
     lambda(    8)=  0.0175   gamma=    6.05 GHz
     lambda(    9)=  0.0133   gamma=    6.35 GHz
     lambda(   10)=  0.0403   gamma=   21.94 GHz
     lambda(   11)=  0.0216   gamma=   18.77 GHz
     lambda(   12)=  0.0230   gamma=   24.19 GHz
     lambda(   13)=  0.0073   gamma=   14.64 GHz
     lambda(   14)=  0.0286   gamma=   70.42 GHz
     lambda(   15)=  0.0250   gamma=   72.66 GHz
     lambda(   16)=  0.0146   gamma=   46.34 GHz
     lambda(   17)=  0.0042   gamma=   24.27 GHz
     lambda(   18)=  0.0045   gamma=   27.44 GHz

     Gaussian Broadening:   0.020 Ry, ngauss=   0
     DOS = 39.347193 states/spin/Ry/Unit Cell at Ef= 17.089001 eV
     double delta at Ef =**********
     lambda(    1)= -0.0286   gamma=    2.63 GHz
     lambda(    2)= -0.2064   gamma=    9.82 GHz
     lambda(    3)= -0.2303   gamma=    3.48 GHz
     lambda(    4)=  1.3360   gamma=  121.81 GHz
     lambda(    5)=  0.1624   gamma=   32.10 GHz
     lambda(    6)=  0.0157   gamma=    3.33 GHz
     lambda(    7)=  0.1107   gamma=   28.32 GHz
     lambda(    8)=  0.0168   gamma=    5.66 GHz
     lambda(    9)=  0.0123   gamma=    5.71 GHz
     lambda(   10)=  0.0369   gamma=   19.61 GHz
     lambda(   11)=  0.0200   gamma=   16.97 GHz
     lambda(   12)=  0.0210   gamma=   21.58 GHz
     lambda(   13)=  0.0079   gamma=   15.60 GHz
     lambda(   14)=  0.0287   gamma=   68.83 GHz
     lambda(   15)=  0.0299   gamma=   84.81 GHz
     lambda(   16)=  0.0193   gamma=   59.94 GHz
     lambda(   17)=  0.0041   gamma=   23.07 GHz
     lambda(   18)=  0.0047   gamma=   27.61 GHz

     Gaussian Broadening:   0.025 Ry, ngauss=   0
     DOS = 38.402598 states/spin/Ry/Unit Cell at Ef= 17.084775 eV
     double delta at Ef =**********
     lambda(    1)= -0.0296   gamma=    2.66 GHz
     lambda(    2)= -0.2146   gamma=    9.97 GHz
     lambda(    3)= -0.2417   gamma=    3.57 GHz
     lambda(    4)=  1.0923   gamma=   97.20 GHz
     lambda(    5)=  0.1470   gamma=   28.37 GHz
     lambda(    6)=  0.0152   gamma=    3.15 GHz
     lambda(    7)=  0.1189   gamma=   29.68 GHz
     lambda(    8)=  0.0164   gamma=    5.38 GHz
     lambda(    9)=  0.0119   gamma=    5.41 GHz
     lambda(   10)=  0.0339   gamma=   17.59 GHz
     lambda(   11)=  0.0190   gamma=   15.76 GHz
     lambda(   12)=  0.0196   gamma=   19.60 GHz
     lambda(   13)=  0.0085   gamma=   16.33 GHz
     lambda(   14)=  0.0290   gamma=   68.03 GHz
     lambda(   15)=  0.0320   gamma=   88.55 GHz
     lambda(   16)=  0.0222   gamma=   67.16 GHz
     lambda(   17)=  0.0041   gamma=   22.73 GHz
     lambda(   18)=  0.0049   gamma=   28.12 GHz

     Gaussian Broadening:   0.030 Ry, ngauss=   0
     DOS = 37.652830 states/spin/Ry/Unit Cell at Ef= 17.081439 eV
     double delta at Ef =**********
     lambda(    1)= -0.0312   gamma=    2.74 GHz
     lambda(    2)= -0.2227   gamma=   10.14 GHz
     lambda(    3)= -0.2587   gamma=    3.75 GHz
     lambda(    4)=  0.9285   gamma=   81.01 GHz
     lambda(    5)=  0.1344   gamma=   25.42 GHz
     lambda(    6)=  0.0150   gamma=    3.05 GHz
     lambda(    7)=  0.1256   gamma=   30.73 GHz
     lambda(    8)=  0.0161   gamma=    5.18 GHz
     lambda(    9)=  0.0119   gamma=    5.32 GHz
     lambda(   10)=  0.0314   gamma=   15.98 GHz
     lambda(   11)=  0.0186   gamma=   15.07 GHz
     lambda(   12)=  0.0184   gamma=   18.04 GHz
     lambda(   13)=  0.0090   gamma=   17.01 GHz
     lambda(   14)=  0.0291   gamma=   66.76 GHz
     lambda(   15)=  0.0325   gamma=   88.22 GHz
     lambda(   16)=  0.0236   gamma=   69.96 GHz
     lambda(   17)=  0.0042   gamma=   23.08 GHz
     lambda(   18)=  0.0051   gamma=   29.07 GHz

     Gaussian Broadening:   0.035 Ry, ngauss=   0
     DOS = 37.088002 states/spin/Ry/Unit Cell at Ef= 17.080005 eV
     double delta at Ef =**********
     lambda(    1)= -0.0328   gamma=    2.84 GHz
     lambda(    2)= -0.2301   gamma=   10.32 GHz
     lambda(    3)= -0.2777   gamma=    3.96 GHz
     lambda(    4)=  0.8097   gamma=   69.59 GHz
     lambda(    5)=  0.1240   gamma=   23.11 GHz
     lambda(    6)=  0.0149   gamma=    2.99 GHz
     lambda(    7)=  0.1301   gamma=   31.35 GHz
     lambda(    8)=  0.0159   gamma=    5.04 GHz
     lambda(    9)=  0.0121   gamma=    5.33 GHz
     lambda(   10)=  0.0294   gamma=   14.71 GHz
     lambda(   11)=  0.0184   gamma=   14.68 GHz
     lambda(   12)=  0.0174   gamma=   16.78 GHz
     lambda(   13)=  0.0095   gamma=   17.62 GHz
     lambda(   14)=  0.0287   gamma=   65.05 GHz
     lambda(   15)=  0.0320   gamma=   85.58 GHz
     lambda(   16)=  0.0241   gamma=   70.38 GHz
     lambda(   17)=  0.0044   gamma=   23.76 GHz
     lambda(   18)=  0.0054   gamma=   30.20 GHz

     Gaussian Broadening:   0.040 Ry, ngauss=   0
     DOS = 36.626932 states/spin/Ry/Unit Cell at Ef= 17.080768 eV
     double delta at Ef =**********
     lambda(    1)= -0.0345   gamma=    2.95 GHz
     lambda(    2)= -0.2364   gamma=   10.47 GHz
     lambda(    3)= -0.2961   gamma=    4.17 GHz
     lambda(    4)=  0.7194   gamma=   61.06 GHz
     lambda(    5)=  0.1155   gamma=   21.25 GHz
     lambda(    6)=  0.0149   gamma=    2.95 GHz
     lambda(    7)=  0.1326   gamma=   31.56 GHz
     lambda(    8)=  0.0157   gamma=    4.92 GHz
     lambda(    9)=  0.0124   gamma=    5.36 GHz
     lambda(   10)=  0.0277   gamma=   13.69 GHz
     lambda(   11)=  0.0183   gamma=   14.43 GHz
     lambda(   12)=  0.0165   gamma=   15.71 GHz
     lambda(   13)=  0.0099   gamma=   18.14 GHz
     lambda(   14)=  0.0282   gamma=   63.13 GHz
     lambda(   15)=  0.0310   gamma=   81.79 GHz
     lambda(   16)=  0.0242   gamma=   69.70 GHz
     lambda(   17)=  0.0046   gamma=   24.52 GHz
     lambda(   18)=  0.0057   gamma=   31.26 GHz

     Gaussian Broadening:   0.045 Ry, ngauss=   0
     DOS = 36.205163 states/spin/Ry/Unit Cell at Ef= 17.083492 eV
     double delta at Ef =**********
     lambda(    1)= -0.0360   gamma=    3.05 GHz
     lambda(    2)= -0.2420   gamma=   10.60 GHz
     lambda(    3)= -0.3133   gamma=    4.36 GHz
     lambda(    4)=  0.6486   gamma=   54.42 GHz
     lambda(    5)=  0.1085   gamma=   19.74 GHz
     lambda(    6)=  0.0149   gamma=    2.92 GHz
     lambda(    7)=  0.1336   gamma=   31.43 GHz
     lambda(    8)=  0.0156   gamma=    4.81 GHz
     lambda(    9)=  0.0126   gamma=    5.40 GHz
     lambda(   10)=  0.0263   gamma=   12.87 GHz
     lambda(   11)=  0.0182   gamma=   14.22 GHz
     lambda(   12)=  0.0157   gamma=   14.79 GHz
     lambda(   13)=  0.0103   gamma=   18.58 GHz
     lambda(   14)=  0.0277   gamma=   61.15 GHz
     lambda(   15)=  0.0297   gamma=   77.66 GHz
     lambda(   16)=  0.0241   gamma=   68.59 GHz
     lambda(   17)=  0.0048   gamma=   25.22 GHz
     lambda(   18)=  0.0059   gamma=   32.14 GHz

     Gaussian Broadening:   0.050 Ry, ngauss=   0
     DOS = 35.783438 states/spin/Ry/Unit Cell at Ef= 17.087765 eV
     double delta at Ef =**********
     lambda(    1)= -0.0375   gamma=    3.13 GHz
     lambda(    2)= -0.2470   gamma=   10.69 GHz
     lambda(    3)= -0.3300   gamma=    4.54 GHz
     lambda(    4)=  0.5921   gamma=   49.10 GHz
     lambda(    5)=  0.1028   gamma=   18.48 GHz
     lambda(    6)=  0.0150   gamma=    2.90 GHz
     lambda(    7)=  0.1336   gamma=   31.06 GHz
     lambda(    8)=  0.0155   gamma=    4.73 GHz
     lambda(    9)=  0.0128   gamma=    5.42 GHz
     lambda(   10)=  0.0253   gamma=   12.21 GHz
     lambda(   11)=  0.0182   gamma=   14.02 GHz
     lambda(   12)=  0.0150   gamma=   14.00 GHz
     lambda(   13)=  0.0106   gamma=   18.96 GHz
     lambda(   14)=  0.0271   gamma=   59.17 GHz
     lambda(   15)=  0.0285   gamma=   73.65 GHz
     lambda(   16)=  0.0239   gamma=   67.32 GHz
     lambda(   17)=  0.0050   gamma=   25.79 GHz
     lambda(   18)=  0.0061   gamma=   32.79 GHz

     Calculation of q =    0.0000000  -0.5773503  -0.7463912

     Bands found: reading from ./out/_ph0/laos3si2.q_4/

     Reading xml data from directory:

     ./out/_ph0/laos3si2.q_4/laos3si2.save/
     Message from routine qexsd_readschema :
     input info not found or not readable in xml file

     IMPORTANT: XC functional enforced from input :
     Exchange-correlation= PBE
                           (   1   4   3   4   0   0   0)
     Any further DFT definition will be discarded
     Please, verify this is what you really want


     Parallelization info
     --------------------
     sticks:   dense  smooth     PW     G-vecs:    dense   smooth      PW
     Min         462     462    143                13280    13280    2315
     Max         464     464    144                13281    13281    2318
     Sum        2779    2779    859                79681    79681   13901

     Using Slab Decomposition

     read_file_new: Wavefunctions not in collected format?!?
     read_file: Wavefunctions in collected format not available

     LaOs3Si2 DFPT electron-phonon (Os-kagome flat-band-at-E_F winner; does flat

     bravais-lattice index     =            4
     lattice parameter (alat)  =      10.5991  a.u.
     unit-cell volume          =     690.7821 (a.u.)^3
     number of atoms/cell      =            6
     number of atomic types    =            3
     kinetic-energy cut-off    =      90.0000  Ry
     charge density cut-off    =     360.0000  Ry
     convergence threshold     =      1.0E-14
     beta                      =       0.4000
     number of iterations used =            4
     Exchange-correlation= PBE
                           (   1   4   3   4   0   0   0)


     celldm(1)=   10.59910  celldm(2)=    0.00000  celldm(3)=    0.66989
     celldm(4)=    0.00000  celldm(5)=    0.00000  celldm(6)=    0.00000

     crystal axes: (cart. coord. in units of alat)
               a(1) = (  1.0000  0.0000  0.0000 )  
               a(2) = ( -0.5000  0.8660  0.0000 )  
               a(3) = (  0.0000  0.0000  0.6699 )  

     reciprocal axes: (cart. coord. in units 2 pi/alat)
               b(1) = (  1.0000  0.5774 -0.0000 )  
               b(2) = (  0.0000  1.1547  0.0000 )  
               b(3) = (  0.0000 -0.0000  1.4928 )  


     Atoms inside the unit cell: 

     Cartesian axes

     site n.  atom      mass           positions (alat units)
        1  La    138.9050   tau(    1) = (    0.00000    0.00000    0.00000  )
        2  Os    190.2300   tau(    2) = (    0.50000    0.00000    0.33494  )
        3  Os    190.2300   tau(    3) = (   -0.25000    0.43301    0.33494  )
        4  Os    190.2300   tau(    4) = (    0.25000    0.43301    0.33494  )
        5  Si     28.0855   tau(    5) = (   -0.00000    0.57735    0.00000  )
        6  Si     28.0855   tau(    6) = (    0.50000    0.28867    0.00000  )

     Computing dynamical matrix for 
                    q = (   0.0000000  -0.5773503  -0.7463912 )

      9 Sym.Ops. (with q -> -q+G )


     G cutoff = 1024.4264  (  13280 G-vectors)     FFT grid: ( 72, 72, 45)

     number of k points=  1314  Methfessel-Paxton smearing, width (Ry)=  0.0200

     PseudoPot. # 1 for La read from file:
     ./pseudo/La_ONCV_PBE_sr.upf
     MD5 check sum: a50acaeba93a6b852b3e187ea6859932
     Pseudo is Norm-conserving, Zval = 11.0
     Generated using ONCVPSP code by D. R. Hamann
     Using radial grid of  602 points,  8 beta functions with: 
                l(1) =   0
                l(2) =   0
                l(3) =   1
                l(4) =   1
                l(5) =   2
                l(6) =   2
                l(7) =   3
                l(8) =   3

     PseudoPot. # 2 for Os read from file:
     ./pseudo/Os_ONCV_PBE_sr.upf
     MD5 check sum: 95cd203db9fc26cc83e0e7c2505c7528
     Pseudo is Norm-conserving, Zval = 16.0
     Generated using ONCVPSP code by D. R. Hamann
     Using radial grid of  602 points,  8 beta functions with: 
                l(1) =   0
                l(2) =   0
                l(3) =   1
                l(4) =   1
                l(5) =   2
                l(6) =   2
                l(7) =   3
                l(8) =   3

     PseudoPot. # 3 for Si read from file:
     ./pseudo/Si_ONCV_PBE_sr.upf
     MD5 check sum: 7f029a58b69e3aa87b46a36c608bf45e
     Pseudo is Norm-conserving, Zval =  4.0
     Generated using ONCVPSP code by D. R. Hamann
     Using radial grid of  602 points,  4 beta functions with: 
                l(1) =   0
                l(2) =   0
                l(3) =   1
                l(4) =   1

     Mode symmetry, D_2h (mmm)  point group:


     Atomic displacements:
     There are   18 irreducible representations

     Representation     1      1 modes -  Done

     Representation     2      1 modes -  Done

     Representation     3      1 modes -  Done

     Representation     4      1 modes -  Done

     Representation     5      1 modes -  Done

     Representation     6      1 modes -  Done

     Representation     7      1 modes -  Done

     Representation     8      1 modes -  Done

     Representation     9      1 modes -  Done

     Representation    10      1 modes -  Done

     Representation    11      1 modes -  Done

     Representation    12      1 modes -  Done

     Representation    13      1 modes -  Done

     Representation    14      1 modes -  Done

     Representation    15      1 modes -  Done

     Representation    16      1 modes -  Done

     Representation    17      1 modes -  Done

     Representation    18      1 modes -  Done


     PHONON       :   1m13.25s CPU   1m13.99s WALL


     Number of q in the star =    3
     List of q in the star:
          1   0.000000000  -0.577350269  -0.746391199
          2   0.500000000   0.288675135   0.746391199
          3  -0.500000000   0.288675135   0.746391199

     Diagonalizing the dynamical matrix

     q = (    0.000000000  -0.577350269  -0.746391199 ) 

 **************************************************************************
     freq (    1) =      -2.955922 [THz] =     -98.598950 [cm-1]
     freq (    2) =      -0.997487 [THz] =     -33.272580 [cm-1]
     freq (    3) =       1.390444 [THz] =      46.380217 [cm-1]
     freq (    4) =       1.852259 [THz] =      61.784696 [cm-1]
     freq (    5) =       2.677016 [THz] =      89.295643 [cm-1]
     freq (    6) =       2.886659 [THz] =      96.288579 [cm-1]
     freq (    7) =       3.163955 [THz] =     105.538176 [cm-1]
     freq (    8) =       3.495656 [THz] =     116.602545 [cm-1]
     freq (    9) =       3.533151 [THz] =     117.853246 [cm-1]
     freq (   10) =       3.989479 [THz] =     133.074708 [cm-1]
     freq (   11) =       4.157025 [THz] =     138.663440 [cm-1]
     freq (   12) =       4.590712 [THz] =     153.129683 [cm-1]
     freq (   13) =       8.157330 [THz] =     272.099239 [cm-1]
     freq (   14) =       8.338169 [THz] =     278.131369 [cm-1]
     freq (   15) =       8.365377 [THz] =     279.038934 [cm-1]
     freq (   16) =       8.580610 [THz] =     286.218351 [cm-1]
     freq (   17) =      12.495090 [THz] =     416.791338 [cm-1]
     freq (   18) =      12.823207 [THz] =     427.736153 [cm-1]
 **************************************************************************

     Mode symmetry, D_2h (mmm)  point group:

     freq (   1-   1) =        -98.6  [cm-1]   --> B_2u               
     freq (   2-   2) =        -33.3  [cm-1]   --> A_g                
     freq (   3-   3) =         46.4  [cm-1]   --> B_1u               
     freq (   4-   4) =         61.8  [cm-1]   --> B_3u               
     freq (   5-   5) =         89.3  [cm-1]   --> A_u                
     freq (   6-   6) =         96.3  [cm-1]   --> B_3g               
     freq (   7-   7) =        105.5  [cm-1]   --> B_2u               
     freq (   8-   8) =        116.6  [cm-1]   --> A_u                
     freq (   9-   9) =        117.9  [cm-1]   --> B_3u               
     freq (  10-  10) =        133.1  [cm-1]   --> B_1u               
     freq (  11-  11) =        138.7  [cm-1]   --> B_1u               
     freq (  12-  12) =        153.1  [cm-1]   --> B_2g               
     freq (  13-  13) =        272.1  [cm-1]   --> A_g                
     freq (  14-  14) =        278.1  [cm-1]   --> B_2u               
     freq (  15-  15) =        279.0  [cm-1]   --> B_3u               
     freq (  16-  16) =        286.2  [cm-1]   --> B_1g               
     freq (  17-  17) =        416.8  [cm-1]   --> B_1u               
     freq (  18-  18) =        427.7  [cm-1]   --> B_2g               

     Gaussian Broadening:   0.005 Ry, ngauss=   0
     DOS = 42.690112 states/spin/Ry/Unit Cell at Ef= 17.100257 eV
     double delta at Ef =**********
     lambda(    1)= -0.0254   gamma=    9.04 GHz
     lambda(    2)= -0.1802   gamma=    7.31 GHz
     lambda(    3)=  3.8283   gamma=  301.73 GHz
     lambda(    4)=  0.0292   gamma=    4.08 GHz
     lambda(    5)=  0.2639   gamma=   77.09 GHz
     lambda(    6)=  0.2083   gamma=   70.74 GHz
     lambda(    7)=  0.0143   gamma=    5.83 GHz
     lambda(    8)=  0.0200   gamma=    9.95 GHz
     lambda(    9)=  0.0091   gamma=    4.64 GHz
     lambda(   10)=  0.0946   gamma=   61.35 GHz
     lambda(   11)=  0.0300   gamma=   21.12 GHz
     lambda(   12)=  0.0149   gamma=   12.82 GHz
     lambda(   13)=  0.0084   gamma=   22.81 GHz
     lambda(   14)=  0.0032   gamma=    9.01 GHz
     lambda(   15)=  0.0038   gamma=   10.93 GHz
     lambda(   16)=  0.0030   gamma=    8.92 GHz
     lambda(   17)=  0.0100   gamma=   63.54 GHz
     lambda(   18)=  0.0050   gamma=   33.26 GHz

     Gaussian Broadening:   0.010 Ry, ngauss=   0
     DOS = 40.898055 states/spin/Ry/Unit Cell at Ef= 17.094773 eV
     double delta at Ef =**********
     lambda(    1)= -0.0241   gamma=    8.23 GHz
     lambda(    2)= -0.1676   gamma=    6.51 GHz
     lambda(    3)=  2.3483   gamma=  177.31 GHz
     lambda(    4)=  0.0268   gamma=    3.59 GHz
     lambda(    5)=  0.2375   gamma=   66.47 GHz
     lambda(    6)=  0.2201   gamma=   71.63 GHz
     lambda(    7)=  0.0125   gamma=    4.87 GHz
     lambda(    8)=  0.0192   gamma=    9.17 GHz
     lambda(    9)=  0.0090   gamma=    4.40 GHz
     lambda(   10)=  0.0574   gamma=   35.70 GHz
     lambda(   11)=  0.0305   gamma=   20.60 GHz
     lambda(   12)=  0.0189   gamma=   15.58 GHz
     lambda(   13)=  0.0094   gamma=   24.32 GHz
     lambda(   14)=  0.0038   gamma=   10.28 GHz
     lambda(   15)=  0.0042   gamma=   11.50 GHz
     lambda(   16)=  0.0037   gamma=   10.77 GHz
     lambda(   17)=  0.0072   gamma=   43.88 GHz
     lambda(   18)=  0.0063   gamma=   40.51 GHz

     Gaussian Broadening:   0.015 Ry, ngauss=   0
     DOS = 40.348587 states/spin/Ry/Unit Cell at Ef= 17.092627 eV
     double delta at Ef =**********
     lambda(    1)= -0.0241   gamma=    8.11 GHz
     lambda(    2)= -0.1705   gamma=    6.54 GHz
     lambda(    3)=  1.5842   gamma=  118.01 GHz
     lambda(    4)=  0.0259   gamma=    3.42 GHz
     lambda(    5)=  0.2126   gamma=   58.70 GHz
     lambda(    6)=  0.2003   gamma=   64.30 GHz
     lambda(    7)=  0.0123   gamma=    4.75 GHz
     lambda(    8)=  0.0187   gamma=    8.79 GHz
     lambda(    9)=  0.0089   gamma=    4.30 GHz
     lambda(   10)=  0.0395   gamma=   24.22 GHz
     lambda(   11)=  0.0340   gamma=   22.63 GHz
     lambda(   12)=  0.0215   gamma=   17.45 GHz
     lambda(   13)=  0.0101   gamma=   25.84 GHz
     lambda(   14)=  0.0040   gamma=   10.78 GHz
     lambda(   15)=  0.0052   gamma=   14.12 GHz
     lambda(   16)=  0.0043   gamma=   12.17 GHz
     lambda(   17)=  0.0058   gamma=   34.87 GHz
     lambda(   18)=  0.0064   gamma=   40.77 GHz

     Gaussian Broadening:   0.020 Ry, ngauss=   0
     DOS = 39.347193 states/spin/Ry/Unit Cell at Ef= 17.089001 eV
     double delta at Ef =**********
     lambda(    1)= -0.0255   gamma=    8.37 GHz
     lambda(    2)= -0.1828   gamma=    6.83 GHz
     lambda(    3)=  1.1906   gamma=   86.49 GHz
     lambda(    4)=  0.0281   gamma=    3.63 GHz
     lambda(    5)=  0.1926   gamma=   51.86 GHz
     lambda(    6)=  0.1752   gamma=   54.86 GHz
     lambda(    7)=  0.0125   gamma=    4.71 GHz
     lambda(    8)=  0.0181   gamma=    8.33 GHz
     lambda(    9)=  0.0090   gamma=    4.22 GHz
     lambda(   10)=  0.0308   gamma=   18.43 GHz
     lambda(   11)=  0.0356   gamma=   23.09 GHz
     lambda(   12)=  0.0233   gamma=   18.47 GHz
     lambda(   13)=  0.0105   gamma=   26.23 GHz
     lambda(   14)=  0.0043   gamma=   11.20 GHz
     lambda(   15)=  0.0061   gamma=   16.15 GHz
     lambda(   16)=  0.0049   gamma=   13.48 GHz
     lambda(   17)=  0.0053   gamma=   31.06 GHz
     lambda(   18)=  0.0066   gamma=   40.92 GHz

     Gaussian Broadening:   0.025 Ry, ngauss=   0
     DOS = 38.402598 states/spin/Ry/Unit Cell at Ef= 17.084775 eV
     double delta at Ef =**********
     lambda(    1)= -0.0275   gamma=    8.81 GHz
     lambda(    2)= -0.2003   gamma=    7.31 GHz
     lambda(    3)=  0.9527   gamma=   67.55 GHz
     lambda(    4)=  0.0320   gamma=    4.02 GHz
     lambda(    5)=  0.1771   gamma=   46.55 GHz
     lambda(    6)=  0.1544   gamma=   47.19 GHz
     lambda(    7)=  0.0127   gamma=    4.66 GHz
     lambda(    8)=  0.0175   gamma=    7.86 GHz
     lambda(    9)=  0.0090   gamma=    4.12 GHz
     lambda(   10)=  0.0259   gamma=   15.11 GHz
     lambda(   11)=  0.0359   gamma=   22.73 GHz
     lambda(   12)=  0.0247   gamma=   19.10 GHz
     lambda(   13)=  0.0108   gamma=   26.42 GHz
     lambda(   14)=  0.0046   gamma=   11.64 GHz
     lambda(   15)=  0.0068   gamma=   17.41 GHz
     lambda(   16)=  0.0054   gamma=   14.48 GHz
     lambda(   17)=  0.0051   gamma=   29.47 GHz
     lambda(   18)=  0.0070   gamma=   42.00 GHz

     Gaussian Broadening:   0.030 Ry, ngauss=   0
     DOS = 37.652830 states/spin/Ry/Unit Cell at Ef= 17.081439 eV
     double delta at Ef =**********
     lambda(    1)= -0.0295   gamma=    9.28 GHz
     lambda(    2)= -0.2183   gamma=    7.81 GHz
     lambda(    3)=  0.7955   gamma=   55.30 GHz
     lambda(    4)=  0.0360   gamma=    4.44 GHz
     lambda(    5)=  0.1651   gamma=   42.53 GHz
     lambda(    6)=  0.1382   gamma=   41.42 GHz
     lambda(    7)=  0.0128   gamma=    4.60 GHz
     lambda(    8)=  0.0170   gamma=    7.49 GHz
     lambda(    9)=  0.0089   gamma=    4.02 GHz
     lambda(   10)=  0.0227   gamma=   13.02 GHz
     lambda(   11)=  0.0355   gamma=   22.03 GHz
     lambda(   12)=  0.0256   gamma=   19.43 GHz
     lambda(   13)=  0.0111   gamma=   26.54 GHz
     lambda(   14)=  0.0049   gamma=   12.17 GHz
     lambda(   15)=  0.0072   gamma=   18.14 GHz
     lambda(   16)=  0.0057   gamma=   15.10 GHz
     lambda(   17)=  0.0051   gamma=   28.80 GHz
     lambda(   18)=  0.0074   gamma=   43.49 GHz

     Gaussian Broadening:   0.035 Ry, ngauss=   0
     DOS = 37.088002 states/spin/Ry/Unit Cell at Ef= 17.080005 eV
     double delta at Ef =**********
     lambda(    1)= -0.0314   gamma=    9.72 GHz
     lambda(    2)= -0.2350   gamma=    8.28 GHz
     lambda(    3)=  0.6857   gamma=   46.95 GHz
     lambda(    4)=  0.0395   gamma=    4.80 GHz
     lambda(    5)=  0.1553   gamma=   39.41 GHz
     lambda(    6)=  0.1257   gamma=   37.09 GHz
     lambda(    7)=  0.0128   gamma=    4.54 GHz
     lambda(    8)=  0.0168   gamma=    7.28 GHz
     lambda(    9)=  0.0088   gamma=    3.91 GHz
     lambda(   10)=  0.0206   gamma=   11.60 GHz
     lambda(   11)=  0.0346   gamma=   21.21 GHz
     lambda(   12)=  0.0261   gamma=   19.51 GHz
     lambda(   13)=  0.0113   gamma=   26.56 GHz
     lambda(   14)=  0.0052   gamma=   12.75 GHz
     lambda(   15)=  0.0075   gamma=   18.50 GHz
     lambda(   16)=  0.0059   gamma=   15.44 GHz
     lambda(   17)=  0.0052   gamma=   28.48 GHz
     lambda(   18)=  0.0077   gamma=   44.74 GHz

     Gaussian Broadening:   0.040 Ry, ngauss=   0
     DOS = 36.626932 states/spin/Ry/Unit Cell at Ef= 17.080768 eV
     double delta at Ef =**********
     lambda(    1)= -0.0331   gamma=   10.11 GHz
     lambda(    2)= -0.2505   gamma=    8.72 GHz
     lambda(    3)=  0.6059   gamma=   40.97 GHz
     lambda(    4)=  0.0425   gamma=    5.10 GHz
     lambda(    5)=  0.1473   gamma=   36.91 GHz
     lambda(    6)=  0.1159   gamma=   33.77 GHz
     lambda(    7)=  0.0128   gamma=    4.48 GHz
     lambda(    8)=  0.0169   gamma=    7.24 GHz
     lambda(    9)=  0.0087   gamma=    3.81 GHz
     lambda(   10)=  0.0190   gamma=   10.59 GHz
     lambda(   11)=  0.0337   gamma=   20.36 GHz
     lambda(   12)=  0.0264   gamma=   19.45 GHz
     lambda(   13)=  0.0114   gamma=   26.50 GHz
     lambda(   14)=  0.0055   gamma=   13.33 GHz
     lambda(   15)=  0.0076   gamma=   18.61 GHz
     lambda(   16)=  0.0061   gamma=   15.58 GHz
     lambda(   17)=  0.0052   gamma=   28.30 GHz
     lambda(   18)=  0.0079   gamma=   45.42 GHz

     Gaussian Broadening:   0.045 Ry, ngauss=   0
     DOS = 36.205163 states/spin/Ry/Unit Cell at Ef= 17.083492 eV
     double delta at Ef =**********
     lambda(    1)= -0.0347   gamma=   10.47 GHz
     lambda(    2)= -0.2653   gamma=    9.13 GHz
     lambda(    3)=  0.5459   gamma=   36.49 GHz
     lambda(    4)=  0.0452   gamma=    5.36 GHz
     lambda(    5)=  0.1408   gamma=   34.88 GHz
     lambda(    6)=  0.1081   gamma=   31.13 GHz
     lambda(    7)=  0.0127   gamma=    4.41 GHz
     lambda(    8)=  0.0173   gamma=    7.32 GHz
     lambda(    9)=  0.0086   gamma=    3.72 GHz
     lambda(   10)=  0.0179   gamma=    9.84 GHz
     lambda(   11)=  0.0327   gamma=   19.56 GHz
     lambda(   12)=  0.0265   gamma=   19.33 GHz
     lambda(   13)=  0.0115   gamma=   26.37 GHz
     lambda(   14)=  0.0058   gamma=   13.88 GHz
     lambda(   15)=  0.0077   gamma=   18.58 GHz
     lambda(   16)=  0.0061   gamma=   15.61 GHz
     lambda(   17)=  0.0052   gamma=   28.14 GHz
     lambda(   18)=  0.0080   gamma=   45.56 GHz

     Gaussian Broadening:   0.050 Ry, ngauss=   0
     DOS = 35.783438 states/spin/Ry/Unit Cell at Ef= 17.087765 eV
     double delta at Ef =**********
     lambda(    1)= -0.0362   gamma=   10.82 GHz
     lambda(    2)= -0.2799   gamma=    9.52 GHz
     lambda(    3)=  0.4993   gamma=   32.99 GHz
     lambda(    4)=  0.0477   gamma=    5.60 GHz
     lambda(    5)=  0.1356   gamma=   33.20 GHz
     lambda(    6)=  0.1018   gamma=   28.98 GHz
     lambda(    7)=  0.0127   gamma=    4.35 GHz
     lambda(    8)=  0.0179   gamma=    7.49 GHz
     lambda(    9)=  0.0085   gamma=    3.65 GHz
     lambda(   10)=  0.0170   gamma=    9.27 GHz
     lambda(   11)=  0.0319   gamma=   18.81 GHz
     lambda(   12)=  0.0266   gamma=   19.18 GHz
     lambda(   13)=  0.0115   gamma=   26.23 GHz
     lambda(   14)=  0.0061   gamma=   14.41 GHz
     lambda(   15)=  0.0077   gamma=   18.45 GHz
     lambda(   16)=  0.0062   gamma=   15.57 GHz
     lambda(   17)=  0.0052   gamma=   27.96 GHz
     lambda(   18)=  0.0081   gamma=   45.28 GHz

     PHONON       :   1m18.19s CPU   1m18.94s WALL

     INITIALIZATION: 
     phq_setup    :      0.16s CPU      0.17s WALL (       4 calls)

     init_vloc    :      0.01s CPU      0.02s WALL (       5 calls)
     init_us_1    :      0.00s CPU      0.00s WALL (       5 calls)

     DYNAMICAL MATRIX:
     phqscf       :      0.00s CPU      0.00s WALL (       4 calls)
     dynmatrix    :      0.01s CPU      0.01s WALL (       4 calls)

     phqscf       :      0.00s CPU      0.00s WALL (       4 calls)




      Electron-phonon coupling

      General routines
     fft          :      0.19s CPU      0.19s WALL (      62 calls)

      Additional routines


     PHONON       :   1m18.19s CPU   1m18.94s WALL


   This run was terminated on:  22:33:30  17Jun2026            

=------------------------------------------------------------------------------=
   JOB DONE.
=------------------------------------------------------------------------------=
