
     Program PHONON v.7.5 starts on 15Jun2026 at 11:42:57 

     This program is part of the open-source Quantum ESPRESSO suite
     for quantum simulation of materials; please cite
         "P. Giannozzi et al., J. Phys.:Condens. Matter 21 395502 (2009);
         "P. Giannozzi et al., J. Phys.:Condens. Matter 29 465901 (2017);
         "P. Giannozzi et al., J. Chem. Phys. 152 154105 (2020);
          URL http://www.quantum-espresso.org", 
     in publications or presentations arising from this work. More details at
     http://www.quantum-espresso.org/quote

     Parallel version (MPI & OpenMP), running on       4 processor cores
     Number of MPI processes:                 4
     Threads/MPI process:                     1

     MPI processes distributed on     1 nodes
     16272 MiB available memory on the printing compute node when the environment starts

     Reading input from ph.in
     Run is not recoverable starting from scratch

     Reading xml data from directory:

     ./out/mgh6.save/

     R & G space division:  proc/nbgrp/npool/nimage =       4
     Subspace diagonalization in iterative solution of the eigenvalue problem:
     a serial algorithm will be used

     file Mg.pbe-spnl-rrkjus_psl.1.0.0.UPF: wavefunction(s)  2P renormalized

     IMPORTANT: XC functional enforced from input :
     Exchange-correlation= PBE
                           (   1   4   3   4   0   0   0)
     Any further DFT definition will be discarded
     Please, verify this is what you really want


     Parallelization info
     --------------------
     sticks:   dense  smooth     PW     G-vecs:    dense   smooth      PW
     Min         311     155     49                 6969     2475     430
     Max         312     156     50                 6972     2478     431
     Sum        1247     623    197                27883     9909    1721

     Using Slab Decomposition


     Check: negative core charge=   -0.000006
     Reading collected, re-writing distributed wavefunctions in ./out/


     Dynamical matrices for ( 2, 2, 2)  uniform grid of q-points
     (   4 q-points):
       N         xq(1)         xq(2)         xq(3) 
       1   0.000000000   0.000000000   0.000000000
       2   0.000000000   0.500000000  -0.500000000
       3   0.500000000   0.000000000  -0.500000000
       4   0.000000000   0.000000000  -1.000000000

     Number and degeneracy of irreps per q-point
       N         xq(1)         xq(2)         xq(3)   N irreps
Eigenvectors exchange needed    4    7
Eigenvectors exchange needed    6    9
Eigenvectors exchange needed    8    9
Eigenvectors exchange needed   14   18
Eigenvectors exchange needed   16   20
Eigenvectors exchange needed   18   19
Eigenvectors exchange needed   20   21
       1   0.000000000   0.000000000   0.000000000      14
        1   1   1   2   2   2   1   1   1   1   2   2   2   2
       2   0.000000000   0.500000000  -0.500000000      21
     No degeneracy
       3   0.500000000   0.000000000  -0.500000000      21
     No degeneracy
Eigenvectors exchange needed    4    7
Eigenvectors exchange needed    6    9
Eigenvectors exchange needed    8    9
Eigenvectors exchange needed   14   18
Eigenvectors exchange needed   16   20
Eigenvectors exchange needed   18   19
Eigenvectors exchange needed   20   21
       4   0.000000000   0.000000000  -1.000000000      14
        1   1   1   2   2   2   1   1   1   1   2   2   2   2

     Saving dvscf to file. Distribute only q points, not irreducible representations.

     Calculation of q =    0.0000000   0.0000000   0.0000000

     MgH6 sodalite el-ph 2x2x2 q (triangulate #3, Tc~263K predicted)            

     bravais-lattice index     =            3
     lattice parameter (alat)  =       5.8790  a.u.
     unit-cell volume          =     101.5969 (a.u.)^3
     number of atoms/cell      =            7
     number of atomic types    =            2
     kinetic-energy cut-off    =      80.0000  Ry
     charge density cut-off    =     640.0000  Ry
     convergence threshold     =      1.0E-14
     beta                      =       0.3000
     number of iterations used =            4
     Exchange-correlation= PBE
                           (   1   4   3   4   0   0   0)


     celldm(1)=    5.87900  celldm(2)=    0.00000  celldm(3)=    0.00000
     celldm(4)=    0.00000  celldm(5)=    0.00000  celldm(6)=    0.00000

     crystal axes: (cart. coord. in units of alat)
               a(1) = (  0.5000  0.5000  0.5000 )  
               a(2) = ( -0.5000  0.5000  0.5000 )  
               a(3) = ( -0.5000 -0.5000  0.5000 )  

     reciprocal axes: (cart. coord. in units 2 pi/alat)
               b(1) = (  1.0000  0.0000  1.0000 )  
               b(2) = ( -1.0000  1.0000  0.0000 )  
               b(3) = (  0.0000 -1.0000  1.0000 )  


     Atoms inside the unit cell: 

     Cartesian axes

     site n.  atom      mass           positions (alat units)
        1  Mg     24.3050   tau(    1) = (    0.00000    0.00000    0.00000  )
        2  H       1.0080   tau(    2) = (   -0.12500    0.37500    0.37500  )
        3  H       1.0080   tau(    3) = (    0.12500    0.12500    0.37500  )
        4  H       1.0080   tau(    4) = (   -0.37500   -0.12500    0.37500  )
        5  H       1.0080   tau(    5) = (    0.12500    0.62500    0.62500  )
        6  H       1.0080   tau(    6) = (   -0.12500   -0.12500    0.62500  )
        7  H       1.0080   tau(    7) = (   -0.62500    0.12500    0.62500  )

     Computing dynamical matrix for 
                    q = (   0.0000000   0.0000000   0.0000000 )

      7 Sym.Ops. (with q -> -q+G )


     G cutoff =  560.3084  (   6972 G-vectors)     FFT grid: ( 45, 45, 45)
     G cutoff =  280.1542  (   2478 G-vectors)  smooth grid: ( 30, 30, 30)

     number of k points=   690  Methfessel-Paxton smearing, width (Ry)=  0.0200

     PseudoPot. # 1 for Mg read from file:
     ./pseudo/Mg.pbe-spnl-rrkjus_psl.1.0.0.UPF
     MD5 check sum: 9996ca2d31208a261ae42168ce6c5fae
     Pseudo is Ultrasoft + core correction, Zval = 10.0
     Generated using &quot;atomic&quot; code by A. Dal Corso  v.6.3
     Using radial grid of 1129 points,  4 beta functions with: 
                l(1) =   0
                l(2) =   0
                l(3) =   1
                l(4) =   1
     Q(r) pseudized with 0 coefficients 


     PseudoPot. # 2 for H  read from file:
     ./pseudo/H.pbe-rrkjus_psl.1.0.0.UPF
     MD5 check sum: 3f4114867bd07edc7f1424d066fc1888
     Pseudo is Ultrasoft, Zval =  1.0
     Generated using &quot;atomic&quot; code by A. Dal Corso  v.6.3MaX
     Using radial grid of  929 points,  2 beta functions with: 
                l(1) =   0
                l(2) =   0
     Q(r) pseudized with 0 coefficients 


     Mode symmetry, S_6 (-3)    point group:


     Atomic displacements:
     There are   14 irreducible representations

     Representation     1      1 modes -  To be done

     Representation     2      1 modes -  To be done

     Representation     3      1 modes -  To be done

     Representation     4      2 modes -  To be done

     Representation     5      2 modes -  To be done

     Representation     6      2 modes -  To be done

     Representation     7      1 modes -  To be done

     Representation     8      1 modes -  To be done

     Representation     9      1 modes -  To be done

     Representation    10      1 modes -  To be done

     Representation    11      2 modes -  To be done

     Representation    12      2 modes -  To be done

     Representation    13      2 modes -  To be done

     Representation    14      2 modes -  To be done



     Alpha used in Ewald sum =   2.8000
     PHONON       :      6.58s CPU      6.92s WALL



     Representation #   1 mode #   1

     Self-consistent Calculation

     Pert. #  1: Fermi energy shift (Ry) =    -5.6511E-02     1.6156E-27

      iter #   1 total cpu time :    11.1 secs   av.it.:   5.1
      thresh= 1.000E-02 alpha_mix =  0.300 |ddv_scf|^2 =  6.028E-08

     Pert. #  1: Fermi energy shift (Ry) =    -6.4685E-02     1.2117E-27

      iter #   2 total cpu time :    17.2 secs   av.it.:  11.3
      thresh= 2.455E-05 alpha_mix =  0.300 |ddv_scf|^2 =  2.234E-08

     Pert. #  1: Fermi energy shift (Ry) =    -7.6005E-02     1.2117E-27

      iter #   3 total cpu time :    23.6 secs   av.it.:  12.0
      thresh= 1.495E-05 alpha_mix =  0.300 |ddv_scf|^2 =  1.449E-10

     Pert. #  1: Fermi energy shift (Ry) =    -7.4637E-02     1.4136E-27

      iter #   4 total cpu time :    30.1 secs   av.it.:  12.3
      thresh= 1.204E-06 alpha_mix =  0.300 |ddv_scf|^2 =  2.355E-11

     Pert. #  1: Fermi energy shift (Ry) =    -7.4577E-02     1.4136E-27

      iter #   5 total cpu time :    36.1 secs   av.it.:  11.1
      thresh= 4.852E-07 alpha_mix =  0.300 |ddv_scf|^2 =  1.103E-11

     Pert. #  1: Fermi energy shift (Ry) =    -7.4446E-02     1.4136E-27

      iter #   6 total cpu time :    42.5 secs   av.it.:  12.1
      thresh= 3.322E-07 alpha_mix =  0.300 |ddv_scf|^2 =  1.421E-14

     Pert. #  1: Fermi energy shift (Ry) =    -7.4454E-02     1.4136E-27

      iter #   7 total cpu time :    48.5 secs   av.it.:  10.9
      thresh= 1.192E-08 alpha_mix =  0.300 |ddv_scf|^2 =  2.942E-15

     End of self-consistent calculation

     Convergence has been achieved 


     Representation #   2 mode #   2

     Self-consistent Calculation

     Pert. #  1: Fermi energy shift (Ry) =    -6.1971E-02     0.0000E+00

      iter #   1 total cpu time :    53.0 secs   av.it.:   4.2
      thresh= 1.000E-02 alpha_mix =  0.300 |ddv_scf|^2 =  2.109E-08

     Pert. #  1: Fermi energy shift (Ry) =    -6.6300E-02     0.0000E+00

      iter #   2 total cpu time :    59.1 secs   av.it.:  11.3
      thresh= 1.452E-05 alpha_mix =  0.300 |ddv_scf|^2 =  7.965E-09

     Pert. #  1: Fermi energy shift (Ry) =    -7.2519E-02     0.0000E+00

      iter #   3 total cpu time :    65.4 secs   av.it.:  11.8
      thresh= 8.925E-06 alpha_mix =  0.300 |ddv_scf|^2 =  1.843E-10

     Pert. #  1: Fermi energy shift (Ry) =    -7.2337E-02     0.0000E+00

      iter #   4 total cpu time :    71.8 secs   av.it.:  12.1
      thresh= 1.358E-06 alpha_mix =  0.300 |ddv_scf|^2 =  5.038E-12

     Pert. #  1: Fermi energy shift (Ry) =    -7.2033E-02     0.0000E+00

      iter #   5 total cpu time :    77.8 secs   av.it.:  11.4
      thresh= 2.245E-07 alpha_mix =  0.300 |ddv_scf|^2 =  1.196E-12

     Pert. #  1: Fermi energy shift (Ry) =    -7.1745E-02     0.0000E+00

      iter #   6 total cpu time :    84.2 secs   av.it.:  12.0
      thresh= 1.094E-07 alpha_mix =  0.300 |ddv_scf|^2 =  2.038E-14

     Pert. #  1: Fermi energy shift (Ry) =    -7.1751E-02     0.0000E+00

      iter #   7 total cpu time :    90.4 secs   av.it.:  11.7
      thresh= 1.427E-08 alpha_mix =  0.300 |ddv_scf|^2 =  3.146E-16

     End of self-consistent calculation

     Convergence has been achieved 


     Representation #   3 mode #   3

     Self-consistent Calculation

     Pert. #  1: Fermi energy shift (Ry) =    -3.5265E-02     1.6156E-27

      iter #   1 total cpu time :    95.2 secs   av.it.:   4.8
      thresh= 1.000E-02 alpha_mix =  0.300 |ddv_scf|^2 =  4.989E-08

     Pert. #  1: Fermi energy shift (Ry) =    -3.8045E-02     1.2117E-27

      iter #   2 total cpu time :   101.2 secs   av.it.:  11.2
      thresh= 2.234E-05 alpha_mix =  0.300 |ddv_scf|^2 =  1.895E-08

     Pert. #  1: Fermi energy shift (Ry) =    -4.2327E-02     1.2117E-27

      iter #   3 total cpu time :   107.6 secs   av.it.:  12.0
      thresh= 1.377E-05 alpha_mix =  0.300 |ddv_scf|^2 =  2.214E-10

     Pert. #  1: Fermi energy shift (Ry) =    -4.3208E-02     1.2117E-27

      iter #   4 total cpu time :   114.2 secs   av.it.:  12.4
      thresh= 1.488E-06 alpha_mix =  0.300 |ddv_scf|^2 =  1.179E-10

     Pert. #  1: Fermi energy shift (Ry) =    -4.3163E-02     1.2117E-27

      iter #   5 total cpu time :   120.4 secs   av.it.:  11.9
      thresh= 1.086E-06 alpha_mix =  0.300 |ddv_scf|^2 =  1.015E-11

     Pert. #  1: Fermi energy shift (Ry) =    -4.3069E-02     1.2117E-27

      iter #   6 total cpu time :   126.9 secs   av.it.:  12.2
      thresh= 3.186E-07 alpha_mix =  0.300 |ddv_scf|^2 =  5.108E-14

     Pert. #  1: Fermi energy shift (Ry) =    -4.3048E-02     1.2117E-27

      iter #   7 total cpu time :   133.0 secs   av.it.:  11.6
      thresh= 2.260E-08 alpha_mix =  0.300 |ddv_scf|^2 =  1.385E-14

     Pert. #  1: Fermi energy shift (Ry) =    -4.3028E-02     1.2117E-27

      iter #   8 total cpu time :   139.4 secs   av.it.:  12.0
      thresh= 1.177E-08 alpha_mix =  0.300 |ddv_scf|^2 =  9.623E-17

     End of self-consistent calculation

     Convergence has been achieved 


     Representation #   4 modes #   4   5

     Self-consistent Calculation

     Pert. #  1: Fermi energy shift (Ry) =    -8.6736E-19    -1.1958E-43
     Pert. #  2: Fermi energy shift (Ry) =    -2.8912E-19    -8.9683E-44

      iter #   1 total cpu time :   147.9 secs   av.it.:   5.0
      thresh= 1.000E-02 alpha_mix =  0.300 |ddv_scf|^2 =  1.354E-08

     Pert. #  1: Fermi energy shift (Ry) =    -2.8912E-19    -1.1958E-42
     Pert. #  2: Fermi energy shift (Ry) =    -2.8912E-19    -1.0762E-42

      iter #   2 total cpu time :   160.6 secs   av.it.:  11.9
      thresh= 1.164E-05 alpha_mix =  0.300 |ddv_scf|^2 =  3.453E-09

     Pert. #  1: Fermi energy shift (Ry) =    -5.7824E-19     0.0000E+00
     Pert. #  2: Fermi energy shift (Ry) =     5.7824E-19     2.0926E-43

      iter #   3 total cpu time :   173.7 secs   av.it.:  12.4
      thresh= 5.876E-06 alpha_mix =  0.300 |ddv_scf|^2 =  1.225E-10

     Pert. #  1: Fermi energy shift (Ry) =    -5.7824E-19    -3.7368E-44
     Pert. #  2: Fermi energy shift (Ry) =     0.0000E+00    -6.5394E-44

      iter #   4 total cpu time :   186.7 secs   av.it.:  12.2
      thresh= 1.107E-06 alpha_mix =  0.300 |ddv_scf|^2 =  2.793E-12

     Pert. #  1: Fermi energy shift (Ry) =    -2.8912E-19    -3.7368E-44
     Pert. #  2: Fermi energy shift (Ry) =     1.4456E-19    -1.7189E-43

      iter #   5 total cpu time :   199.0 secs   av.it.:  11.5
      thresh= 1.671E-07 alpha_mix =  0.300 |ddv_scf|^2 =  5.420E-13

     Pert. #  1: Fermi energy shift (Ry) =    -5.7824E-19    -1.1024E-43
     Pert. #  2: Fermi energy shift (Ry) =     0.0000E+00    -6.3526E-44

      iter #   6 total cpu time :   211.9 secs   av.it.:  12.2
      thresh= 7.362E-08 alpha_mix =  0.300 |ddv_scf|^2 =  7.508E-15

     End of self-consistent calculation

     Convergence has been achieved 


     Representation #   5 modes #   6   7

     Self-consistent Calculation

     Pert. #  1: Fermi energy shift (Ry) =     2.8912E-18    -2.2421E-44
     Pert. #  2: Fermi energy shift (Ry) =     2.8912E-19    -2.9894E-44

      iter #   1 total cpu time :   221.0 secs   av.it.:   4.9
      thresh= 1.000E-02 alpha_mix =  0.300 |ddv_scf|^2 =  3.258E-08

     Pert. #  1: Fermi energy shift (Ry) =     1.7347E-18    -4.7831E-42
     Pert. #  2: Fermi energy shift (Ry) =     5.7824E-19     0.0000E+00

      iter #   2 total cpu time :   233.3 secs   av.it.:  11.5
      thresh= 1.805E-05 alpha_mix =  0.300 |ddv_scf|^2 =  1.164E-08

     Pert. #  1: Fermi energy shift (Ry) =     2.0238E-18     1.7937E-43
     Pert. #  2: Fermi energy shift (Ry) =    -1.0119E-18    -1.4947E-43

      iter #   3 total cpu time :   246.3 secs   av.it.:  12.2
      thresh= 1.079E-05 alpha_mix =  0.300 |ddv_scf|^2 =  4.073E-11

     Pert. #  1: Fermi energy shift (Ry) =     2.0238E-18    -7.4736E-45
     Pert. #  2: Fermi energy shift (Ry) =     0.0000E+00    -2.2421E-44

      iter #   4 total cpu time :   259.1 secs   av.it.:  12.1
      thresh= 6.382E-07 alpha_mix =  0.300 |ddv_scf|^2 =  4.632E-12

     Pert. #  1: Fermi energy shift (Ry) =     2.0238E-18     1.1210E-44
     Pert. #  2: Fermi energy shift (Ry) =    -8.6736E-19     1.4947E-44

      iter #   5 total cpu time :   271.3 secs   av.it.:  11.5
      thresh= 2.152E-07 alpha_mix =  0.300 |ddv_scf|^2 =  5.813E-13

     Pert. #  1: Fermi energy shift (Ry) =     2.0238E-18     1.6816E-44
     Pert. #  2: Fermi energy shift (Ry) =     0.0000E+00    -1.6816E-44

      iter #   6 total cpu time :   284.2 secs   av.it.:  12.2
      thresh= 7.624E-08 alpha_mix =  0.300 |ddv_scf|^2 =  1.021E-14

     Pert. #  1: Fermi energy shift (Ry) =     1.4456E-18     4.6710E-45
     Pert. #  2: Fermi energy shift (Ry) =     0.0000E+00     4.6710E-46

      iter #   7 total cpu time :   297.0 secs   av.it.:  12.1
      thresh= 1.010E-08 alpha_mix =  0.300 |ddv_scf|^2 =  6.090E-17

     End of self-consistent calculation

     Convergence has been achieved 


     Representation #   6 modes #   8   9

     Self-consistent Calculation

     Pert. #  1: Fermi energy shift (Ry) =     1.1565E-18    -2.9894E-44
     Pert. #  2: Fermi energy shift (Ry) =     2.8912E-18    -5.9789E-44

      iter #   1 total cpu time :   306.1 secs   av.it.:   4.8
      thresh= 1.000E-02 alpha_mix =  0.300 |ddv_scf|^2 =  1.579E-08

     Pert. #  1: Fermi energy shift (Ry) =     0.0000E+00    -1.7937E-43
     Pert. #  2: Fermi energy shift (Ry) =     2.8912E-18    -3.2884E-43

      iter #   2 total cpu time :   318.5 secs   av.it.:  11.7
      thresh= 1.257E-05 alpha_mix =  0.300 |ddv_scf|^2 =  5.466E-09

     Pert. #  1: Fermi energy shift (Ry) =     0.0000E+00    -1.4947E-44
     Pert. #  2: Fermi energy shift (Ry) =     2.8912E-18    -5.6052E-44

      iter #   3 total cpu time :   331.5 secs   av.it.:  12.3
      thresh= 7.393E-06 alpha_mix =  0.300 |ddv_scf|^2 =  9.680E-11

     Pert. #  1: Fermi energy shift (Ry) =     0.0000E+00     7.4736E-45
     Pert. #  2: Fermi energy shift (Ry) =     1.7347E-18     1.1210E-44

      iter #   4 total cpu time :   344.5 secs   av.it.:  12.4
      thresh= 9.838E-07 alpha_mix =  0.300 |ddv_scf|^2 =  6.118E-12

     Pert. #  1: Fermi energy shift (Ry) =     0.0000E+00     3.7368E-45
     Pert. #  2: Fermi energy shift (Ry) =     4.0477E-18     9.3420E-45

      iter #   5 total cpu time :   356.9 secs   av.it.:  11.7
      thresh= 2.474E-07 alpha_mix =  0.300 |ddv_scf|^2 =  5.663E-13

     Pert. #  1: Fermi energy shift (Ry) =     0.0000E+00     0.0000E+00
     Pert. #  2: Fermi energy shift (Ry) =     1.7347E-18     2.0552E-44

      iter #   6 total cpu time :   369.7 secs   av.it.:  12.1
      thresh= 7.525E-08 alpha_mix =  0.300 |ddv_scf|^2 =  1.881E-14

     Pert. #  1: Fermi energy shift (Ry) =     1.1565E-18    -1.8684E-45
     Pert. #  2: Fermi energy shift (Ry) =     4.6259E-18     6.5394E-45

      iter #   7 total cpu time :   382.4 secs   av.it.:  12.0
      thresh= 1.371E-08 alpha_mix =  0.300 |ddv_scf|^2 =  3.109E-17

     End of self-consistent calculation

     Convergence has been achieved 


     Representation #   7 mode #  10

     Self-consistent Calculation

     Pert. #  1: Fermi energy shift (Ry) =    -8.6165E-27    -6.2693E-38

      iter #   1 total cpu time :   387.1 secs   av.it.:   3.1
      thresh= 1.000E-02 alpha_mix =  0.300 |ddv_scf|^2 =  4.290E-09

     Pert. #  1: Fermi energy shift (Ry) =     8.6165E-27     3.0612E-41

      iter #   2 total cpu time :   393.2 secs   av.it.:  11.5
      thresh= 6.550E-06 alpha_mix =  0.300 |ddv_scf|^2 =  1.800E-09

     Pert. #  1: Fermi energy shift (Ry) =    -3.4466E-26    -3.0612E-41

      iter #   3 total cpu time :   399.2 secs   av.it.:  11.2
      thresh= 4.243E-06 alpha_mix =  0.300 |ddv_scf|^2 =  8.448E-11

     Pert. #  1: Fermi energy shift (Ry) =    -2.1541E-27    -7.6530E-42

      iter #   4 total cpu time :   405.2 secs   av.it.:  11.1
      thresh= 9.191E-07 alpha_mix =  0.300 |ddv_scf|^2 =  4.482E-12

     Pert. #  1: Fermi energy shift (Ry) =    -4.3082E-27    -1.9132E-42

      iter #   5 total cpu time :   410.8 secs   av.it.:  10.2
      thresh= 2.117E-07 alpha_mix =  0.300 |ddv_scf|^2 =  5.072E-13

     Pert. #  1: Fermi energy shift (Ry) =    -2.1541E-27    -2.3915E-43

      iter #   6 total cpu time :   417.1 secs   av.it.:  11.8
      thresh= 7.121E-08 alpha_mix =  0.300 |ddv_scf|^2 =  1.216E-14

     Pert. #  1: Fermi energy shift (Ry) =    -4.3082E-27     9.5662E-43

      iter #   7 total cpu time :   423.2 secs   av.it.:  11.6
      thresh= 1.103E-08 alpha_mix =  0.300 |ddv_scf|^2 =  4.275E-16

     End of self-consistent calculation

     Convergence has been achieved 


     Representation #   8 mode #  11

     Self-consistent Calculation

     Pert. #  1: Fermi energy shift (Ry) =    -1.3786E-25    -1.0031E-36

      iter #   1 total cpu time :   428.3 secs   av.it.:   5.7
      thresh= 1.000E-02 alpha_mix =  0.300 |ddv_scf|^2 =  1.056E-07

     Pert. #  1: Fermi energy shift (Ry) =    -3.4466E-26    -1.9592E-39

      iter #   2 total cpu time :   434.2 secs   av.it.:  11.0
      thresh= 3.249E-05 alpha_mix =  0.300 |ddv_scf|^2 =  3.845E-08

     Pert. #  1: Fermi energy shift (Ry) =    -3.4466E-26    -9.7958E-40

      iter #   3 total cpu time :   440.4 secs   av.it.:  11.5
      thresh= 1.961E-05 alpha_mix =  0.300 |ddv_scf|^2 =  1.322E-10

     Pert. #  1: Fermi energy shift (Ry) =    -1.7233E-26    -1.2245E-40

      iter #   4 total cpu time :   446.5 secs   av.it.:  11.7
      thresh= 1.150E-06 alpha_mix =  0.300 |ddv_scf|^2 =  8.642E-12

     Pert. #  1: Fermi energy shift (Ry) =    -1.7233E-26    -3.0612E-41

      iter #   5 total cpu time :   452.5 secs   av.it.:  11.1
      thresh= 2.940E-07 alpha_mix =  0.300 |ddv_scf|^2 =  1.502E-12

     Pert. #  1: Fermi energy shift (Ry) =    -3.4466E-26     1.5306E-41

      iter #   6 total cpu time :   458.6 secs   av.it.:  11.5
      thresh= 1.225E-07 alpha_mix =  0.300 |ddv_scf|^2 =  2.531E-14

     Pert. #  1: Fermi energy shift (Ry) =    -3.4466E-26     1.9132E-42

      iter #   7 total cpu time :   464.9 secs   av.it.:  12.0
      thresh= 1.591E-08 alpha_mix =  0.300 |ddv_scf|^2 =  3.905E-16

     End of self-consistent calculation

     Convergence has been achieved 


     Representation #   9 mode #  12

     Self-consistent Calculation

     Pert. #  1: Fermi energy shift (Ry) =     2.1541E-27     5.0154E-37

      iter #   1 total cpu time :   469.1 secs   av.it.:   3.5
      thresh= 1.000E-02 alpha_mix =  0.300 |ddv_scf|^2 =  1.479E-08

     Pert. #  1: Fermi energy shift (Ry) =     8.6165E-27    -2.4489E-40

      iter #   2 total cpu time :   475.1 secs   av.it.:  11.2
      thresh= 1.216E-05 alpha_mix =  0.300 |ddv_scf|^2 =  5.710E-09

     Pert. #  1: Fermi energy shift (Ry) =     1.7233E-26    -9.7958E-40

      iter #   3 total cpu time :   481.2 secs   av.it.:  11.4
      thresh= 7.556E-06 alpha_mix =  0.300 |ddv_scf|^2 =  9.649E-11

     Pert. #  1: Fermi energy shift (Ry) =     8.6165E-27    -1.2245E-40

      iter #   4 total cpu time :   487.3 secs   av.it.:  11.3
      thresh= 9.823E-07 alpha_mix =  0.300 |ddv_scf|^2 =  1.137E-11

     Pert. #  1: Fermi energy shift (Ry) =     8.6165E-27    -3.0612E-41

      iter #   5 total cpu time :   493.4 secs   av.it.:  11.4
      thresh= 3.372E-07 alpha_mix =  0.300 |ddv_scf|^2 =  1.764E-12

     Pert. #  1: Fermi energy shift (Ry) =     1.7233E-26    -3.8265E-42

      iter #   6 total cpu time :   499.6 secs   av.it.:  11.7
      thresh= 1.328E-07 alpha_mix =  0.300 |ddv_scf|^2 =  1.597E-14

     Pert. #  1: Fermi energy shift (Ry) =     1.7233E-26    -3.8265E-42

      iter #   7 total cpu time :   505.8 secs   av.it.:  11.7
      thresh= 1.264E-08 alpha_mix =  0.300 |ddv_scf|^2 =  1.065E-15

     End of self-consistent calculation

     Convergence has been achieved 


     Representation #  10 mode #  13

     Self-consistent Calculation

     Pert. #  1: Fermi energy shift (Ry) =     0.0000E+00     0.0000E+00

      iter #   1 total cpu time :   512.2 secs   av.it.:   8.7
      thresh= 1.000E-02 alpha_mix =  0.300 |ddv_scf|^2 =  2.449E-05

     Pert. #  1: Fermi energy shift (Ry) =     0.0000E+00     0.0000E+00

      iter #   2 total cpu time :   518.1 secs   av.it.:  10.9
      thresh= 4.948E-04 alpha_mix =  0.300 |ddv_scf|^2 =  8.428E-06

     Pert. #  1: Fermi energy shift (Ry) =     0.0000E+00     0.0000E+00

      iter #   3 total cpu time :   524.4 secs   av.it.:  11.8
      thresh= 2.903E-04 alpha_mix =  0.300 |ddv_scf|^2 =  1.171E-07

     Pert. #  1: Fermi energy shift (Ry) =     0.0000E+00     0.0000E+00

      iter #   4 total cpu time :   530.8 secs   av.it.:  12.1
      thresh= 3.421E-05 alpha_mix =  0.300 |ddv_scf|^2 =  5.219E-09

     Pert. #  1: Fermi energy shift (Ry) =     0.0000E+00     0.0000E+00

      iter #   5 total cpu time :   537.0 secs   av.it.:  11.5
      thresh= 7.224E-06 alpha_mix =  0.300 |ddv_scf|^2 =  8.042E-10

     Pert. #  1: Fermi energy shift (Ry) =     0.0000E+00     0.0000E+00

      iter #   6 total cpu time :   543.2 secs   av.it.:  11.8
      thresh= 2.836E-06 alpha_mix =  0.300 |ddv_scf|^2 =  2.532E-11

     Pert. #  1: Fermi energy shift (Ry) =     0.0000E+00     0.0000E+00

      iter #   7 total cpu time :   549.4 secs   av.it.:  11.5
      thresh= 5.032E-07 alpha_mix =  0.300 |ddv_scf|^2 =  2.098E-14

     Pert. #  1: Fermi energy shift (Ry) =     0.0000E+00     0.0000E+00

      iter #   8 total cpu time :   555.5 secs   av.it.:  11.4
      thresh= 1.449E-08 alpha_mix =  0.300 |ddv_scf|^2 =  3.411E-15

     End of self-consistent calculation

     Convergence has been achieved 


     Representation #  11 modes #  14  15

     Self-consistent Calculation

     Pert. #  1: Fermi energy shift (Ry) =     1.1848E-26     1.0031E-36
     Pert. #  2: Fermi energy shift (Ry) =    -1.0771E-26    -8.7770E-37

      iter #   1 total cpu time :   564.7 secs   av.it.:   5.9
      thresh= 1.000E-02 alpha_mix =  0.300 |ddv_scf|^2 =  3.244E-08

     Pert. #  1: Fermi energy shift (Ry) =     8.6165E-27     1.4694E-39
     Pert. #  2: Fermi energy shift (Ry) =    -4.3082E-27    -1.7755E-39

      iter #   2 total cpu time :   577.4 secs   av.it.:  12.0
      thresh= 1.801E-05 alpha_mix =  0.300 |ddv_scf|^2 =  1.110E-08

     Pert. #  1: Fermi energy shift (Ry) =     3.4466E-26    -7.3468E-40
     Pert. #  2: Fermi energy shift (Ry) =     1.7233E-26     3.6734E-40

      iter #   3 total cpu time :   590.4 secs   av.it.:  12.3
      thresh= 1.054E-05 alpha_mix =  0.300 |ddv_scf|^2 =  7.572E-11

     Pert. #  1: Fermi energy shift (Ry) =     3.2312E-27    -2.4489E-40
     Pert. #  2: Fermi energy shift (Ry) =     1.0771E-27     1.2245E-40

      iter #   4 total cpu time :   603.4 secs   av.it.:  12.3
      thresh= 8.702E-07 alpha_mix =  0.300 |ddv_scf|^2 =  3.927E-12

     Pert. #  1: Fermi energy shift (Ry) =     1.6156E-27    -6.1224E-41
     Pert. #  2: Fermi energy shift (Ry) =     0.0000E+00     1.5306E-41

      iter #   5 total cpu time :   615.7 secs   av.it.:  11.6
      thresh= 1.982E-07 alpha_mix =  0.300 |ddv_scf|^2 =  1.048E-12

     Pert. #  1: Fermi energy shift (Ry) =     0.0000E+00    -1.5306E-41
     Pert. #  2: Fermi energy shift (Ry) =     1.0771E-27     0.0000E+00

      iter #   6 total cpu time :   628.5 secs   av.it.:  12.1
      thresh= 1.024E-07 alpha_mix =  0.300 |ddv_scf|^2 =  4.108E-15

     End of self-consistent calculation

     Convergence has been achieved 


     Representation #  12 modes #  16  17

     Self-consistent Calculation

     Pert. #  1: Fermi energy shift (Ry) =    -2.1541E-27     0.0000E+00
     Pert. #  2: Fermi energy shift (Ry) =     1.5079E-26     3.8870E-36

      iter #   1 total cpu time :   636.8 secs   av.it.:   3.9
      thresh= 1.000E-02 alpha_mix =  0.300 |ddv_scf|^2 =  9.961E-09

     Pert. #  1: Fermi energy shift (Ry) =     0.0000E+00     0.0000E+00
     Pert. #  2: Fermi energy shift (Ry) =     3.4466E-26    -1.4081E-39

      iter #   2 total cpu time :   649.2 secs   av.it.:  11.6
      thresh= 9.981E-06 alpha_mix =  0.300 |ddv_scf|^2 =  3.450E-09

     Pert. #  1: Fermi energy shift (Ry) =     2.1541E-27     6.1224E-41
     Pert. #  2: Fermi energy shift (Ry) =    -1.5079E-26    -5.9693E-40

      iter #   3 total cpu time :   661.9 secs   av.it.:  12.0
      thresh= 5.874E-06 alpha_mix =  0.300 |ddv_scf|^2 =  4.082E-11

     Pert. #  1: Fermi energy shift (Ry) =     2.1541E-27    -3.8265E-42
     Pert. #  2: Fermi energy shift (Ry) =    -6.4623E-27     3.0612E-41

      iter #   4 total cpu time :   674.9 secs   av.it.:  12.3
      thresh= 6.389E-07 alpha_mix =  0.300 |ddv_scf|^2 =  2.346E-12

     Pert. #  1: Fermi energy shift (Ry) =    -6.4623E-27    -4.7831E-43
     Pert. #  2: Fermi energy shift (Ry) =    -6.4623E-27     3.8265E-42

      iter #   5 total cpu time :   687.3 secs   av.it.:  11.7
      thresh= 1.532E-07 alpha_mix =  0.300 |ddv_scf|^2 =  6.336E-13

     Pert. #  1: Fermi energy shift (Ry) =    -4.3082E-27     9.5662E-43
     Pert. #  2: Fermi energy shift (Ry) =    -6.4623E-27    -7.6530E-42

      iter #   6 total cpu time :   700.2 secs   av.it.:  12.1
      thresh= 7.960E-08 alpha_mix =  0.300 |ddv_scf|^2 =  4.521E-15

     End of self-consistent calculation

     Convergence has been achieved 


     Representation #  13 modes #  18  19

     Self-consistent Calculation

     Pert. #  1: Fermi energy shift (Ry) =     0.0000E+00     0.0000E+00
     Pert. #  2: Fermi energy shift (Ry) =     0.0000E+00     0.0000E+00

      iter #   1 total cpu time :   712.7 secs   av.it.:   9.0
      thresh= 1.000E-02 alpha_mix =  0.300 |ddv_scf|^2 =  6.284E-06

     Pert. #  1: Fermi energy shift (Ry) =     0.0000E+00     8.8162E-39
     Pert. #  2: Fermi energy shift (Ry) =     1.3786E-25     9.7958E-40

      iter #   2 total cpu time :   725.3 secs   av.it.:  11.8
      thresh= 2.507E-04 alpha_mix =  0.300 |ddv_scf|^2 =  2.133E-06

     Pert. #  1: Fermi energy shift (Ry) =    -1.7233E-25     0.0000E+00
     Pert. #  2: Fermi energy shift (Ry) =    -3.4466E-26     0.0000E+00

      iter #   3 total cpu time :   738.4 secs   av.it.:  12.5
      thresh= 1.461E-04 alpha_mix =  0.300 |ddv_scf|^2 =  2.774E-08

     Pert. #  1: Fermi energy shift (Ry) =     5.1699E-26     0.0000E+00
     Pert. #  2: Fermi energy shift (Ry) =     8.6165E-27     0.0000E+00

      iter #   4 total cpu time :   751.8 secs   av.it.:  12.9
      thresh= 1.665E-05 alpha_mix =  0.300 |ddv_scf|^2 =  6.142E-10

     Pert. #  1: Fermi energy shift (Ry) =     0.0000E+00     0.0000E+00
     Pert. #  2: Fermi energy shift (Ry) =     0.0000E+00     0.0000E+00

      iter #   5 total cpu time :   764.6 secs   av.it.:  12.1
      thresh= 2.478E-06 alpha_mix =  0.300 |ddv_scf|^2 =  1.510E-10

     Pert. #  1: Fermi energy shift (Ry) =    -1.7233E-26    -3.0612E-41
     Pert. #  2: Fermi energy shift (Ry) =     0.0000E+00    -3.0612E-41

      iter #   6 total cpu time :   777.6 secs   av.it.:  12.4
      thresh= 1.229E-06 alpha_mix =  0.300 |ddv_scf|^2 =  4.596E-12

     Pert. #  1: Fermi energy shift (Ry) =     0.0000E+00     7.6530E-42
     Pert. #  2: Fermi energy shift (Ry) =     0.0000E+00     7.6530E-42

      iter #   7 total cpu time :   790.6 secs   av.it.:  12.3
      thresh= 2.144E-07 alpha_mix =  0.300 |ddv_scf|^2 =  8.746E-15

     End of self-consistent calculation

     Convergence has been achieved 


     Representation #  14 modes #  20  21

     Self-consistent Calculation

     Pert. #  1: Fermi energy shift (Ry) =     5.1699E-26     2.5077E-37
     Pert. #  2: Fermi energy shift (Ry) =     3.4466E-26     1.2539E-37

      iter #   1 total cpu time :   799.4 secs   av.it.:   4.6
      thresh= 1.000E-02 alpha_mix =  0.300 |ddv_scf|^2 =  2.002E-08

     Pert. #  1: Fermi energy shift (Ry) =    -3.4466E-26     6.1224E-41
     Pert. #  2: Fermi energy shift (Ry) =    -2.1541E-26     3.0612E-41

      iter #   2 total cpu time :   811.9 secs   av.it.:  11.6
      thresh= 1.415E-05 alpha_mix =  0.300 |ddv_scf|^2 =  6.629E-09

     Pert. #  1: Fermi energy shift (Ry) =     2.5849E-26    -1.2245E-40
     Pert. #  2: Fermi energy shift (Ry) =     1.7233E-26    -6.1224E-41

      iter #   3 total cpu time :   824.6 secs   av.it.:  12.1
      thresh= 8.142E-06 alpha_mix =  0.300 |ddv_scf|^2 =  6.421E-11

     Pert. #  1: Fermi energy shift (Ry) =    -8.6165E-27    -3.0612E-41
     Pert. #  2: Fermi energy shift (Ry) =    -8.6165E-27    -1.5306E-41

      iter #   4 total cpu time :   837.7 secs   av.it.:  12.4
      thresh= 8.013E-07 alpha_mix =  0.300 |ddv_scf|^2 =  3.332E-12

     Pert. #  1: Fermi energy shift (Ry) =    -1.2925E-26    -7.6530E-42
     Pert. #  2: Fermi energy shift (Ry) =    -1.0771E-26    -3.8265E-42

      iter #   5 total cpu time :   850.3 secs   av.it.:  11.8
      thresh= 1.825E-07 alpha_mix =  0.300 |ddv_scf|^2 =  1.091E-12

     Pert. #  1: Fermi energy shift (Ry) =    -8.6165E-27    -1.9132E-42
     Pert. #  2: Fermi energy shift (Ry) =    -6.4623E-27    -1.9132E-42

      iter #   6 total cpu time :   863.1 secs   av.it.:  12.2
      thresh= 1.045E-07 alpha_mix =  0.300 |ddv_scf|^2 =  8.705E-15

     End of self-consistent calculation

     Convergence has been achieved 

     Number of q in the star =    1
     List of q in the star:
          1   0.000000000   0.000000000   0.000000000

     Diagonalizing the dynamical matrix

     q = (    0.000000000   0.000000000   0.000000000 ) 

 **************************************************************************
     freq (    1) =     -46.600527 [THz] =   -1554.426259 [cm-1]
     freq (    2) =     -46.600527 [THz] =   -1554.426259 [cm-1]
     freq (    3) =     -45.528859 [THz] =   -1518.679266 [cm-1]
     freq (    4) =     -44.282643 [THz] =   -1477.109988 [cm-1]
     freq (    5) =     -44.282643 [THz] =   -1477.109988 [cm-1]
     freq (    6) =     -36.817129 [THz] =   -1228.087225 [cm-1]
     freq (    7) =      -4.954896 [THz] =    -165.277554 [cm-1]
     freq (    8) =      -0.917680 [THz] =     -30.610510 [cm-1]
     freq (    9) =       1.453952 [THz] =      48.498626 [cm-1]
     freq (   10) =       1.453952 [THz] =      48.498626 [cm-1]
     freq (   11) =      16.468042 [THz] =     549.314756 [cm-1]
     freq (   12) =      16.468042 [THz] =     549.314756 [cm-1]
     freq (   13) =      17.520284 [THz] =     584.413757 [cm-1]
     freq (   14) =      17.520284 [THz] =     584.413757 [cm-1]
     freq (   15) =      18.125110 [THz] =     604.588603 [cm-1]
     freq (   16) =      93.418668 [THz] =    3116.111342 [cm-1]
     freq (   17) =      93.418668 [THz] =    3116.111342 [cm-1]
     freq (   18) =      98.708301 [THz] =    3292.554499 [cm-1]
     freq (   19) =      98.708301 [THz] =    3292.554499 [cm-1]
     freq (   20) =     100.089512 [THz] =    3338.626760 [cm-1]
     freq (   21) =     102.708870 [THz] =    3425.999127 [cm-1]
 **************************************************************************

     Mode symmetry, S_6 (-3)    point group:

     freq (   1-   1) =      -1554.4  [cm-1]   --> E_g             R  
     freq (   2-   2) =      -1554.4  [cm-1]   --> E_g*            R  
     freq (   3-   3) =      -1518.7  [cm-1]   --> A_u             I  
     freq (   4-   4) =      -1477.1  [cm-1]   --> E_u             I  
     freq (   5-   5) =      -1477.1  [cm-1]   --> E_u*            I  
     freq (   6-   6) =      -1228.1  [cm-1]   --> A_g             R  
     freq (   7-   7) =       -165.3  [cm-1]   --> A_g             R  
     freq (   8-   8) =        -30.6  [cm-1]   --> A_u             I  
     freq (   9-   9) =         48.5  [cm-1]   --> E_u             I  
     freq (  10-  10) =         48.5  [cm-1]   --> E_u*            I  
     freq (  11-  11) =        549.3  [cm-1]   --> E_u             I  
     freq (  12-  12) =        549.3  [cm-1]   --> E_u*            I  
     freq (  13-  13) =        584.4  [cm-1]   --> E_g             R  
     freq (  14-  14) =        584.4  [cm-1]   --> E_g*            R  
     freq (  15-  15) =        604.6  [cm-1]   --> A_u             I  
     freq (  16-  16) =       3116.1  [cm-1]   --> E_g             R  
     freq (  17-  17) =       3116.1  [cm-1]   --> E_g*            R  
     freq (  18-  18) =       3292.6  [cm-1]   --> E_u             I  
     freq (  19-  19) =       3292.6  [cm-1]   --> E_u*            I  
     freq (  20-  20) =       3338.6  [cm-1]   --> A_g             R  
     freq (  21-  21) =       3426.0  [cm-1]   --> A_u             I  

     Gaussian Broadening:   0.005 Ry, ngauss=   0
     DOS =  1.812158 states/spin/Ry/Unit Cell at Ef= 15.644189 eV
     double delta at Ef =305.143835
     lambda(    1)= -1.0639   gamma= 3998.13 GHz
     lambda(    2)= -1.0639   gamma= 3998.13 GHz
     lambda(    3)= -0.0003   gamma=    1.20 GHz
     lambda(    4)= -0.0047   gamma=   16.10 GHz
     lambda(    5)= -0.0047   gamma=   16.10 GHz
     lambda(    6)= -1.1984   gamma= 2810.96 GHz
     lambda(    7)=********   gamma=16921.37 GHz
     lambda(    8)= -0.0037   gamma=    0.01 GHz
     lambda(    9)=  0.0006   gamma=    0.00 GHz
     lambda(   10)=  0.0006   gamma=    0.00 GHz
     lambda(   11)=  0.0047   gamma=    2.21 GHz
     lambda(   12)=  0.0047   gamma=    2.21 GHz
     lambda(   13)= 41.7277   gamma=22165.51 GHz
     lambda(   14)= 41.7277   gamma=22165.51 GHz
     lambda(   15)=  0.0013   gamma=    0.73 GHz
     lambda(   16)=  0.3249   gamma= 4907.03 GHz
     lambda(   17)=  0.3249   gamma= 4907.03 GHz
     lambda(   18)=  0.0004   gamma=    6.58 GHz
     lambda(   19)=  0.0004   gamma=    6.58 GHz
     lambda(   20)=  0.1355   gamma= 2348.35 GHz
     lambda(   21)=  0.0000   gamma=    0.47 GHz

     Gaussian Broadening:   0.010 Ry, ngauss=   0
     DOS =  2.326508 states/spin/Ry/Unit Cell at Ef= 15.645903 eV
     double delta at Ef =207.089301
     lambda(    1)= -0.8312   gamma= 4010.07 GHz
     lambda(    2)= -0.8312   gamma= 4010.07 GHz
     lambda(    3)= -0.0039   gamma=   17.86 GHz
     lambda(    4)= -0.0844   gamma=  367.85 GHz
     lambda(    5)= -0.0844   gamma=  367.85 GHz
     lambda(    6)= -0.9868   gamma= 2971.63 GHz
     lambda(    7)=********   gamma=10293.69 GHz
     lambda(    8)= -0.1242   gamma=    0.23 GHz
     lambda(    9)=  0.0074   gamma=    0.03 GHz
     lambda(   10)=  0.0074   gamma=    0.03 GHz
     lambda(   11)=  0.0895   gamma=   53.94 GHz
     lambda(   12)=  0.0895   gamma=   53.94 GHz
     lambda(   13)= 17.8566   gamma=12177.54 GHz
     lambda(   14)= 17.8566   gamma=12177.54 GHz
     lambda(   15)=  0.0142   gamma=   10.36 GHz
     lambda(   16)=  0.2033   gamma= 3942.27 GHz
     lambda(   17)=  0.2033   gamma= 3942.27 GHz
     lambda(   18)=  0.0073   gamma=  158.07 GHz
     lambda(   19)=  0.0073   gamma=  158.07 GHz
     lambda(   20)=  0.0797   gamma= 1773.25 GHz
     lambda(   21)=  0.0005   gamma=   12.64 GHz

     Gaussian Broadening:   0.015 Ry, ngauss=   0
     DOS =  2.666533 states/spin/Ry/Unit Cell at Ef= 15.649962 eV
     double delta at Ef =160.338356
     lambda(    1)= -0.6988   gamma= 3863.94 GHz
     lambda(    2)= -0.6988   gamma= 3863.94 GHz
     lambda(    3)= -0.0045   gamma=   24.02 GHz
     lambda(    4)= -0.1019   gamma=  508.78 GHz
     lambda(    5)= -0.1019   gamma=  508.78 GHz
     lambda(    6)= -0.6965   gamma= 2403.93 GHz
     lambda(    7)=********   gamma= 7279.66 GHz
     lambda(    8)= -0.2362   gamma=    0.51 GHz
     lambda(    9)=  0.0081   gamma=    0.04 GHz
     lambda(   10)=  0.0081   gamma=    0.04 GHz
     lambda(   11)=  0.1140   gamma=   78.74 GHz
     lambda(   12)=  0.1140   gamma=   78.74 GHz
     lambda(   13)= 11.4560   gamma= 8954.45 GHz
     lambda(   14)= 11.4560   gamma= 8954.45 GHz
     lambda(   15)=  0.0127   gamma=   10.65 GHz
     lambda(   16)=  0.1455   gamma= 3232.60 GHz
     lambda(   17)=  0.1455   gamma= 3232.60 GHz
     lambda(   18)=  0.0092   gamma=  228.87 GHz
     lambda(   19)=  0.0092   gamma=  228.87 GHz
     lambda(   20)=  0.0591   gamma= 1507.48 GHz
     lambda(   21)=  0.0008   gamma=   22.46 GHz

     Gaussian Broadening:   0.020 Ry, ngauss=   0
     DOS =  3.040877 states/spin/Ry/Unit Cell at Ef= 15.652294 eV
     double delta at Ef =135.963924
     lambda(    1)= -0.5813   gamma= 3665.56 GHz
     lambda(    2)= -0.5813   gamma= 3665.56 GHz
     lambda(    3)= -0.0051   gamma=   30.84 GHz
     lambda(    4)= -0.0902   gamma=  513.41 GHz
     lambda(    5)= -0.0902   gamma=  513.41 GHz
     lambda(    6)= -0.5135   gamma= 2021.17 GHz
     lambda(    7)=-82.2722   gamma= 5865.37 GHz
     lambda(    8)= -0.3011   gamma=    0.74 GHz
     lambda(    9)=  0.0084   gamma=    0.05 GHz
     lambda(   10)=  0.0084   gamma=    0.05 GHz
     lambda(   11)=  0.1068   gamma=   84.08 GHz
     lambda(   12)=  0.1068   gamma=   84.08 GHz
     lambda(   13)=  8.3648   gamma= 7456.11 GHz
     lambda(   14)=  8.3648   gamma= 7456.11 GHz
     lambda(   15)=  0.0093   gamma=    8.84 GHz
     lambda(   16)=  0.1146   gamma= 2904.23 GHz
     lambda(   17)=  0.1146   gamma= 2904.23 GHz
     lambda(   18)=  0.0085   gamma=  241.25 GHz
     lambda(   19)=  0.0085   gamma=  241.25 GHz
     lambda(   20)=  0.0471   gamma= 1371.37 GHz
     lambda(   21)=  0.0010   gamma=   30.68 GHz

     Gaussian Broadening:   0.025 Ry, ngauss=   0
     DOS =  3.251821 states/spin/Ry/Unit Cell at Ef= 15.652788 eV
     double delta at Ef =118.172071
     lambda(    1)= -0.5001   gamma= 3372.67 GHz
     lambda(    2)= -0.5001   gamma= 3372.67 GHz
     lambda(    3)= -0.0064   gamma=   40.96 GHz
     lambda(    4)= -0.0816   gamma=  496.89 GHz
     lambda(    5)= -0.0816   gamma=  496.89 GHz
     lambda(    6)= -0.4144   gamma= 1744.14 GHz
     lambda(    7)=-65.5561   gamma= 4997.86 GHz
     lambda(    8)= -0.3248   gamma=    0.85 GHz
     lambda(    9)=  0.0102   gamma=    0.07 GHz
     lambda(   10)=  0.0102   gamma=    0.07 GHz
     lambda(   11)=  0.1003   gamma=   84.49 GHz
     lambda(   12)=  0.1003   gamma=   84.49 GHz
     lambda(   13)=  6.7511   gamma= 6435.13 GHz
     lambda(   14)=  6.7511   gamma= 6435.13 GHz
     lambda(   15)=  0.0079   gamma=    8.02 GHz
     lambda(   16)=  0.0972   gamma= 2633.38 GHz
     lambda(   17)=  0.0972   gamma= 2633.38 GHz
     lambda(   18)=  0.0079   gamma=  237.57 GHz
     lambda(   19)=  0.0079   gamma=  237.57 GHz
     lambda(   20)=  0.0402   gamma= 1251.16 GHz
     lambda(   21)=  0.0012   gamma=   39.23 GHz

     Gaussian Broadening:   0.030 Ry, ngauss=   0
     DOS =  3.343416 states/spin/Ry/Unit Cell at Ef= 15.652460 eV
     double delta at Ef =103.613528
     lambda(    1)= -0.4396   gamma= 3047.69 GHz
     lambda(    2)= -0.4396   gamma= 3047.69 GHz
     lambda(    3)= -0.0083   gamma=   55.10 GHz
     lambda(    4)= -0.0785   gamma=  491.46 GHz
     lambda(    5)= -0.0785   gamma=  491.46 GHz
     lambda(    6)= -0.3524   gamma= 1524.93 GHz
     lambda(    7)=-55.5209   gamma= 4352.02 GHz
     lambda(    8)= -0.3360   gamma=    0.90 GHz
     lambda(    9)=  0.0135   gamma=    0.09 GHz
     lambda(   10)=  0.0135   gamma=    0.09 GHz
     lambda(   11)=  0.0975   gamma=   84.46 GHz
     lambda(   12)=  0.0975   gamma=   84.46 GHz
     lambda(   13)=  5.7376   gamma= 5623.10 GHz
     lambda(   14)=  5.7376   gamma= 5623.10 GHz
     lambda(   15)=  0.0082   gamma=    8.62 GHz
     lambda(   16)=  0.0849   gamma= 2366.82 GHz
     lambda(   17)=  0.0849   gamma= 2366.82 GHz
     lambda(   18)=  0.0074   gamma=  230.68 GHz
     lambda(   19)=  0.0074   gamma=  230.68 GHz
     lambda(   20)=  0.0358   gamma= 1145.30 GHz
     lambda(   21)=  0.0015   gamma=   50.28 GHz

     Gaussian Broadening:   0.035 Ry, ngauss=   0
     DOS =  3.372585 states/spin/Ry/Unit Cell at Ef= 15.651746 eV
     double delta at Ef = 91.757880
     lambda(    1)= -0.3931   gamma= 2749.49 GHz
     lambda(    2)= -0.3931   gamma= 2749.49 GHz
     lambda(    3)= -0.0108   gamma=   71.92 GHz
     lambda(    4)= -0.0798   gamma=  504.00 GHz
     lambda(    5)= -0.0798   gamma=  504.00 GHz
     lambda(    6)= -0.3087   gamma= 1347.66 GHz
     lambda(    7)=-48.5649   gamma= 3839.99 GHz
     lambda(    8)= -0.3547   gamma=    0.96 GHz
     lambda(    9)=  0.0180   gamma=    0.12 GHz
     lambda(   10)=  0.0180   gamma=    0.12 GHz
     lambda(   11)=  0.0977   gamma=   85.32 GHz
     lambda(   12)=  0.0977   gamma=   85.32 GHz
     lambda(   13)=  5.0143   gamma= 4957.15 GHz
     lambda(   14)=  5.0143   gamma= 4957.15 GHz
     lambda(   15)=  0.0097   gamma=   10.22 GHz
     lambda(   16)=  0.0755   gamma= 2121.48 GHz
     lambda(   17)=  0.0755   gamma= 2121.48 GHz
     lambda(   18)=  0.0072   gamma=  225.71 GHz
     lambda(   19)=  0.0072   gamma=  225.71 GHz
     lambda(   20)=  0.0328   gamma= 1056.67 GHz
     lambda(   21)=  0.0019   gamma=   63.72 GHz

     Gaussian Broadening:   0.040 Ry, ngauss=   0
     DOS =  3.369149 states/spin/Ry/Unit Cell at Ef= 15.650823 eV
     double delta at Ef = 82.204256
     lambda(    1)= -0.3574   gamma= 2497.36 GHz
     lambda(    2)= -0.3574   gamma= 2497.36 GHz
     lambda(    3)= -0.0134   gamma=   89.62 GHz
     lambda(    4)= -0.0839   gamma=  529.49 GHz
     lambda(    5)= -0.0839   gamma=  529.49 GHz
     lambda(    6)= -0.2761   gamma= 1203.98 GHz
     lambda(    7)=-43.3691   gamma= 3425.67 GHz
     lambda(    8)= -0.3872   gamma=    1.05 GHz
     lambda(    9)=  0.0239   gamma=    0.16 GHz
     lambda(   10)=  0.0239   gamma=    0.16 GHz
     lambda(   11)=  0.0997   gamma=   86.95 GHz
     lambda(   12)=  0.0997   gamma=   86.95 GHz
     lambda(   13)=  4.4647   gamma= 4409.28 GHz
     lambda(   14)=  4.4647   gamma= 4409.28 GHz
     lambda(   15)=  0.0116   gamma=   12.23 GHz
     lambda(   16)=  0.0680   gamma= 1908.31 GHz
     lambda(   17)=  0.0680   gamma= 1908.31 GHz
     lambda(   18)=  0.0071   gamma=  223.43 GHz
     lambda(   19)=  0.0071   gamma=  223.43 GHz
     lambda(   20)=  0.0305   gamma=  982.89 GHz
     lambda(   21)=  0.0023   gamma=   78.33 GHz

     Gaussian Broadening:   0.045 Ry, ngauss=   0
     DOS =  3.349176 states/spin/Ry/Unit Cell at Ef= 15.649828 eV
     double delta at Ef = 74.503772
     lambda(    1)= -0.3296   gamma= 2289.47 GHz
     lambda(    2)= -0.3296   gamma= 2289.47 GHz
     lambda(    3)= -0.0162   gamma=  107.18 GHz
     lambda(    4)= -0.0895   gamma=  561.27 GHz
     lambda(    5)= -0.0895   gamma=  561.27 GHz
     lambda(    6)= -0.2508   gamma= 1087.43 GHz
     lambda(    7)=-39.3110   gamma= 3086.71 GHz
     lambda(    8)= -0.4326   gamma=    1.17 GHz
     lambda(    9)=  0.0309   gamma=    0.21 GHz
     lambda(   10)=  0.0309   gamma=    0.21 GHz
     lambda(   11)=  0.1026   gamma=   88.98 GHz
     lambda(   12)=  0.1026   gamma=   88.98 GHz
     lambda(   13)=  4.0314   gamma= 3957.80 GHz
     lambda(   14)=  4.0314   gamma= 3957.80 GHz
     lambda(   15)=  0.0136   gamma=   14.27 GHz
     lambda(   16)=  0.0619   gamma= 1727.92 GHz
     lambda(   17)=  0.0619   gamma= 1727.92 GHz
     lambda(   18)=  0.0072   gamma=  223.14 GHz
     lambda(   19)=  0.0072   gamma=  223.14 GHz
     lambda(   20)=  0.0287   gamma=  921.03 GHz
     lambda(   21)=  0.0028   gamma=   93.22 GHz

     Gaussian Broadening:   0.050 Ry, ngauss=   0
     DOS =  3.323029 states/spin/Ry/Unit Cell at Ef= 15.648848 eV
     double delta at Ef = 68.259393
     lambda(    1)= -0.3074   gamma= 2118.54 GHz
     lambda(    2)= -0.3074   gamma= 2118.54 GHz
     lambda(    3)= -0.0189   gamma=  124.06 GHz
     lambda(    4)= -0.0956   gamma=  595.05 GHz
     lambda(    5)= -0.0956   gamma=  595.05 GHz
     lambda(    6)= -0.2308   gamma=  992.62 GHz
     lambda(    7)=-36.0322   gamma= 2807.17 GHz
     lambda(    8)= -0.4880   gamma=    1.30 GHz
     lambda(    9)=  0.0392   gamma=    0.26 GHz
     lambda(   10)=  0.0392   gamma=    0.26 GHz
     lambda(   11)=  0.1060   gamma=   91.24 GHz
     lambda(   12)=  0.1060   gamma=   91.24 GHz
     lambda(   13)=  3.6798   gamma= 3584.38 GHz
     lambda(   14)=  3.6798   gamma= 3584.38 GHz
     lambda(   15)=  0.0155   gamma=   16.20 GHz
     lambda(   16)=  0.0569   gamma= 1576.64 GHz
     lambda(   17)=  0.0569   gamma= 1576.64 GHz
     lambda(   18)=  0.0073   gamma=  224.17 GHz
     lambda(   19)=  0.0073   gamma=  224.17 GHz
     lambda(   20)=  0.0273   gamma=  868.81 GHz
     lambda(   21)=  0.0032   gamma=  107.87 GHz

     Calculation of q =    0.0000000   0.5000000  -0.5000000

     Parallelization info
     --------------------
     sticks:   dense  smooth     PW     G-vecs:    dense   smooth      PW
     Min         311     155     55                 6969     2475     530
     Max         312     156     56                 6972     2478     531
     Sum        1247     623    221                27883     9909    2123

     Using Slab Decomposition


     Title: 
     MgH6 sodalite el-ph 2x2x2 q (triangulate #3, Tc~263K predicted)            


     bravais-lattice index     =            3
     lattice parameter (alat)  =       5.8790  a.u.
     unit-cell volume          =     101.5969 (a.u.)^3
     number of atoms/cell      =            7
     number of atomic types    =            2
     number of electrons       =        16.00
     number of Kohn-Sham states=           12
     kinetic-energy cutoff     =      80.0000  Ry
     charge density cutoff     =     640.0000  Ry
     Exchange-correlation= PBE
                           (   1   4   3   4   0   0   0)

     celldm(1)=   5.879000  celldm(2)=   0.000000  celldm(3)=   0.000000
     celldm(4)=   0.000000  celldm(5)=   0.000000  celldm(6)=   0.000000

     crystal axes: (cart. coord. in units of alat)
               a(1) = (   0.500000   0.500000   0.500000 )  
               a(2) = (  -0.500000   0.500000   0.500000 )  
               a(3) = (  -0.500000  -0.500000   0.500000 )  

     reciprocal axes: (cart. coord. in units 2 pi/alat)
               b(1) = (  1.000000  0.000000  1.000000 )  
               b(2) = ( -1.000000  1.000000  0.000000 )  
               b(3) = (  0.000000 -1.000000  1.000000 )  


     PseudoPot. # 1 for Mg read from file:
     ./pseudo/Mg.pbe-spnl-rrkjus_psl.1.0.0.UPF
     MD5 check sum: 9996ca2d31208a261ae42168ce6c5fae
     Pseudo is Ultrasoft + core correction, Zval = 10.0
     Generated using &quot;atomic&quot; code by A. Dal Corso  v.6.3
     Using radial grid of 1129 points,  4 beta functions with: 
                l(1) =   0
                l(2) =   0
                l(3) =   1
                l(4) =   1
     Q(r) pseudized with 0 coefficients 


     PseudoPot. # 2 for H  read from file:
     ./pseudo/H.pbe-rrkjus_psl.1.0.0.UPF
     MD5 check sum: 3f4114867bd07edc7f1424d066fc1888
     Pseudo is Ultrasoft, Zval =  1.0
     Generated using &quot;atomic&quot; code by A. Dal Corso  v.6.3MaX
     Using radial grid of  929 points,  2 beta functions with: 
                l(1) =   0
                l(2) =   0
     Q(r) pseudized with 0 coefficients 


     atomic species   valence    mass     pseudopotential
     Mg               10.00    24.30500     Mg( 1.00)
     H                 1.00     1.00800     H ( 1.00)

      6 Sym. Ops., with inversion, found



   Cartesian axes

     site n.     atom                  positions (alat units)
         1        Mg     tau(   1) = (   0.0000000   0.0000000   0.0000000  )
         2        H      tau(   2) = (  -0.1250000   0.3750000   0.3750000  )
         3        H      tau(   3) = (   0.1250000   0.1250000   0.3750000  )
         4        H      tau(   4) = (  -0.3750000  -0.1250000   0.3750000  )
         5        H      tau(   5) = (   0.1250000   0.6250000   0.6250000  )
         6        H      tau(   6) = (  -0.1250000  -0.1250000   0.6250000  )
         7        H      tau(   7) = (  -0.6250000   0.1250000   0.6250000  )

     number of k points=  4104  Methfessel-Paxton smearing, width (Ry)=  0.0200

     Number of k-points >= 100: set verbosity='high' to print them.

     Dense  grid:    27883 G-vectors     FFT dimensions: (  45,  45,  45)

     Smooth grid:     9909 G-vectors     FFT dimensions: (  30,  30,  30)

     Estimated max dynamical RAM per process >       9.31 MB

     Estimated total dynamical RAM >      37.25 MB

     Check: negative core charge=   -0.000006

     The potential is recalculated from file :
     ./out/_ph0/mgh6.q_2/mgh6.save/charge-density

     Starting wfcs are   11 atomic +    1 random wfcs

     Band Structure Calculation
     Davidson diagonalization with overlap

     ethr =  6.25E-11,  avg # of iterations = 13.6

     total cpu time spent up to now is       45.9 secs

     End of band structure calculation

     Number of k-points >= 100: set verbosity='high' to print the bands.

     the Fermi energy is    15.6523 ev

     Writing config to output data dir ./out/_ph0/mgh6.q_2/mgh6.save/ :
     XML data file

     MgH6 sodalite el-ph 2x2x2 q (triangulate #3, Tc~263K predicted)            

     bravais-lattice index     =            3
     lattice parameter (alat)  =       5.8790  a.u.
     unit-cell volume          =     101.5969 (a.u.)^3
     number of atoms/cell      =            7
     number of atomic types    =            2
     kinetic-energy cut-off    =      80.0000  Ry
     charge density cut-off    =     640.0000  Ry
     convergence threshold     =      1.0E-14
     beta                      =       0.3000
     number of iterations used =            4
     Exchange-correlation= PBE
                           (   1   4   3   4   0   0   0)


     celldm(1)=    5.87900  celldm(2)=    0.00000  celldm(3)=    0.00000
     celldm(4)=    0.00000  celldm(5)=    0.00000  celldm(6)=    0.00000

     crystal axes: (cart. coord. in units of alat)
               a(1) = (  0.5000  0.5000  0.5000 )  
               a(2) = ( -0.5000  0.5000  0.5000 )  
               a(3) = ( -0.5000 -0.5000  0.5000 )  

     reciprocal axes: (cart. coord. in units 2 pi/alat)
               b(1) = (  1.0000  0.0000  1.0000 )  
               b(2) = ( -1.0000  1.0000  0.0000 )  
               b(3) = (  0.0000 -1.0000  1.0000 )  


     Atoms inside the unit cell: 

     Cartesian axes

     site n.  atom      mass           positions (alat units)
        1  Mg     24.3050   tau(    1) = (    0.00000    0.00000    0.00000  )
        2  H       1.0080   tau(    2) = (   -0.12500    0.37500    0.37500  )
        3  H       1.0080   tau(    3) = (    0.12500    0.12500    0.37500  )
        4  H       1.0080   tau(    4) = (   -0.37500   -0.12500    0.37500  )
        5  H       1.0080   tau(    5) = (    0.12500    0.62500    0.62500  )
        6  H       1.0080   tau(    6) = (   -0.12500   -0.12500    0.62500  )
        7  H       1.0080   tau(    7) = (   -0.62500    0.12500    0.62500  )

     Computing dynamical matrix for 
                    q = (   0.0000000   0.5000000  -0.5000000 )

      3 Sym.Ops. (with q -> -q+G )


     G cutoff =  560.3084  (   6972 G-vectors)     FFT grid: ( 45, 45, 45)
     G cutoff =  280.1542  (   2478 G-vectors)  smooth grid: ( 30, 30, 30)

     number of k points=  4104  Methfessel-Paxton smearing, width (Ry)=  0.0200

     PseudoPot. # 1 for Mg read from file:
     ./pseudo/Mg.pbe-spnl-rrkjus_psl.1.0.0.UPF
     MD5 check sum: 9996ca2d31208a261ae42168ce6c5fae
     Pseudo is Ultrasoft + core correction, Zval = 10.0
     Generated using &quot;atomic&quot; code by A. Dal Corso  v.6.3
     Using radial grid of 1129 points,  4 beta functions with: 
                l(1) =   0
                l(2) =   0
                l(3) =   1
                l(4) =   1
     Q(r) pseudized with 0 coefficients 


     PseudoPot. # 2 for H  read from file:
     ./pseudo/H.pbe-rrkjus_psl.1.0.0.UPF
     MD5 check sum: 3f4114867bd07edc7f1424d066fc1888
     Pseudo is Ultrasoft, Zval =  1.0
     Generated using &quot;atomic&quot; code by A. Dal Corso  v.6.3MaX
     Using radial grid of  929 points,  2 beta functions with: 
                l(1) =   0
                l(2) =   0
     Q(r) pseudized with 0 coefficients 


     Mode symmetry, C_i (-1)    point group:


     Atomic displacements:
     There are   21 irreducible representations

     Representation     1      1 modes -  To be done

     Representation     2      1 modes -  To be done

     Representation     3      1 modes -  To be done

     Representation     4      1 modes -  To be done

     Representation     5      1 modes -  To be done

     Representation     6      1 modes -  To be done

     Representation     7      1 modes -  To be done

     Representation     8      1 modes -  To be done

     Representation     9      1 modes -  To be done

     Representation    10      1 modes -  To be done

     Representation    11      1 modes -  To be done

     Representation    12      1 modes -  To be done

     Representation    13      1 modes -  To be done

     Representation    14      1 modes -  To be done

     Representation    15      1 modes -  To be done

     Representation    16      1 modes -  To be done

     Representation    17      1 modes -  To be done

     Representation    18      1 modes -  To be done

     Representation    19      1 modes -  To be done

     Representation    20      1 modes -  To be done

     Representation    21      1 modes -  To be done


     Message from routine init_vloc:
     Interpolation table for Vloc re-allocated

     Alpha used in Ewald sum =   2.8000
     PHONON       :  14m30.12s CPU  15m30.57s WALL



     Representation #   1 mode #   1

     Self-consistent Calculation

      iter #   1 total cpu time :   941.9 secs   av.it.:   5.1
      thresh= 1.000E-02 alpha_mix =  0.300 |ddv_scf|^2 =  3.255E-06

      iter #   2 total cpu time :   958.9 secs   av.it.:  10.2
      thresh= 1.804E-04 alpha_mix =  0.300 |ddv_scf|^2 =  1.714E-08

      iter #   3 total cpu time :   977.0 secs   av.it.:  11.0
      thresh= 1.309E-05 alpha_mix =  0.300 |ddv_scf|^2 =  3.260E-09

      iter #   4 total cpu time :   996.0 secs   av.it.:  11.8
      thresh= 5.709E-06 alpha_mix =  0.300 |ddv_scf|^2 =  8.096E-11

      iter #   5 total cpu time :  1015.3 secs   av.it.:  12.0
      thresh= 8.998E-07 alpha_mix =  0.300 |ddv_scf|^2 =  4.979E-12

      iter #   6 total cpu time :  1033.7 secs   av.it.:  11.3
      thresh= 2.231E-07 alpha_mix =  0.300 |ddv_scf|^2 =  1.012E-12

      iter #   7 total cpu time :  1052.3 secs   av.it.:  11.4
      thresh= 1.006E-07 alpha_mix =  0.300 |ddv_scf|^2 =  4.560E-14

      iter #   8 total cpu time :  1070.4 secs   av.it.:  11.1
      thresh= 2.135E-08 alpha_mix =  0.300 |ddv_scf|^2 =  1.340E-14

      iter #   9 total cpu time :  1089.6 secs   av.it.:  12.0
      thresh= 1.158E-08 alpha_mix =  0.300 |ddv_scf|^2 =  1.582E-16

     End of self-consistent calculation

     Convergence has been achieved 


     Representation #   2 mode #   2

     Self-consistent Calculation

      iter #   1 total cpu time :  1102.7 secs   av.it.:   4.8
      thresh= 1.000E-02 alpha_mix =  0.300 |ddv_scf|^2 =  1.776E-07

      iter #   2 total cpu time :  1120.8 secs   av.it.:  11.0
      thresh= 4.215E-05 alpha_mix =  0.300 |ddv_scf|^2 =  5.303E-08

      iter #   3 total cpu time :  1139.4 secs   av.it.:  11.5
      thresh= 2.303E-05 alpha_mix =  0.300 |ddv_scf|^2 =  8.399E-10

      iter #   4 total cpu time :  1158.2 secs   av.it.:  11.5
      thresh= 2.898E-06 alpha_mix =  0.300 |ddv_scf|^2 =  1.328E-10

      iter #   5 total cpu time :  1177.3 secs   av.it.:  11.9
      thresh= 1.153E-06 alpha_mix =  0.300 |ddv_scf|^2 =  1.305E-11

      iter #   6 total cpu time :  1196.3 secs   av.it.:  11.8
      thresh= 3.613E-07 alpha_mix =  0.300 |ddv_scf|^2 =  3.638E-13

      iter #   7 total cpu time :  1214.9 secs   av.it.:  11.5
      thresh= 6.031E-08 alpha_mix =  0.300 |ddv_scf|^2 =  6.901E-14

      iter #   8 total cpu time :  1233.8 secs   av.it.:  11.7
      thresh= 2.627E-08 alpha_mix =  0.300 |ddv_scf|^2 =  4.439E-15

     End of self-consistent calculation

     Convergence has been achieved 


     Representation #   3 mode #   3

     Self-consistent Calculation

      iter #   1 total cpu time :  1247.0 secs   av.it.:   4.9
      thresh= 1.000E-02 alpha_mix =  0.300 |ddv_scf|^2 =  4.559E-07

      iter #   2 total cpu time :  1264.9 secs   av.it.:  10.8
      thresh= 6.752E-05 alpha_mix =  0.300 |ddv_scf|^2 =  2.978E-08

      iter #   3 total cpu time :  1282.6 secs   av.it.:  10.7
      thresh= 1.726E-05 alpha_mix =  0.300 |ddv_scf|^2 =  7.384E-09

      iter #   4 total cpu time :  1301.2 secs   av.it.:  11.4
      thresh= 8.593E-06 alpha_mix =  0.300 |ddv_scf|^2 =  4.010E-10

      iter #   5 total cpu time :  1320.4 secs   av.it.:  11.9
      thresh= 2.002E-06 alpha_mix =  0.300 |ddv_scf|^2 =  6.446E-12

      iter #   6 total cpu time :  1338.7 secs   av.it.:  11.2
      thresh= 2.539E-07 alpha_mix =  0.300 |ddv_scf|^2 =  1.295E-12

      iter #   7 total cpu time :  1357.2 secs   av.it.:  11.5
      thresh= 1.138E-07 alpha_mix =  0.300 |ddv_scf|^2 =  7.832E-14

      iter #   8 total cpu time :  1375.8 secs   av.it.:  11.5
      thresh= 2.799E-08 alpha_mix =  0.300 |ddv_scf|^2 =  1.436E-14

      iter #   9 total cpu time :  1394.9 secs   av.it.:  11.9
      thresh= 1.198E-08 alpha_mix =  0.300 |ddv_scf|^2 =  9.451E-16

     End of self-consistent calculation

     Convergence has been achieved 


     Representation #   4 mode #   4

     Self-consistent Calculation

      iter #   1 total cpu time :  1407.7 secs   av.it.:   4.6
      thresh= 1.000E-02 alpha_mix =  0.300 |ddv_scf|^2 =  8.808E-08

      iter #   2 total cpu time :  1426.1 secs   av.it.:  11.2
      thresh= 2.968E-05 alpha_mix =  0.300 |ddv_scf|^2 =  2.239E-08

      iter #   3 total cpu time :  1444.4 secs   av.it.:  11.2
      thresh= 1.496E-05 alpha_mix =  0.300 |ddv_scf|^2 =  3.098E-09

      iter #   4 total cpu time :  1463.0 secs   av.it.:  11.5
      thresh= 5.566E-06 alpha_mix =  0.300 |ddv_scf|^2 =  1.351E-10

      iter #   5 total cpu time :  1482.2 secs   av.it.:  12.0
      thresh= 1.162E-06 alpha_mix =  0.300 |ddv_scf|^2 =  4.204E-12

      iter #   6 total cpu time :  1501.3 secs   av.it.:  12.0
      thresh= 2.050E-07 alpha_mix =  0.300 |ddv_scf|^2 =  7.036E-13

      iter #   7 total cpu time :  1520.2 secs   av.it.:  11.8
      thresh= 8.388E-08 alpha_mix =  0.300 |ddv_scf|^2 =  3.179E-14

      iter #   8 total cpu time :  1538.2 secs   av.it.:  11.0
      thresh= 1.783E-08 alpha_mix =  0.300 |ddv_scf|^2 =  1.234E-14

      iter #   9 total cpu time :  1557.4 secs   av.it.:  12.0
      thresh= 1.111E-08 alpha_mix =  0.300 |ddv_scf|^2 =  2.795E-16

     End of self-consistent calculation

     Convergence has been achieved 


     Representation #   5 mode #   5

     Self-consistent Calculation

      iter #   1 total cpu time :  1571.1 secs   av.it.:   5.2
      thresh= 1.000E-02 alpha_mix =  0.300 |ddv_scf|^2 =  1.044E-07

      iter #   2 total cpu time :  1589.4 secs   av.it.:  11.3
      thresh= 3.231E-05 alpha_mix =  0.300 |ddv_scf|^2 =  2.938E-08

      iter #   3 total cpu time :  1607.9 secs   av.it.:  11.4
      thresh= 1.714E-05 alpha_mix =  0.300 |ddv_scf|^2 =  2.923E-09

      iter #   4 total cpu time :  1626.6 secs   av.it.:  11.6
      thresh= 5.407E-06 alpha_mix =  0.300 |ddv_scf|^2 =  1.991E-10

      iter #   5 total cpu time :  1645.9 secs   av.it.:  12.0
      thresh= 1.411E-06 alpha_mix =  0.300 |ddv_scf|^2 =  1.040E-11

      iter #   6 total cpu time :  1664.5 secs   av.it.:  11.5
      thresh= 3.224E-07 alpha_mix =  0.300 |ddv_scf|^2 =  5.318E-13

      iter #   7 total cpu time :  1683.0 secs   av.it.:  11.5
      thresh= 7.293E-08 alpha_mix =  0.300 |ddv_scf|^2 =  6.790E-14

      iter #   8 total cpu time :  1701.3 secs   av.it.:  11.3
      thresh= 2.606E-08 alpha_mix =  0.300 |ddv_scf|^2 =  2.263E-14

      iter #   9 total cpu time :  1720.3 secs   av.it.:  11.9
      thresh= 1.504E-08 alpha_mix =  0.300 |ddv_scf|^2 =  1.177E-15

     End of self-consistent calculation

     Convergence has been achieved 


     Representation #   6 mode #   6

     Self-consistent Calculation

      iter #   1 total cpu time :  1734.0 secs   av.it.:   5.2
      thresh= 1.000E-02 alpha_mix =  0.300 |ddv_scf|^2 =  5.534E-08

      iter #   2 total cpu time :  1752.3 secs   av.it.:  11.3
      thresh= 2.352E-05 alpha_mix =  0.300 |ddv_scf|^2 =  1.214E-08

      iter #   3 total cpu time :  1770.6 secs   av.it.:  11.3
      thresh= 1.102E-05 alpha_mix =  0.300 |ddv_scf|^2 =  3.184E-09

      iter #   4 total cpu time :  1789.7 secs   av.it.:  11.9
      thresh= 5.642E-06 alpha_mix =  0.300 |ddv_scf|^2 =  1.407E-10

      iter #   5 total cpu time :  1808.9 secs   av.it.:  12.0
      thresh= 1.186E-06 alpha_mix =  0.300 |ddv_scf|^2 =  6.304E-12

      iter #   6 total cpu time :  1827.7 secs   av.it.:  11.7
      thresh= 2.511E-07 alpha_mix =  0.300 |ddv_scf|^2 =  4.371E-13

      iter #   7 total cpu time :  1846.2 secs   av.it.:  11.4
      thresh= 6.611E-08 alpha_mix =  0.300 |ddv_scf|^2 =  4.399E-14

      iter #   8 total cpu time :  1865.0 secs   av.it.:  11.7
      thresh= 2.097E-08 alpha_mix =  0.300 |ddv_scf|^2 =  9.915E-15

     End of self-consistent calculation

     Convergence has been achieved 


     Representation #   7 mode #   7

     Self-consistent Calculation

      iter #   1 total cpu time :  1878.7 secs   av.it.:   5.2
      thresh= 1.000E-02 alpha_mix =  0.300 |ddv_scf|^2 =  1.024E-06

      iter #   2 total cpu time :  1896.3 secs   av.it.:  10.7
      thresh= 1.012E-04 alpha_mix =  0.300 |ddv_scf|^2 =  3.238E-08

      iter #   3 total cpu time :  1913.9 secs   av.it.:  10.8
      thresh= 1.799E-05 alpha_mix =  0.300 |ddv_scf|^2 =  9.917E-09

      iter #   4 total cpu time :  1932.6 secs   av.it.:  11.6
      thresh= 9.958E-06 alpha_mix =  0.300 |ddv_scf|^2 =  1.671E-10

      iter #   5 total cpu time :  1951.8 secs   av.it.:  12.1
      thresh= 1.293E-06 alpha_mix =  0.300 |ddv_scf|^2 =  5.537E-12

      iter #   6 total cpu time :  1970.4 secs   av.it.:  11.6
      thresh= 2.353E-07 alpha_mix =  0.300 |ddv_scf|^2 =  1.154E-12

      iter #   7 total cpu time :  1989.6 secs   av.it.:  12.0
      thresh= 1.074E-07 alpha_mix =  0.300 |ddv_scf|^2 =  6.508E-14

      iter #   8 total cpu time :  2007.6 secs   av.it.:  11.1
      thresh= 2.551E-08 alpha_mix =  0.300 |ddv_scf|^2 =  1.853E-14

      iter #   9 total cpu time :  2026.8 secs   av.it.:  12.0
      thresh= 1.361E-08 alpha_mix =  0.300 |ddv_scf|^2 =  3.505E-16

     End of self-consistent calculation

     Convergence has been achieved 


     Representation #   8 mode #   8

     Self-consistent Calculation

      iter #   1 total cpu time :  2039.1 secs   av.it.:   4.2
      thresh= 1.000E-02 alpha_mix =  0.300 |ddv_scf|^2 =  3.551E-08

      iter #   2 total cpu time :  2057.3 secs   av.it.:  11.2
      thresh= 1.884E-05 alpha_mix =  0.300 |ddv_scf|^2 =  1.189E-08

      iter #   3 total cpu time :  2075.3 secs   av.it.:  11.0
      thresh= 1.090E-05 alpha_mix =  0.300 |ddv_scf|^2 =  1.468E-09

      iter #   4 total cpu time :  2093.9 secs   av.it.:  11.5
      thresh= 3.832E-06 alpha_mix =  0.300 |ddv_scf|^2 =  1.029E-10

      iter #   5 total cpu time :  2112.8 secs   av.it.:  11.7
      thresh= 1.014E-06 alpha_mix =  0.300 |ddv_scf|^2 =  3.040E-12

      iter #   6 total cpu time :  2131.8 secs   av.it.:  11.9
      thresh= 1.744E-07 alpha_mix =  0.300 |ddv_scf|^2 =  2.216E-13

      iter #   7 total cpu time :  2150.3 secs   av.it.:  11.5
      thresh= 4.708E-08 alpha_mix =  0.300 |ddv_scf|^2 =  2.785E-14

      iter #   8 total cpu time :  2169.7 secs   av.it.:  12.2
      thresh= 1.669E-08 alpha_mix =  0.300 |ddv_scf|^2 =  5.895E-16

     End of self-consistent calculation

     Convergence has been achieved 


     Representation #   9 mode #   9

     Self-consistent Calculation

      iter #   1 total cpu time :  2183.8 secs   av.it.:   5.5
      thresh= 1.000E-02 alpha_mix =  0.300 |ddv_scf|^2 =  5.908E-06

      iter #   2 total cpu time :  2200.9 secs   av.it.:  10.3
      thresh= 2.431E-04 alpha_mix =  0.300 |ddv_scf|^2 =  2.583E-08

      iter #   3 total cpu time :  2219.0 secs   av.it.:  11.1
      thresh= 1.607E-05 alpha_mix =  0.300 |ddv_scf|^2 =  3.576E-09

      iter #   4 total cpu time :  2238.0 secs   av.it.:  11.8
      thresh= 5.980E-06 alpha_mix =  0.300 |ddv_scf|^2 =  1.459E-10

      iter #   5 total cpu time :  2257.0 secs   av.it.:  11.9
      thresh= 1.208E-06 alpha_mix =  0.300 |ddv_scf|^2 =  5.159E-12

      iter #   6 total cpu time :  2275.2 secs   av.it.:  11.1
      thresh= 2.271E-07 alpha_mix =  0.300 |ddv_scf|^2 =  1.315E-12

      iter #   7 total cpu time :  2293.8 secs   av.it.:  11.6
      thresh= 1.147E-07 alpha_mix =  0.300 |ddv_scf|^2 =  5.681E-14

      iter #   8 total cpu time :  2312.4 secs   av.it.:  11.5
      thresh= 2.383E-08 alpha_mix =  0.300 |ddv_scf|^2 =  7.737E-15

     End of self-consistent calculation

     Convergence has been achieved 


     Representation #  10 mode #  10

     Self-consistent Calculation

      iter #   1 total cpu time :  2326.1 secs   av.it.:   5.2
      thresh= 1.000E-02 alpha_mix =  0.300 |ddv_scf|^2 =  3.025E-06

      iter #   2 total cpu time :  2343.3 secs   av.it.:  10.5
      thresh= 1.739E-04 alpha_mix =  0.300 |ddv_scf|^2 =  2.311E-08

      iter #   3 total cpu time :  2361.1 secs   av.it.:  10.9
      thresh= 1.520E-05 alpha_mix =  0.300 |ddv_scf|^2 =  2.924E-09

      iter #   4 total cpu time :  2379.7 secs   av.it.:  11.6
      thresh= 5.408E-06 alpha_mix =  0.300 |ddv_scf|^2 =  6.340E-11

      iter #   5 total cpu time :  2398.4 secs   av.it.:  11.6
      thresh= 7.962E-07 alpha_mix =  0.300 |ddv_scf|^2 =  3.658E-12

      iter #   6 total cpu time :  2416.6 secs   av.it.:  11.2
      thresh= 1.913E-07 alpha_mix =  0.300 |ddv_scf|^2 =  1.065E-12

      iter #   7 total cpu time :  2435.5 secs   av.it.:  11.8
      thresh= 1.032E-07 alpha_mix =  0.300 |ddv_scf|^2 =  1.916E-14

      iter #   8 total cpu time :  2453.6 secs   av.it.:  11.1
      thresh= 1.384E-08 alpha_mix =  0.300 |ddv_scf|^2 =  5.166E-15

     End of self-consistent calculation

     Convergence has been achieved 


     Representation #  11 mode #  11

     Self-consistent Calculation

      iter #   1 total cpu time :  2472.6 secs   av.it.:   9.3
      thresh= 1.000E-02 alpha_mix =  0.300 |ddv_scf|^2 =  3.112E-04

      iter #   2 total cpu time :  2490.1 secs   av.it.:  10.7
      thresh= 1.764E-03 alpha_mix =  0.300 |ddv_scf|^2 =  8.185E-06

      iter #   3 total cpu time :  2508.2 secs   av.it.:  11.1
      thresh= 2.861E-04 alpha_mix =  0.300 |ddv_scf|^2 =  2.561E-06

      iter #   4 total cpu time :  2527.3 secs   av.it.:  11.9
      thresh= 1.600E-04 alpha_mix =  0.300 |ddv_scf|^2 =  6.772E-08

      iter #   5 total cpu time :  2546.6 secs   av.it.:  12.1
      thresh= 2.602E-05 alpha_mix =  0.300 |ddv_scf|^2 =  1.617E-09

      iter #   6 total cpu time :  2565.2 secs   av.it.:  11.5
      thresh= 4.021E-06 alpha_mix =  0.300 |ddv_scf|^2 =  3.108E-10

      iter #   7 total cpu time :  2583.9 secs   av.it.:  11.7
      thresh= 1.763E-06 alpha_mix =  0.300 |ddv_scf|^2 =  3.452E-11

      iter #   8 total cpu time :  2602.5 secs   av.it.:  11.5
      thresh= 5.875E-07 alpha_mix =  0.300 |ddv_scf|^2 =  4.203E-13

      iter #   9 total cpu time :  2620.9 secs   av.it.:  11.4
      thresh= 6.483E-08 alpha_mix =  0.300 |ddv_scf|^2 =  1.328E-13

      iter #  10 total cpu time :  2639.9 secs   av.it.:  11.9
      thresh= 3.644E-08 alpha_mix =  0.300 |ddv_scf|^2 =  1.551E-14

      iter #  11 total cpu time :  2658.9 secs   av.it.:  11.8
      thresh= 1.246E-08 alpha_mix =  0.300 |ddv_scf|^2 =  6.034E-16

     End of self-consistent calculation

     Convergence has been achieved 


     Representation #  12 mode #  12

     Self-consistent Calculation

      iter #   1 total cpu time :  2672.1 secs   av.it.:   4.9
      thresh= 1.000E-02 alpha_mix =  0.300 |ddv_scf|^2 =  2.317E-07

      iter #   2 total cpu time :  2690.1 secs   av.it.:  11.1
      thresh= 4.813E-05 alpha_mix =  0.300 |ddv_scf|^2 =  1.476E-08

      iter #   3 total cpu time :  2707.8 secs   av.it.:  10.8
      thresh= 1.215E-05 alpha_mix =  0.300 |ddv_scf|^2 =  4.195E-09

      iter #   4 total cpu time :  2726.5 secs   av.it.:  11.6
      thresh= 6.477E-06 alpha_mix =  0.300 |ddv_scf|^2 =  1.102E-10

      iter #   5 total cpu time :  2744.9 secs   av.it.:  11.4
      thresh= 1.050E-06 alpha_mix =  0.300 |ddv_scf|^2 =  8.164E-13

      iter #   6 total cpu time :  2762.8 secs   av.it.:  11.0
      thresh= 9.036E-08 alpha_mix =  0.300 |ddv_scf|^2 =  2.125E-13

      iter #   7 total cpu time :  2781.8 secs   av.it.:  11.8
      thresh= 4.610E-08 alpha_mix =  0.300 |ddv_scf|^2 =  1.152E-14

      iter #   8 total cpu time :  2800.4 secs   av.it.:  11.5
      thresh= 1.074E-08 alpha_mix =  0.300 |ddv_scf|^2 =  7.088E-16

     End of self-consistent calculation

     Convergence has been achieved 


     Representation #  13 mode #  13

     Self-consistent Calculation

      iter #   1 total cpu time :  2813.4 secs   av.it.:   4.8
      thresh= 1.000E-02 alpha_mix =  0.300 |ddv_scf|^2 =  6.899E-08

      iter #   2 total cpu time :  2831.5 secs   av.it.:  11.1
      thresh= 2.627E-05 alpha_mix =  0.300 |ddv_scf|^2 =  1.565E-08

      iter #   3 total cpu time :  2849.2 secs   av.it.:  10.8
      thresh= 1.251E-05 alpha_mix =  0.300 |ddv_scf|^2 =  4.683E-09

      iter #   4 total cpu time :  2867.9 secs   av.it.:  11.6
      thresh= 6.843E-06 alpha_mix =  0.300 |ddv_scf|^2 =  9.940E-11

      iter #   5 total cpu time :  2886.7 secs   av.it.:  11.6
      thresh= 9.970E-07 alpha_mix =  0.300 |ddv_scf|^2 =  6.399E-12

      iter #   6 total cpu time :  2905.0 secs   av.it.:  11.3
      thresh= 2.530E-07 alpha_mix =  0.300 |ddv_scf|^2 =  4.626E-13

      iter #   7 total cpu time :  2923.3 secs   av.it.:  11.3
      thresh= 6.801E-08 alpha_mix =  0.300 |ddv_scf|^2 =  6.041E-14

      iter #   8 total cpu time :  2941.8 secs   av.it.:  11.4
      thresh= 2.458E-08 alpha_mix =  0.300 |ddv_scf|^2 =  2.302E-15

     End of self-consistent calculation

     Convergence has been achieved 


     Representation #  14 mode #  14

     Self-consistent Calculation

      iter #   1 total cpu time :  2954.9 secs   av.it.:   4.8
      thresh= 1.000E-02 alpha_mix =  0.300 |ddv_scf|^2 =  5.206E-07

      iter #   2 total cpu time :  2972.6 secs   av.it.:  10.8
      thresh= 7.215E-05 alpha_mix =  0.300 |ddv_scf|^2 =  3.436E-08

      iter #   3 total cpu time :  2990.1 secs   av.it.:  10.7
      thresh= 1.854E-05 alpha_mix =  0.300 |ddv_scf|^2 =  9.180E-09

      iter #   4 total cpu time :  3008.2 secs   av.it.:  11.2
      thresh= 9.581E-06 alpha_mix =  0.300 |ddv_scf|^2 =  2.736E-10

      iter #   5 total cpu time :  3026.8 secs   av.it.:  11.6
      thresh= 1.654E-06 alpha_mix =  0.300 |ddv_scf|^2 =  1.625E-11

      iter #   6 total cpu time :  3045.1 secs   av.it.:  11.3
      thresh= 4.031E-07 alpha_mix =  0.300 |ddv_scf|^2 =  1.005E-12

      iter #   7 total cpu time :  3063.4 secs   av.it.:  11.3
      thresh= 1.002E-07 alpha_mix =  0.300 |ddv_scf|^2 =  1.197E-13

      iter #   8 total cpu time :  3081.7 secs   av.it.:  11.3
      thresh= 3.459E-08 alpha_mix =  0.300 |ddv_scf|^2 =  1.041E-14

      iter #   9 total cpu time :  3100.4 secs   av.it.:  11.6
      thresh= 1.020E-08 alpha_mix =  0.300 |ddv_scf|^2 =  1.136E-15

     End of self-consistent calculation

     Convergence has been achieved 


     Representation #  15 mode #  15

     Self-consistent Calculation

      iter #   1 total cpu time :  3114.7 secs   av.it.:   5.7
      thresh= 1.000E-02 alpha_mix =  0.300 |ddv_scf|^2 =  1.015E-06

      iter #   2 total cpu time :  3132.5 secs   av.it.:  10.9
      thresh= 1.007E-04 alpha_mix =  0.300 |ddv_scf|^2 =  4.253E-08

      iter #   3 total cpu time :  3150.1 secs   av.it.:  10.9
      thresh= 2.062E-05 alpha_mix =  0.300 |ddv_scf|^2 =  1.166E-08

      iter #   4 total cpu time :  3168.7 secs   av.it.:  11.6
      thresh= 1.080E-05 alpha_mix =  0.300 |ddv_scf|^2 =  1.606E-10

      iter #   5 total cpu time :  3187.5 secs   av.it.:  11.8
      thresh= 1.267E-06 alpha_mix =  0.300 |ddv_scf|^2 =  5.707E-12

      iter #   6 total cpu time :  3205.7 secs   av.it.:  11.2
      thresh= 2.389E-07 alpha_mix =  0.300 |ddv_scf|^2 =  8.797E-13

      iter #   7 total cpu time :  3224.2 secs   av.it.:  11.5
      thresh= 9.379E-08 alpha_mix =  0.300 |ddv_scf|^2 =  6.119E-14

      iter #   8 total cpu time :  3242.9 secs   av.it.:  11.7
      thresh= 2.474E-08 alpha_mix =  0.300 |ddv_scf|^2 =  2.535E-15

     End of self-consistent calculation

     Convergence has been achieved 


     Representation #  16 mode #  16

     Self-consistent Calculation

      iter #   1 total cpu time :  3261.4 secs   av.it.:   9.0
      thresh= 1.000E-02 alpha_mix =  0.300 |ddv_scf|^2 =  2.824E-05

      iter #   2 total cpu time :  3279.3 secs   av.it.:  11.0
      thresh= 5.314E-04 alpha_mix =  0.300 |ddv_scf|^2 =  8.824E-06

      iter #   3 total cpu time :  3298.2 secs   av.it.:  11.8
      thresh= 2.971E-04 alpha_mix =  0.300 |ddv_scf|^2 =  2.486E-07

      iter #   4 total cpu time :  3317.4 secs   av.it.:  12.1
      thresh= 4.986E-05 alpha_mix =  0.300 |ddv_scf|^2 =  6.757E-09

      iter #   5 total cpu time :  3336.3 secs   av.it.:  11.8
      thresh= 8.220E-06 alpha_mix =  0.300 |ddv_scf|^2 =  1.555E-09

      iter #   6 total cpu time :  3355.5 secs   av.it.:  12.0
      thresh= 3.943E-06 alpha_mix =  0.300 |ddv_scf|^2 =  1.159E-10

      iter #   7 total cpu time :  3373.4 secs   av.it.:  11.1
      thresh= 1.077E-06 alpha_mix =  0.300 |ddv_scf|^2 =  3.628E-11

      iter #   8 total cpu time :  3392.1 secs   av.it.:  11.6
      thresh= 6.023E-07 alpha_mix =  0.300 |ddv_scf|^2 =  7.653E-13

      iter #   9 total cpu time :  3410.2 secs   av.it.:  11.2
      thresh= 8.748E-08 alpha_mix =  0.300 |ddv_scf|^2 =  2.492E-13

      iter #  10 total cpu time :  3429.3 secs   av.it.:  12.0
      thresh= 4.992E-08 alpha_mix =  0.300 |ddv_scf|^2 =  1.993E-14

      iter #  11 total cpu time :  3448.1 secs   av.it.:  11.9
      thresh= 1.412E-08 alpha_mix =  0.300 |ddv_scf|^2 =  1.745E-15

     End of self-consistent calculation

     Convergence has been achieved 


     Representation #  17 mode #  17

     Self-consistent Calculation

      iter #   1 total cpu time :  3461.5 secs   av.it.:   5.0
      thresh= 1.000E-02 alpha_mix =  0.300 |ddv_scf|^2 =  1.651E-07

      iter #   2 total cpu time :  3479.5 secs   av.it.:  11.1
      thresh= 4.063E-05 alpha_mix =  0.300 |ddv_scf|^2 =  4.787E-08

      iter #   3 total cpu time :  3498.0 secs   av.it.:  11.4
      thresh= 2.188E-05 alpha_mix =  0.300 |ddv_scf|^2 =  6.289E-10

      iter #   4 total cpu time :  3516.5 secs   av.it.:  11.4
      thresh= 2.508E-06 alpha_mix =  0.300 |ddv_scf|^2 =  8.805E-11

      iter #   5 total cpu time :  3535.2 secs   av.it.:  11.7
      thresh= 9.383E-07 alpha_mix =  0.300 |ddv_scf|^2 =  7.347E-12

      iter #   6 total cpu time :  3553.8 secs   av.it.:  11.6
      thresh= 2.711E-07 alpha_mix =  0.300 |ddv_scf|^2 =  4.971E-13

      iter #   7 total cpu time :  3571.6 secs   av.it.:  10.9
      thresh= 7.050E-08 alpha_mix =  0.300 |ddv_scf|^2 =  1.593E-13

      iter #   8 total cpu time :  3590.3 secs   av.it.:  11.7
      thresh= 3.992E-08 alpha_mix =  0.300 |ddv_scf|^2 =  8.086E-15

     End of self-consistent calculation

     Convergence has been achieved 


     Representation #  18 mode #  18

     Self-consistent Calculation

      iter #   1 total cpu time :  3604.7 secs   av.it.:   5.8
      thresh= 1.000E-02 alpha_mix =  0.300 |ddv_scf|^2 =  1.422E-07

      iter #   2 total cpu time :  3622.7 secs   av.it.:  11.2
      thresh= 3.771E-05 alpha_mix =  0.300 |ddv_scf|^2 =  3.139E-08

      iter #   3 total cpu time :  3640.9 secs   av.it.:  11.3
      thresh= 1.772E-05 alpha_mix =  0.300 |ddv_scf|^2 =  3.341E-09

      iter #   4 total cpu time :  3659.6 secs   av.it.:  11.6
      thresh= 5.780E-06 alpha_mix =  0.300 |ddv_scf|^2 =  3.665E-10

      iter #   5 total cpu time :  3678.4 secs   av.it.:  11.8
      thresh= 1.914E-06 alpha_mix =  0.300 |ddv_scf|^2 =  1.298E-11

      iter #   6 total cpu time :  3697.2 secs   av.it.:  11.7
      thresh= 3.603E-07 alpha_mix =  0.300 |ddv_scf|^2 =  3.509E-13

      iter #   7 total cpu time :  3715.4 secs   av.it.:  11.3
      thresh= 5.924E-08 alpha_mix =  0.300 |ddv_scf|^2 =  7.782E-14

      iter #   8 total cpu time :  3733.7 secs   av.it.:  11.3
      thresh= 2.790E-08 alpha_mix =  0.300 |ddv_scf|^2 =  9.131E-15

     End of self-consistent calculation

     Convergence has been achieved 


     Representation #  19 mode #  19

     Self-consistent Calculation

      iter #   1 total cpu time :  3747.0 secs   av.it.:   5.0
      thresh= 1.000E-02 alpha_mix =  0.300 |ddv_scf|^2 =  5.130E-08

      iter #   2 total cpu time :  3762.0 secs   av.it.:  11.2
      thresh= 2.265E-05 alpha_mix =  0.300 |ddv_scf|^2 =  1.478E-08

      iter #   3 total cpu time :  3774.9 secs   av.it.:  11.0
      thresh= 1.216E-05 alpha_mix =  0.300 |ddv_scf|^2 =  2.996E-09

      iter #   4 total cpu time :  3788.4 secs   av.it.:  11.7
      thresh= 5.474E-06 alpha_mix =  0.300 |ddv_scf|^2 =  1.285E-10

      iter #   5 total cpu time :  3801.9 secs   av.it.:  11.7
      thresh= 1.133E-06 alpha_mix =  0.300 |ddv_scf|^2 =  3.779E-12

      iter #   6 total cpu time :  3815.2 secs   av.it.:  11.5
      thresh= 1.944E-07 alpha_mix =  0.300 |ddv_scf|^2 =  3.936E-13

      iter #   7 total cpu time :  3828.6 secs   av.it.:  11.5
      thresh= 6.273E-08 alpha_mix =  0.300 |ddv_scf|^2 =  4.685E-14

      iter #   8 total cpu time :  3841.7 secs   av.it.:  11.2
      thresh= 2.164E-08 alpha_mix =  0.300 |ddv_scf|^2 =  8.855E-15

     End of self-consistent calculation

     Convergence has been achieved 


     Representation #  20 mode #  20

     Self-consistent Calculation

      iter #   1 total cpu time :  3852.3 secs   av.it.:   6.0
      thresh= 1.000E-02 alpha_mix =  0.300 |ddv_scf|^2 =  6.078E-06

      iter #   2 total cpu time :  3864.6 secs   av.it.:  10.4
      thresh= 2.465E-04 alpha_mix =  0.300 |ddv_scf|^2 =  4.675E-08

      iter #   3 total cpu time :  3877.4 secs   av.it.:  10.9
      thresh= 2.162E-05 alpha_mix =  0.300 |ddv_scf|^2 =  4.354E-09

      iter #   4 total cpu time :  3890.8 secs   av.it.:  11.5
      thresh= 6.599E-06 alpha_mix =  0.300 |ddv_scf|^2 =  1.704E-10

      iter #   5 total cpu time :  3904.1 secs   av.it.:  11.5
      thresh= 1.305E-06 alpha_mix =  0.300 |ddv_scf|^2 =  6.413E-12

      iter #   6 total cpu time :  3917.2 secs   av.it.:  11.2
      thresh= 2.532E-07 alpha_mix =  0.300 |ddv_scf|^2 =  1.090E-12

      iter #   7 total cpu time :  3930.5 secs   av.it.:  11.4
      thresh= 1.044E-07 alpha_mix =  0.300 |ddv_scf|^2 =  8.372E-14

      iter #   8 total cpu time :  3943.7 secs   av.it.:  11.4
      thresh= 2.893E-08 alpha_mix =  0.300 |ddv_scf|^2 =  4.208E-15

     End of self-consistent calculation

     Convergence has been achieved 


     Representation #  21 mode #  21

     Self-consistent Calculation

      iter #   1 total cpu time :  3957.3 secs   av.it.:   9.2
      thresh= 1.000E-02 alpha_mix =  0.300 |ddv_scf|^2 =  1.779E-04

      iter #   2 total cpu time :  3969.9 secs   av.it.:  10.8
      thresh= 1.334E-03 alpha_mix =  0.300 |ddv_scf|^2 =  9.406E-06

      iter #   3 total cpu time :  3982.9 secs   av.it.:  11.1
      thresh= 3.067E-04 alpha_mix =  0.300 |ddv_scf|^2 =  2.914E-06

      iter #   4 total cpu time :  3996.5 secs   av.it.:  11.9
      thresh= 1.707E-04 alpha_mix =  0.300 |ddv_scf|^2 =  1.019E-07

      iter #   5 total cpu time :  4010.4 secs   av.it.:  12.1
      thresh= 3.192E-05 alpha_mix =  0.300 |ddv_scf|^2 =  2.742E-09

      iter #   6 total cpu time :  4024.0 secs   av.it.:  11.8
      thresh= 5.237E-06 alpha_mix =  0.300 |ddv_scf|^2 =  2.683E-10

      iter #   7 total cpu time :  4037.4 secs   av.it.:  11.6
      thresh= 1.638E-06 alpha_mix =  0.300 |ddv_scf|^2 =  4.315E-11

      iter #   8 total cpu time :  4050.8 secs   av.it.:  11.6
      thresh= 6.569E-07 alpha_mix =  0.300 |ddv_scf|^2 =  8.683E-13

      iter #   9 total cpu time :  4064.2 secs   av.it.:  11.6
      thresh= 9.318E-08 alpha_mix =  0.300 |ddv_scf|^2 =  1.951E-13

      iter #  10 total cpu time :  4077.7 secs   av.it.:  11.7
      thresh= 4.416E-08 alpha_mix =  0.300 |ddv_scf|^2 =  3.045E-14

      iter #  11 total cpu time :  4093.5 secs   av.it.:  11.8
      thresh= 1.745E-08 alpha_mix =  0.300 |ddv_scf|^2 =  4.027E-16

     End of self-consistent calculation

     Convergence has been achieved 

     Number of q in the star =    3
     List of q in the star:
          1   0.000000000   0.500000000  -0.500000000
          2  -0.500000000   0.000000000  -0.500000000
          3  -0.500000000   0.500000000   0.000000000

     Diagonalizing the dynamical matrix

     q = (    0.000000000   0.500000000  -0.500000000 ) 

 **************************************************************************
     freq (    1) =     -37.518527 [THz] =   -1251.483347 [cm-1]
     freq (    2) =     -34.197623 [THz] =   -1140.709914 [cm-1]
     freq (    3) =     -33.278811 [THz] =   -1110.061635 [cm-1]
     freq (    4) =     -31.410299 [THz] =   -1047.734785 [cm-1]
     freq (    5) =     -26.951462 [THz] =    -899.004015 [cm-1]
     freq (    6) =     -18.499162 [THz] =    -617.065615 [cm-1]
     freq (    7) =     -16.903664 [THz] =    -563.845540 [cm-1]
     freq (    8) =     -12.290507 [THz] =    -409.967201 [cm-1]
     freq (    9) =      -7.522330 [THz] =    -250.917920 [cm-1]
     freq (   10) =      16.190982 [THz] =     540.073020 [cm-1]
     freq (   11) =      16.277009 [THz] =     542.942591 [cm-1]
     freq (   12) =      21.314979 [THz] =     710.991179 [cm-1]
     freq (   13) =      28.919946 [THz] =     964.665576 [cm-1]
     freq (   14) =      30.778536 [THz] =    1026.661450 [cm-1]
     freq (   15) =      35.154331 [THz] =    1172.622276 [cm-1]
     freq (   16) =      95.431604 [THz] =    3183.255668 [cm-1]
     freq (   17) =      98.270841 [THz] =    3277.962402 [cm-1]
     freq (   18) =      99.286343 [THz] =    3311.835915 [cm-1]
     freq (   19) =     100.056421 [THz] =    3337.522957 [cm-1]
     freq (   20) =     101.131286 [THz] =    3373.376580 [cm-1]
     freq (   21) =     103.513642 [THz] =    3452.843441 [cm-1]
 **************************************************************************

     Mode symmetry, C_i (-1)    point group:

     freq (   1-   1) =      -1251.5  [cm-1]   --> A_u                
     freq (   2-   2) =      -1140.7  [cm-1]   --> A_g                
     freq (   3-   3) =      -1110.1  [cm-1]   --> A_u                
     freq (   4-   4) =      -1047.7  [cm-1]   --> A_g                
     freq (   5-   5) =       -899.0  [cm-1]   --> A_u                
     freq (   6-   6) =       -617.1  [cm-1]   --> A_u                
     freq (   7-   7) =       -563.8  [cm-1]   --> A_g                
     freq (   8-   8) =       -410.0  [cm-1]   --> A_u                
     freq (   9-   9) =       -250.9  [cm-1]   --> A_g                
     freq (  10-  10) =        540.1  [cm-1]   --> A_g                
     freq (  11-  11) =        542.9  [cm-1]   --> A_u                
     freq (  12-  12) =        711.0  [cm-1]   --> A_u                
     freq (  13-  13) =        964.7  [cm-1]   --> A_g                
     freq (  14-  14) =       1026.7  [cm-1]   --> A_u                
     freq (  15-  15) =       1172.6  [cm-1]   --> A_u                
     freq (  16-  16) =       3183.3  [cm-1]   --> A_g                
     freq (  17-  17) =       3278.0  [cm-1]   --> A_g                
     freq (  18-  18) =       3311.8  [cm-1]   --> A_u                
     freq (  19-  19) =       3337.5  [cm-1]   --> A_g                
     freq (  20-  20) =       3373.4  [cm-1]   --> A_u                
     freq (  21-  21) =       3452.8  [cm-1]   --> A_u                

     Gaussian Broadening:   0.005 Ry, ngauss=   0
     DOS =  1.812170 states/spin/Ry/Unit Cell at Ef= 15.644186 eV
     double delta at Ef = 14.145242
     lambda(    1)= -0.2486   gamma=  605.66 GHz
     lambda(    2)= -0.5712   gamma= 1156.09 GHz
     lambda(    3)= -0.0353   gamma=   67.62 GHz
     lambda(    4)= -0.1252   gamma=  213.69 GHz
     lambda(    5)= -0.1183   gamma=  148.66 GHz
     lambda(    6)= -0.0645   gamma=   38.18 GHz
     lambda(    7)= -0.1605   gamma=   79.37 GHz
     lambda(    8)= -0.1086   gamma=   28.39 GHz
     lambda(    9)= -1.7944   gamma=  175.71 GHz
     lambda(   10)=  0.1524   gamma=   69.15 GHz
     lambda(   11)=  0.0954   gamma=   43.74 GHz
     lambda(   12)=  0.0278   gamma=   21.85 GHz
     lambda(   13)=  0.0186   gamma=   26.89 GHz
     lambda(   14)=  0.2566   gamma=  420.63 GHz
     lambda(   15)=  0.1869   gamma=  399.79 GHz
     lambda(   16)=  0.0180   gamma=  284.29 GHz
     lambda(   17)=  0.0398   gamma=  664.84 GHz
     lambda(   18)=  0.0012   gamma=   20.20 GHz
     lambda(   19)=  0.0197   gamma=  340.66 GHz
     lambda(   20)=  0.0039   gamma=   68.88 GHz
     lambda(   21)=  0.0055   gamma=  101.78 GHz

     Gaussian Broadening:   0.010 Ry, ngauss=   0
     DOS =  2.326504 states/spin/Ry/Unit Cell at Ef= 15.645900 eV
     double delta at Ef = 11.570357
     lambda(    1)= -0.1755   gamma=  548.93 GHz
     lambda(    2)= -0.3278   gamma=  851.65 GHz
     lambda(    3)= -0.0410   gamma=  100.76 GHz
     lambda(    4)= -0.1425   gamma=  312.25 GHz
     lambda(    5)= -0.0835   gamma=  134.78 GHz
     lambda(    6)= -0.0660   gamma=   50.16 GHz
     lambda(    7)= -0.1821   gamma=  115.57 GHz
     lambda(    8)= -0.0795   gamma=   26.69 GHz
     lambda(    9)= -0.9015   gamma=  113.33 GHz
     lambda(   10)=  0.2024   gamma=  117.88 GHz
     lambda(   11)=  0.1207   gamma=   71.04 GHz
     lambda(   12)=  0.0429   gamma=   43.31 GHz
     lambda(   13)=  0.0286   gamma=   53.20 GHz
     lambda(   14)=  0.2032   gamma=  427.56 GHz
     lambda(   15)=  0.0891   gamma=  244.63 GHz
     lambda(   16)=  0.0086   gamma=  174.92 GHz
     lambda(   17)=  0.0165   gamma=  354.89 GHz
     lambda(   18)=  0.0021   gamma=   46.54 GHz
     lambda(   19)=  0.0240   gamma=  534.64 GHz
     lambda(   20)=  0.0029   gamma=   64.86 GHz
     lambda(   21)=  0.0077   gamma=  182.95 GHz

     Gaussian Broadening:   0.015 Ry, ngauss=   0
     DOS =  2.666530 states/spin/Ry/Unit Cell at Ef= 15.649959 eV
     double delta at Ef =  8.390945
     lambda(    1)= -0.1041   gamma=  373.15 GHz
     lambda(    2)= -0.1975   gamma=  588.22 GHz
     lambda(    3)= -0.0416   gamma=  117.20 GHz
     lambda(    4)= -0.1008   gamma=  253.36 GHz
     lambda(    5)= -0.0527   gamma=   97.42 GHz
     lambda(    6)= -0.0493   gamma=   42.97 GHz
     lambda(    7)= -0.1187   gamma=   86.35 GHz
     lambda(    8)= -0.0526   gamma=   20.22 GHz
     lambda(    9)= -0.6437   gamma=   92.74 GHz
     lambda(   10)=  0.1334   gamma=   89.07 GHz
     lambda(   11)=  0.0909   gamma=   61.33 GHz
     lambda(   12)=  0.0317   gamma=   36.70 GHz
     lambda(   13)=  0.0319   gamma=   67.85 GHz
     lambda(   14)=  0.1363   gamma=  328.78 GHz
     lambda(   15)=  0.0542   gamma=  170.62 GHz
     lambda(   16)=  0.0052   gamma=  121.14 GHz
     lambda(   17)=  0.0087   gamma=  212.93 GHz
     lambda(   18)=  0.0028   gamma=   71.32 GHz
     lambda(   19)=  0.0149   gamma=  379.90 GHz
     lambda(   20)=  0.0022   gamma=   58.01 GHz
     lambda(   21)=  0.0053   gamma=  144.44 GHz

     Gaussian Broadening:   0.020 Ry, ngauss=   0
     DOS =  3.040876 states/spin/Ry/Unit Cell at Ef= 15.652291 eV
     double delta at Ef =  6.987989
     lambda(    1)= -0.0736   gamma=  300.73 GHz
     lambda(    2)= -0.1356   gamma=  460.66 GHz
     lambda(    3)= -0.0397   gamma=  127.69 GHz
     lambda(    4)= -0.0774   gamma=  221.79 GHz
     lambda(    5)= -0.0394   gamma=   83.02 GHz
     lambda(    6)= -0.0330   gamma=   32.79 GHz
     lambda(    7)= -0.0859   gamma=   71.30 GHz
     lambda(    8)= -0.0374   gamma=   16.40 GHz
     lambda(    9)= -0.5751   gamma=   94.49 GHz
     lambda(   10)=  0.0939   gamma=   71.52 GHz
     lambda(   11)=  0.0687   gamma=   52.83 GHz
     lambda(   12)=  0.0246   gamma=   32.44 GHz
     lambda(   13)=  0.0363   gamma=   88.05 GHz
     lambda(   14)=  0.0886   gamma=  243.61 GHz
     lambda(   15)=  0.0391   gamma=  140.15 GHz
     lambda(   16)=  0.0037   gamma=   98.84 GHz
     lambda(   17)=  0.0061   gamma=  170.41 GHz
     lambda(   18)=  0.0029   gamma=   84.07 GHz
     lambda(   19)=  0.0104   gamma=  303.13 GHz
     lambda(   20)=  0.0017   gamma=   51.17 GHz
     lambda(   21)=  0.0038   gamma=  118.85 GHz

     Gaussian Broadening:   0.025 Ry, ngauss=   0
     DOS =  3.251821 states/spin/Ry/Unit Cell at Ef= 15.652785 eV
     double delta at Ef =  6.439074
     lambda(    1)= -0.0611   gamma=  267.05 GHz
     lambda(    2)= -0.1117   gamma=  405.57 GHz
     lambda(    3)= -0.0400   gamma=  137.56 GHz
     lambda(    4)= -0.0715   gamma=  219.06 GHz
     lambda(    5)= -0.0337   gamma=   75.91 GHz
     lambda(    6)= -0.0250   gamma=   26.54 GHz
     lambda(    7)= -0.0736   gamma=   65.31 GHz
     lambda(    8)= -0.0314   gamma=   14.72 GHz
     lambda(    9)= -0.5544   gamma=   97.41 GHz
     lambda(   10)=  0.0782   gamma=   63.64 GHz
     lambda(   11)=  0.0578   gamma=   47.54 GHz
     lambda(   12)=  0.0213   gamma=   30.11 GHz
     lambda(   13)=  0.0393   gamma=  102.14 GHz
     lambda(   14)=  0.0674   gamma=  198.37 GHz
     lambda(   15)=  0.0327   gamma=  125.33 GHz
     lambda(   16)=  0.0032   gamma=   89.81 GHz
     lambda(   17)=  0.0055   gamma=  165.27 GHz
     lambda(   18)=  0.0030   gamma=   90.82 GHz
     lambda(   19)=  0.0086   gamma=  265.96 GHz
     lambda(   20)=  0.0015   gamma=   47.90 GHz
     lambda(   21)=  0.0031   gamma=  102.94 GHz

     Gaussian Broadening:   0.030 Ry, ngauss=   0
     DOS =  3.343416 states/spin/Ry/Unit Cell at Ef= 15.652457 eV
     double delta at Ef =  6.267120
     lambda(    1)= -0.0552   gamma=  248.13 GHz
     lambda(    2)= -0.1008   gamma=  376.53 GHz
     lambda(    3)= -0.0416   gamma=  147.08 GHz
     lambda(    4)= -0.0723   gamma=  227.64 GHz
     lambda(    5)= -0.0323   gamma=   74.88 GHz
     lambda(    6)= -0.0218   gamma=   23.85 GHz
     lambda(    7)= -0.0731   gamma=   66.68 GHz
     lambda(    8)= -0.0294   gamma=   14.18 GHz
     lambda(    9)= -0.5478   gamma=   98.96 GHz
     lambda(   10)=  0.0720   gamma=   60.27 GHz
     lambda(   11)=  0.0533   gamma=   45.05 GHz
     lambda(   12)=  0.0200   gamma=   28.95 GHz
     lambda(   13)=  0.0419   gamma=  111.89 GHz
     lambda(   14)=  0.0593   gamma=  179.33 GHz
     lambda(   15)=  0.0301   gamma=  118.93 GHz
     lambda(   16)=  0.0030   gamma=   87.61 GHz
     lambda(   17)=  0.0055   gamma=  169.39 GHz
     lambda(   18)=  0.0031   gamma=   97.86 GHz
     lambda(   19)=  0.0076   gamma=  244.00 GHz
     lambda(   20)=  0.0015   gamma=   47.65 GHz
     lambda(   21)=  0.0027   gamma=   91.71 GHz

     Gaussian Broadening:   0.035 Ry, ngauss=   0
     DOS =  3.372585 states/spin/Ry/Unit Cell at Ef= 15.651742 eV
     double delta at Ef =  6.315206
     lambda(    1)= -0.0525   gamma=  238.09 GHz
     lambda(    2)= -0.0954   gamma=  359.25 GHz
     lambda(    3)= -0.0437   gamma=  156.01 GHz
     lambda(    4)= -0.0750   gamma=  238.25 GHz
     lambda(    5)= -0.0348   gamma=   81.52 GHz
     lambda(    6)= -0.0214   gamma=   23.60 GHz
     lambda(    7)= -0.0827   gamma=   76.09 GHz
     lambda(    8)= -0.0296   gamma=   14.39 GHz
     lambda(    9)= -0.5517   gamma=  100.55 GHz
     lambda(   10)=  0.0698   gamma=   58.96 GHz
     lambda(   11)=  0.0522   gamma=   44.50 GHz
     lambda(   12)=  0.0199   gamma=   29.10 GHz
     lambda(   13)=  0.0449   gamma=  120.96 GHz
     lambda(   14)=  0.0568   gamma=  173.43 GHz
     lambda(   15)=  0.0300   gamma=  119.43 GHz
     lambda(   16)=  0.0031   gamma=   91.18 GHz
     lambda(   17)=  0.0056   gamma=  174.32 GHz
     lambda(   18)=  0.0034   gamma=  107.66 GHz
     lambda(   19)=  0.0071   gamma=  230.20 GHz
     lambda(   20)=  0.0015   gamma=   48.99 GHz
     lambda(   21)=  0.0024   gamma=   83.56 GHz

     Gaussian Broadening:   0.040 Ry, ngauss=   0
     DOS =  3.369148 states/spin/Ry/Unit Cell at Ef= 15.650820 eV
     double delta at Ef =  6.521569
     lambda(    1)= -0.0518   gamma=  234.55 GHz
     lambda(    2)= -0.0928   gamma=  349.07 GHz
     lambda(    3)= -0.0462   gamma=  164.46 GHz
     lambda(    4)= -0.0783   gamma=  248.47 GHz
     lambda(    5)= -0.0412   gamma=   96.20 GHz
     lambda(    6)= -0.0228   gamma=   25.08 GHz
     lambda(    7)= -0.1031   gamma=   94.81 GHz
     lambda(    8)= -0.0312   gamma=   15.18 GHz
     lambda(    9)= -0.5659   gamma=  103.03 GHz
     lambda(   10)=  0.0697   gamma=   58.80 GHz
     lambda(   11)=  0.0530   gamma=   45.20 GHz
     lambda(   12)=  0.0211   gamma=   30.79 GHz
     lambda(   13)=  0.0488   gamma=  131.32 GHz
     lambda(   14)=  0.0569   gamma=  173.51 GHz
     lambda(   15)=  0.0316   gamma=  125.67 GHz
     lambda(   16)=  0.0034   gamma=  100.58 GHz
     lambda(   17)=  0.0057   gamma=  178.49 GHz
     lambda(   18)=  0.0038   gamma=  120.86 GHz
     lambda(   19)=  0.0069   gamma=  222.20 GHz
     lambda(   20)=  0.0016   gamma=   51.15 GHz
     lambda(   21)=  0.0023   gamma=   77.80 GHz

     Gaussian Broadening:   0.045 Ry, ngauss=   0
     DOS =  3.349176 states/spin/Ry/Unit Cell at Ef= 15.649825 eV
     double delta at Ef =  6.857880
     lambda(    1)= -0.0524   gamma=  236.00 GHz
     lambda(    2)= -0.0919   gamma=  343.64 GHz
     lambda(    3)= -0.0489   gamma=  173.14 GHz
     lambda(    4)= -0.0820   gamma=  258.63 GHz
     lambda(    5)= -0.0509   gamma=  118.21 GHz
     lambda(    6)= -0.0255   gamma=   27.95 GHz
     lambda(    7)= -0.1347   gamma=  123.08 GHz
     lambda(    8)= -0.0342   gamma=   16.52 GHz
     lambda(    9)= -0.5902   gamma=  106.82 GHz
     lambda(   10)=  0.0712   gamma=   59.71 GHz
     lambda(   11)=  0.0553   gamma=   46.86 GHz
     lambda(   12)=  0.0234   gamma=   34.04 GHz
     lambda(   13)=  0.0538   gamma=  143.83 GHz
     lambda(   14)=  0.0583   gamma=  176.71 GHz
     lambda(   15)=  0.0346   gamma=  136.69 GHz
     lambda(   16)=  0.0040   gamma=  115.71 GHz
     lambda(   17)=  0.0059   gamma=  182.14 GHz
     lambda(   18)=  0.0044   gamma=  137.35 GHz
     lambda(   19)=  0.0068   gamma=  218.95 GHz
     lambda(   20)=  0.0017   gamma=   53.99 GHz
     lambda(   21)=  0.0022   gamma=   74.13 GHz

     Gaussian Broadening:   0.050 Ry, ngauss=   0
     DOS =  3.323029 states/spin/Ry/Unit Cell at Ef= 15.648844 eV
     double delta at Ef =  7.303863
     lambda(    1)= -0.0540   gamma=  241.16 GHz
     lambda(    2)= -0.0920   gamma=  341.54 GHz
     lambda(    3)= -0.0520   gamma=  182.76 GHz
     lambda(    4)= -0.0860   gamma=  269.16 GHz
     lambda(    5)= -0.0635   gamma=  146.39 GHz
     lambda(    6)= -0.0295   gamma=   32.04 GHz
     lambda(    7)= -0.1762   gamma=  159.74 GHz
     lambda(    8)= -0.0384   gamma=   18.41 GHz
     lambda(    9)= -0.6250   gamma=  112.23 GHz
     lambda(   10)=  0.0743   gamma=   61.83 GHz
     lambda(   11)=  0.0587   gamma=   49.39 GHz
     lambda(   12)=  0.0268   gamma=   38.68 GHz
     lambda(   13)=  0.0598   gamma=  158.65 GHz
     lambda(   14)=  0.0606   gamma=  182.04 GHz
     lambda(   15)=  0.0387   gamma=  151.60 GHz
     lambda(   16)=  0.0047   gamma=  136.03 GHz
     lambda(   17)=  0.0061   gamma=  185.72 GHz
     lambda(   18)=  0.0050   gamma=  156.61 GHz
     lambda(   19)=  0.0069   gamma=  219.60 GHz
     lambda(   20)=  0.0018   gamma=   57.58 GHz
     lambda(   21)=  0.0021   gamma=   72.35 GHz

     Calculation of q =    0.5000000   0.0000000  -0.5000000

     Parallelization info
     --------------------
     sticks:   dense  smooth     PW     G-vecs:    dense   smooth      PW
     Min         311     155     55                 6969     2475     530
     Max         312     156     56                 6972     2478     531
     Sum        1247     623    221                27883     9909    2123

     Using Slab Decomposition


     Title: 
     MgH6 sodalite el-ph 2x2x2 q (triangulate #3, Tc~263K predicted)            


     bravais-lattice index     =            3
     lattice parameter (alat)  =       5.8790  a.u.
     unit-cell volume          =     101.5969 (a.u.)^3
     number of atoms/cell      =            7
     number of atomic types    =            2
     number of electrons       =        16.00
     number of Kohn-Sham states=           12
     kinetic-energy cutoff     =      80.0000  Ry
     charge density cutoff     =     640.0000  Ry
     Exchange-correlation= PBE
                           (   1   4   3   4   0   0   0)

     celldm(1)=   5.879000  celldm(2)=   0.000000  celldm(3)=   0.000000
     celldm(4)=   0.000000  celldm(5)=   0.000000  celldm(6)=   0.000000

     crystal axes: (cart. coord. in units of alat)
               a(1) = (   0.500000   0.500000   0.500000 )  
               a(2) = (  -0.500000   0.500000   0.500000 )  
               a(3) = (  -0.500000  -0.500000   0.500000 )  

     reciprocal axes: (cart. coord. in units 2 pi/alat)
               b(1) = (  1.000000  0.000000  1.000000 )  
               b(2) = ( -1.000000  1.000000  0.000000 )  
               b(3) = (  0.000000 -1.000000  1.000000 )  


     PseudoPot. # 1 for Mg read from file:
     ./pseudo/Mg.pbe-spnl-rrkjus_psl.1.0.0.UPF
     MD5 check sum: 9996ca2d31208a261ae42168ce6c5fae
     Pseudo is Ultrasoft + core correction, Zval = 10.0
     Generated using &quot;atomic&quot; code by A. Dal Corso  v.6.3
     Using radial grid of 1129 points,  4 beta functions with: 
                l(1) =   0
                l(2) =   0
                l(3) =   1
                l(4) =   1
     Q(r) pseudized with 0 coefficients 


     PseudoPot. # 2 for H  read from file:
     ./pseudo/H.pbe-rrkjus_psl.1.0.0.UPF
     MD5 check sum: 3f4114867bd07edc7f1424d066fc1888
     Pseudo is Ultrasoft, Zval =  1.0
     Generated using &quot;atomic&quot; code by A. Dal Corso  v.6.3MaX
     Using radial grid of  929 points,  2 beta functions with: 
                l(1) =   0
                l(2) =   0
     Q(r) pseudized with 0 coefficients 


     atomic species   valence    mass     pseudopotential
     Mg               10.00    24.30500     Mg( 1.00)
     H                 1.00     1.00800     H ( 1.00)

      6 Sym. Ops., with inversion, found



   Cartesian axes

     site n.     atom                  positions (alat units)
         1        Mg     tau(   1) = (   0.0000000   0.0000000   0.0000000  )
         2        H      tau(   2) = (  -0.1250000   0.3750000   0.3750000  )
         3        H      tau(   3) = (   0.1250000   0.1250000   0.3750000  )
         4        H      tau(   4) = (  -0.3750000  -0.1250000   0.3750000  )
         5        H      tau(   5) = (   0.1250000   0.6250000   0.6250000  )
         6        H      tau(   6) = (  -0.1250000  -0.1250000   0.6250000  )
         7        H      tau(   7) = (  -0.6250000   0.1250000   0.6250000  )

     number of k points=  4104  Methfessel-Paxton smearing, width (Ry)=  0.0200

     Number of k-points >= 100: set verbosity='high' to print them.

     Dense  grid:    27883 G-vectors     FFT dimensions: (  45,  45,  45)

     Smooth grid:     9909 G-vectors     FFT dimensions: (  30,  30,  30)

     Estimated max dynamical RAM per process >       9.31 MB

     Estimated total dynamical RAM >      37.25 MB

     Check: negative core charge=   -0.000006

     The potential is recalculated from file :
     ./out/_ph0/mgh6.q_3/mgh6.save/charge-density

     Starting wfcs are   11 atomic +    1 random wfcs

     Band Structure Calculation
     Davidson diagonalization with overlap

     ethr =  6.25E-11,  avg # of iterations = 13.6

     total cpu time spent up to now is       91.7 secs

     End of band structure calculation

     Number of k-points >= 100: set verbosity='high' to print the bands.

     the Fermi energy is    15.6523 ev

     Writing config to output data dir ./out/_ph0/mgh6.q_3/mgh6.save/ :
     XML data file

     MgH6 sodalite el-ph 2x2x2 q (triangulate #3, Tc~263K predicted)            

     bravais-lattice index     =            3
     lattice parameter (alat)  =       5.8790  a.u.
     unit-cell volume          =     101.5969 (a.u.)^3
     number of atoms/cell      =            7
     number of atomic types    =            2
     kinetic-energy cut-off    =      80.0000  Ry
     charge density cut-off    =     640.0000  Ry
     convergence threshold     =      1.0E-14
     beta                      =       0.3000
     number of iterations used =            4
     Exchange-correlation= PBE
                           (   1   4   3   4   0   0   0)


     celldm(1)=    5.87900  celldm(2)=    0.00000  celldm(3)=    0.00000
     celldm(4)=    0.00000  celldm(5)=    0.00000  celldm(6)=    0.00000

     crystal axes: (cart. coord. in units of alat)
               a(1) = (  0.5000  0.5000  0.5000 )  
               a(2) = ( -0.5000  0.5000  0.5000 )  
               a(3) = ( -0.5000 -0.5000  0.5000 )  

     reciprocal axes: (cart. coord. in units 2 pi/alat)
               b(1) = (  1.0000  0.0000  1.0000 )  
               b(2) = ( -1.0000  1.0000  0.0000 )  
               b(3) = (  0.0000 -1.0000  1.0000 )  


     Atoms inside the unit cell: 

     Cartesian axes

     site n.  atom      mass           positions (alat units)
        1  Mg     24.3050   tau(    1) = (    0.00000    0.00000    0.00000  )
        2  H       1.0080   tau(    2) = (   -0.12500    0.37500    0.37500  )
        3  H       1.0080   tau(    3) = (    0.12500    0.12500    0.37500  )
        4  H       1.0080   tau(    4) = (   -0.37500   -0.12500    0.37500  )
        5  H       1.0080   tau(    5) = (    0.12500    0.62500    0.62500  )
        6  H       1.0080   tau(    6) = (   -0.12500   -0.12500    0.62500  )
        7  H       1.0080   tau(    7) = (   -0.62500    0.12500    0.62500  )

     Computing dynamical matrix for 
                    q = (   0.5000000   0.0000000  -0.5000000 )

      3 Sym.Ops. (with q -> -q+G )


     G cutoff =  560.3084  (   6972 G-vectors)     FFT grid: ( 45, 45, 45)
     G cutoff =  280.1542  (   2478 G-vectors)  smooth grid: ( 30, 30, 30)

     number of k points=  4104  Methfessel-Paxton smearing, width (Ry)=  0.0200

     PseudoPot. # 1 for Mg read from file:
     ./pseudo/Mg.pbe-spnl-rrkjus_psl.1.0.0.UPF
     MD5 check sum: 9996ca2d31208a261ae42168ce6c5fae
     Pseudo is Ultrasoft + core correction, Zval = 10.0
     Generated using &quot;atomic&quot; code by A. Dal Corso  v.6.3
     Using radial grid of 1129 points,  4 beta functions with: 
                l(1) =   0
                l(2) =   0
                l(3) =   1
                l(4) =   1
     Q(r) pseudized with 0 coefficients 


     PseudoPot. # 2 for H  read from file:
     ./pseudo/H.pbe-rrkjus_psl.1.0.0.UPF
     MD5 check sum: 3f4114867bd07edc7f1424d066fc1888
     Pseudo is Ultrasoft, Zval =  1.0
     Generated using &quot;atomic&quot; code by A. Dal Corso  v.6.3MaX
     Using radial grid of  929 points,  2 beta functions with: 
                l(1) =   0
                l(2) =   0
     Q(r) pseudized with 0 coefficients 


     Mode symmetry, C_i (-1)    point group:


     Atomic displacements:
     There are   21 irreducible representations

     Representation     1      1 modes -  To be done

     Representation     2      1 modes -  To be done

     Representation     3      1 modes -  To be done

     Representation     4      1 modes -  To be done

     Representation     5      1 modes -  To be done

     Representation     6      1 modes -  To be done

     Representation     7      1 modes -  To be done

     Representation     8      1 modes -  To be done

     Representation     9      1 modes -  To be done

     Representation    10      1 modes -  To be done

     Representation    11      1 modes -  To be done

     Representation    12      1 modes -  To be done

     Representation    13      1 modes -  To be done

     Representation    14      1 modes -  To be done

     Representation    15      1 modes -  To be done

     Representation    16      1 modes -  To be done

     Representation    17      1 modes -  To be done

     Representation    18      1 modes -  To be done

     Representation    19      1 modes -  To be done

     Representation    20      1 modes -  To be done

     Representation    21      1 modes -  To be done



     Alpha used in Ewald sum =   2.8000
     PHONON       :      1h 4m CPU      1h 9m WALL



     Representation #   1 mode #   1

     Self-consistent Calculation

      iter #   1 total cpu time :  4173.8 secs   av.it.:   4.8
      thresh= 1.000E-02 alpha_mix =  0.300 |ddv_scf|^2 =  4.823E-07

      iter #   2 total cpu time :  4191.6 secs   av.it.:  10.8
      thresh= 6.945E-05 alpha_mix =  0.300 |ddv_scf|^2 =  2.925E-08

      iter #   3 total cpu time :  4209.1 secs   av.it.:  10.6
      thresh= 1.710E-05 alpha_mix =  0.300 |ddv_scf|^2 =  8.176E-09

      iter #   4 total cpu time :  4227.8 secs   av.it.:  11.5
      thresh= 9.042E-06 alpha_mix =  0.300 |ddv_scf|^2 =  2.402E-10

      iter #   5 total cpu time :  4246.8 secs   av.it.:  11.8
      thresh= 1.550E-06 alpha_mix =  0.300 |ddv_scf|^2 =  5.332E-12

      iter #   6 total cpu time :  4264.9 secs   av.it.:  11.1
      thresh= 2.309E-07 alpha_mix =  0.300 |ddv_scf|^2 =  1.221E-12

      iter #   7 total cpu time :  4283.6 secs   av.it.:  11.6
      thresh= 1.105E-07 alpha_mix =  0.300 |ddv_scf|^2 =  3.723E-14

      iter #   8 total cpu time :  4301.9 secs   av.it.:  11.2
      thresh= 1.929E-08 alpha_mix =  0.300 |ddv_scf|^2 =  1.179E-14

      iter #   9 total cpu time :  4321.1 secs   av.it.:  12.0
      thresh= 1.086E-08 alpha_mix =  0.300 |ddv_scf|^2 =  4.815E-16

     End of self-consistent calculation

     Convergence has been achieved 


     Representation #   2 mode #   2

     Self-consistent Calculation

      iter #   1 total cpu time :  4334.6 secs   av.it.:   5.1
      thresh= 1.000E-02 alpha_mix =  0.300 |ddv_scf|^2 =  1.669E-06

      iter #   2 total cpu time :  4351.9 secs   av.it.:  10.5
      thresh= 1.292E-04 alpha_mix =  0.300 |ddv_scf|^2 =  6.990E-09

      iter #   3 total cpu time :  4369.8 secs   av.it.:  11.0
      thresh= 8.361E-06 alpha_mix =  0.300 |ddv_scf|^2 =  1.589E-09

      iter #   4 total cpu time :  4388.6 secs   av.it.:  11.7
      thresh= 3.986E-06 alpha_mix =  0.300 |ddv_scf|^2 =  1.123E-10

      iter #   5 total cpu time :  4407.4 secs   av.it.:  11.7
      thresh= 1.060E-06 alpha_mix =  0.300 |ddv_scf|^2 =  1.427E-12

      iter #   6 total cpu time :  4425.6 secs   av.it.:  11.4
      thresh= 1.194E-07 alpha_mix =  0.300 |ddv_scf|^2 =  4.804E-13

      iter #   7 total cpu time :  4444.7 secs   av.it.:  12.1
      thresh= 6.931E-08 alpha_mix =  0.300 |ddv_scf|^2 =  1.707E-14

      iter #   8 total cpu time :  4463.6 secs   av.it.:  11.9
      thresh= 1.307E-08 alpha_mix =  0.300 |ddv_scf|^2 =  4.180E-15

     End of self-consistent calculation

     Convergence has been achieved 


     Representation #   3 mode #   3

     Self-consistent Calculation

      iter #   1 total cpu time :  4476.8 secs   av.it.:   4.8
      thresh= 1.000E-02 alpha_mix =  0.300 |ddv_scf|^2 =  1.354E-07

      iter #   2 total cpu time :  4495.0 secs   av.it.:  11.2
      thresh= 3.680E-05 alpha_mix =  0.300 |ddv_scf|^2 =  2.860E-08

      iter #   3 total cpu time :  4513.2 secs   av.it.:  11.2
      thresh= 1.691E-05 alpha_mix =  0.300 |ddv_scf|^2 =  5.702E-09

      iter #   4 total cpu time :  4531.7 secs   av.it.:  11.5
      thresh= 7.551E-06 alpha_mix =  0.300 |ddv_scf|^2 =  2.884E-10

      iter #   5 total cpu time :  4551.0 secs   av.it.:  12.1
      thresh= 1.698E-06 alpha_mix =  0.300 |ddv_scf|^2 =  7.539E-12

      iter #   6 total cpu time :  4569.7 secs   av.it.:  11.7
      thresh= 2.746E-07 alpha_mix =  0.300 |ddv_scf|^2 =  8.738E-13

      iter #   7 total cpu time :  4588.3 secs   av.it.:  11.6
      thresh= 9.348E-08 alpha_mix =  0.300 |ddv_scf|^2 =  6.023E-14

      iter #   8 total cpu time :  4606.4 secs   av.it.:  11.2
      thresh= 2.454E-08 alpha_mix =  0.300 |ddv_scf|^2 =  1.656E-14

      iter #   9 total cpu time :  4625.4 secs   av.it.:  12.0
      thresh= 1.287E-08 alpha_mix =  0.300 |ddv_scf|^2 =  8.180E-16

     End of self-consistent calculation

     Convergence has been achieved 


     Representation #   4 mode #   4

     Self-consistent Calculation

      iter #   1 total cpu time :  4639.2 secs   av.it.:   5.4
      thresh= 1.000E-02 alpha_mix =  0.300 |ddv_scf|^2 =  3.309E-06

      iter #   2 total cpu time :  4656.5 secs   av.it.:  10.5
      thresh= 1.819E-04 alpha_mix =  0.300 |ddv_scf|^2 =  1.665E-08

      iter #   3 total cpu time :  4674.7 secs   av.it.:  11.2
      thresh= 1.290E-05 alpha_mix =  0.300 |ddv_scf|^2 =  3.955E-09

      iter #   4 total cpu time :  4693.9 secs   av.it.:  12.0
      thresh= 6.289E-06 alpha_mix =  0.300 |ddv_scf|^2 =  9.602E-11

      iter #   5 total cpu time :  4713.1 secs   av.it.:  12.1
      thresh= 9.799E-07 alpha_mix =  0.300 |ddv_scf|^2 =  3.770E-12

      iter #   6 total cpu time :  4731.2 secs   av.it.:  11.2
      thresh= 1.942E-07 alpha_mix =  0.300 |ddv_scf|^2 =  9.322E-13

      iter #   7 total cpu time :  4750.5 secs   av.it.:  12.1
      thresh= 9.655E-08 alpha_mix =  0.300 |ddv_scf|^2 =  1.760E-14

      iter #   8 total cpu time :  4768.4 secs   av.it.:  11.1
      thresh= 1.327E-08 alpha_mix =  0.300 |ddv_scf|^2 =  5.841E-15

     End of self-consistent calculation

     Convergence has been achieved 


     Representation #   5 mode #   5

     Self-consistent Calculation

      iter #   1 total cpu time :  4782.1 secs   av.it.:   5.2
      thresh= 1.000E-02 alpha_mix =  0.300 |ddv_scf|^2 =  1.147E-07

      iter #   2 total cpu time :  4800.3 secs   av.it.:  11.3
      thresh= 3.387E-05 alpha_mix =  0.300 |ddv_scf|^2 =  2.958E-08

      iter #   3 total cpu time :  4818.5 secs   av.it.:  11.3
      thresh= 1.720E-05 alpha_mix =  0.300 |ddv_scf|^2 =  3.918E-09

      iter #   4 total cpu time :  4837.2 secs   av.it.:  11.6
      thresh= 6.259E-06 alpha_mix =  0.300 |ddv_scf|^2 =  2.597E-10

      iter #   5 total cpu time :  4856.5 secs   av.it.:  12.1
      thresh= 1.612E-06 alpha_mix =  0.300 |ddv_scf|^2 =  8.854E-12

      iter #   6 total cpu time :  4875.5 secs   av.it.:  11.9
      thresh= 2.976E-07 alpha_mix =  0.300 |ddv_scf|^2 =  4.559E-13

      iter #   7 total cpu time :  4893.6 secs   av.it.:  11.2
      thresh= 6.752E-08 alpha_mix =  0.300 |ddv_scf|^2 =  4.570E-14

      iter #   8 total cpu time :  4911.9 secs   av.it.:  11.4
      thresh= 2.138E-08 alpha_mix =  0.300 |ddv_scf|^2 =  1.512E-14

      iter #   9 total cpu time :  4931.1 secs   av.it.:  12.1
      thresh= 1.230E-08 alpha_mix =  0.300 |ddv_scf|^2 =  4.370E-16

     End of self-consistent calculation

     Convergence has been achieved 


     Representation #   6 mode #   6

     Self-consistent Calculation

      iter #   1 total cpu time :  4945.4 secs   av.it.:   5.7
      thresh= 1.000E-02 alpha_mix =  0.300 |ddv_scf|^2 =  5.391E-06

      iter #   2 total cpu time :  4962.7 secs   av.it.:  10.5
      thresh= 2.322E-04 alpha_mix =  0.300 |ddv_scf|^2 =  1.727E-08

      iter #   3 total cpu time :  4980.8 secs   av.it.:  11.2
      thresh= 1.314E-05 alpha_mix =  0.300 |ddv_scf|^2 =  3.066E-09

      iter #   4 total cpu time :  4999.7 secs   av.it.:  11.9
      thresh= 5.537E-06 alpha_mix =  0.300 |ddv_scf|^2 =  1.523E-10

      iter #   5 total cpu time :  5018.5 secs   av.it.:  11.7
      thresh= 1.234E-06 alpha_mix =  0.300 |ddv_scf|^2 =  3.067E-12

      iter #   6 total cpu time :  5036.5 secs   av.it.:  11.2
      thresh= 1.751E-07 alpha_mix =  0.300 |ddv_scf|^2 =  9.618E-13

      iter #   7 total cpu time :  5055.5 secs   av.it.:  12.0
      thresh= 9.807E-08 alpha_mix =  0.300 |ddv_scf|^2 =  3.051E-14

      iter #   8 total cpu time :  5075.0 secs   av.it.:  12.3
      thresh= 1.747E-08 alpha_mix =  0.300 |ddv_scf|^2 =  1.245E-15

     End of self-consistent calculation

     Convergence has been achieved 


     Representation #   7 mode #   7

     Self-consistent Calculation

      iter #   1 total cpu time :  5088.8 secs   av.it.:   5.3
      thresh= 1.000E-02 alpha_mix =  0.300 |ddv_scf|^2 =  3.414E-06

      iter #   2 total cpu time :  5106.0 secs   av.it.:  10.5
      thresh= 1.848E-04 alpha_mix =  0.300 |ddv_scf|^2 =  1.491E-08

      iter #   3 total cpu time :  5124.1 secs   av.it.:  11.2
      thresh= 1.221E-05 alpha_mix =  0.300 |ddv_scf|^2 =  3.505E-09

      iter #   4 total cpu time :  5143.1 secs   av.it.:  11.9
      thresh= 5.921E-06 alpha_mix =  0.300 |ddv_scf|^2 =  1.488E-10

      iter #   5 total cpu time :  5161.7 secs   av.it.:  11.5
      thresh= 1.220E-06 alpha_mix =  0.300 |ddv_scf|^2 =  4.620E-12

      iter #   6 total cpu time :  5179.4 secs   av.it.:  10.9
      thresh= 2.149E-07 alpha_mix =  0.300 |ddv_scf|^2 =  1.349E-12

      iter #   7 total cpu time :  5198.3 secs   av.it.:  11.8
      thresh= 1.162E-07 alpha_mix =  0.300 |ddv_scf|^2 =  1.607E-14

      iter #   8 total cpu time :  5217.2 secs   av.it.:  11.8
      thresh= 1.267E-08 alpha_mix =  0.300 |ddv_scf|^2 =  4.882E-15

     End of self-consistent calculation

     Convergence has been achieved 


     Representation #   8 mode #   8

     Self-consistent Calculation

      iter #   1 total cpu time :  5230.7 secs   av.it.:   5.1
      thresh= 1.000E-02 alpha_mix =  0.300 |ddv_scf|^2 =  1.612E-07

      iter #   2 total cpu time :  5249.0 secs   av.it.:  11.3
      thresh= 4.015E-05 alpha_mix =  0.300 |ddv_scf|^2 =  2.821E-08

      iter #   3 total cpu time :  5267.1 secs   av.it.:  11.2
      thresh= 1.680E-05 alpha_mix =  0.300 |ddv_scf|^2 =  5.885E-09

      iter #   4 total cpu time :  5285.7 secs   av.it.:  11.6
      thresh= 7.672E-06 alpha_mix =  0.300 |ddv_scf|^2 =  2.024E-10

      iter #   5 total cpu time :  5305.1 secs   av.it.:  12.2
      thresh= 1.423E-06 alpha_mix =  0.300 |ddv_scf|^2 =  8.098E-12

      iter #   6 total cpu time :  5323.8 secs   av.it.:  11.7
      thresh= 2.846E-07 alpha_mix =  0.300 |ddv_scf|^2 =  7.558E-13

      iter #   7 total cpu time :  5342.6 secs   av.it.:  11.6
      thresh= 8.693E-08 alpha_mix =  0.300 |ddv_scf|^2 =  7.799E-14

      iter #   8 total cpu time :  5361.2 secs   av.it.:  11.6
      thresh= 2.793E-08 alpha_mix =  0.300 |ddv_scf|^2 =  1.049E-14

      iter #   9 total cpu time :  5380.4 secs   av.it.:  12.0
      thresh= 1.024E-08 alpha_mix =  0.300 |ddv_scf|^2 =  9.325E-16

     End of self-consistent calculation

     Convergence has been achieved 


     Representation #   9 mode #   9

     Self-consistent Calculation

      iter #   1 total cpu time :  5393.5 secs   av.it.:   4.9
      thresh= 1.000E-02 alpha_mix =  0.300 |ddv_scf|^2 =  3.375E-07

      iter #   2 total cpu time :  5411.3 secs   av.it.:  10.8
      thresh= 5.809E-05 alpha_mix =  0.300 |ddv_scf|^2 =  4.881E-08

      iter #   3 total cpu time :  5429.1 secs   av.it.:  11.0
      thresh= 2.209E-05 alpha_mix =  0.300 |ddv_scf|^2 =  1.113E-08

      iter #   4 total cpu time :  5447.6 secs   av.it.:  11.4
      thresh= 1.055E-05 alpha_mix =  0.300 |ddv_scf|^2 =  2.530E-10

      iter #   5 total cpu time :  5466.9 secs   av.it.:  12.2
      thresh= 1.591E-06 alpha_mix =  0.300 |ddv_scf|^2 =  6.313E-12

      iter #   6 total cpu time :  5484.8 secs   av.it.:  11.0
      thresh= 2.513E-07 alpha_mix =  0.300 |ddv_scf|^2 =  1.652E-12

      iter #   7 total cpu time :  5503.8 secs   av.it.:  11.9
      thresh= 1.285E-07 alpha_mix =  0.300 |ddv_scf|^2 =  3.477E-14

      iter #   8 total cpu time :  5522.7 secs   av.it.:  11.9
      thresh= 1.865E-08 alpha_mix =  0.300 |ddv_scf|^2 =  4.359E-15

     End of self-consistent calculation

     Convergence has been achieved 


     Representation #  10 mode #  10

     Self-consistent Calculation

      iter #   1 total cpu time :  5535.9 secs   av.it.:   5.0
      thresh= 1.000E-02 alpha_mix =  0.300 |ddv_scf|^2 =  1.618E-07

      iter #   2 total cpu time :  5553.9 secs   av.it.:  11.1
      thresh= 4.023E-05 alpha_mix =  0.300 |ddv_scf|^2 =  4.632E-08

      iter #   3 total cpu time :  5572.0 secs   av.it.:  11.2
      thresh= 2.152E-05 alpha_mix =  0.300 |ddv_scf|^2 =  4.112E-09

      iter #   4 total cpu time :  5590.4 secs   av.it.:  11.4
      thresh= 6.412E-06 alpha_mix =  0.300 |ddv_scf|^2 =  3.616E-10

      iter #   5 total cpu time :  5609.2 secs   av.it.:  11.7
      thresh= 1.902E-06 alpha_mix =  0.300 |ddv_scf|^2 =  1.148E-11

      iter #   6 total cpu time :  5627.7 secs   av.it.:  11.5
      thresh= 3.388E-07 alpha_mix =  0.300 |ddv_scf|^2 =  3.575E-13

      iter #   7 total cpu time :  5646.2 secs   av.it.:  11.4
      thresh= 5.979E-08 alpha_mix =  0.300 |ddv_scf|^2 =  3.221E-14

      iter #   8 total cpu time :  5664.3 secs   av.it.:  11.3
      thresh= 1.795E-08 alpha_mix =  0.300 |ddv_scf|^2 =  9.167E-15

     End of self-consistent calculation

     Convergence has been achieved 


     Representation #  11 mode #  11

     Self-consistent Calculation

      iter #   1 total cpu time :  5677.7 secs   av.it.:   5.1
      thresh= 1.000E-02 alpha_mix =  0.300 |ddv_scf|^2 =  2.193E-06

      iter #   2 total cpu time :  5695.1 secs   av.it.:  10.6
      thresh= 1.481E-04 alpha_mix =  0.300 |ddv_scf|^2 =  5.385E-08

      iter #   3 total cpu time :  5712.5 secs   av.it.:  10.7
      thresh= 2.321E-05 alpha_mix =  0.300 |ddv_scf|^2 =  5.250E-09

      iter #   4 total cpu time :  5730.8 secs   av.it.:  11.4
      thresh= 7.246E-06 alpha_mix =  0.300 |ddv_scf|^2 =  2.929E-10

      iter #   5 total cpu time :  5749.6 secs   av.it.:  11.8
      thresh= 1.711E-06 alpha_mix =  0.300 |ddv_scf|^2 =  5.097E-12

      iter #   6 total cpu time :  5767.6 secs   av.it.:  11.2
      thresh= 2.258E-07 alpha_mix =  0.300 |ddv_scf|^2 =  1.554E-12

      iter #   7 total cpu time :  5786.2 secs   av.it.:  11.7
      thresh= 1.247E-07 alpha_mix =  0.300 |ddv_scf|^2 =  2.030E-14

      iter #   8 total cpu time :  5804.2 secs   av.it.:  11.2
      thresh= 1.425E-08 alpha_mix =  0.300 |ddv_scf|^2 =  5.142E-15

     End of self-consistent calculation

     Convergence has been achieved 


     Representation #  12 mode #  12

     Self-consistent Calculation

      iter #   1 total cpu time :  5823.2 secs   av.it.:   9.4
      thresh= 1.000E-02 alpha_mix =  0.300 |ddv_scf|^2 =  3.168E-04

      iter #   2 total cpu time :  5840.8 secs   av.it.:  10.8
      thresh= 1.780E-03 alpha_mix =  0.300 |ddv_scf|^2 =  1.246E-05

      iter #   3 total cpu time :  5858.8 secs   av.it.:  11.1
      thresh= 3.529E-04 alpha_mix =  0.300 |ddv_scf|^2 =  2.822E-06

      iter #   4 total cpu time :  5877.8 secs   av.it.:  11.9
      thresh= 1.680E-04 alpha_mix =  0.300 |ddv_scf|^2 =  1.025E-07

      iter #   5 total cpu time :  5897.1 secs   av.it.:  12.2
      thresh= 3.201E-05 alpha_mix =  0.300 |ddv_scf|^2 =  9.005E-10

      iter #   6 total cpu time :  5915.2 secs   av.it.:  11.2
      thresh= 3.001E-06 alpha_mix =  0.300 |ddv_scf|^2 =  3.727E-10

      iter #   7 total cpu time :  5933.8 secs   av.it.:  11.6
      thresh= 1.931E-06 alpha_mix =  0.300 |ddv_scf|^2 =  2.749E-12

      iter #   8 total cpu time :  5952.9 secs   av.it.:  12.0
      thresh= 1.658E-07 alpha_mix =  0.300 |ddv_scf|^2 =  2.325E-13

      iter #   9 total cpu time :  5971.5 secs   av.it.:  11.5
      thresh= 4.822E-08 alpha_mix =  0.300 |ddv_scf|^2 =  6.917E-14

      iter #  10 total cpu time :  5990.7 secs   av.it.:  12.1
      thresh= 2.630E-08 alpha_mix =  0.300 |ddv_scf|^2 =  1.991E-15

     End of self-consistent calculation

     Convergence has been achieved 


     Representation #  13 mode #  13

     Self-consistent Calculation

      iter #   1 total cpu time :  6004.0 secs   av.it.:   5.0
      thresh= 1.000E-02 alpha_mix =  0.300 |ddv_scf|^2 =  1.424E-06

      iter #   2 total cpu time :  6021.4 secs   av.it.:  10.6
      thresh= 1.193E-04 alpha_mix =  0.300 |ddv_scf|^2 =  4.283E-08

      iter #   3 total cpu time :  6038.9 secs   av.it.:  10.8
      thresh= 2.070E-05 alpha_mix =  0.300 |ddv_scf|^2 =  7.027E-09

      iter #   4 total cpu time :  6057.2 secs   av.it.:  11.3
      thresh= 8.383E-06 alpha_mix =  0.300 |ddv_scf|^2 =  3.230E-10

      iter #   5 total cpu time :  6075.8 secs   av.it.:  11.6
      thresh= 1.797E-06 alpha_mix =  0.300 |ddv_scf|^2 =  6.860E-12

      iter #   6 total cpu time :  6093.3 secs   av.it.:  10.7
      thresh= 2.619E-07 alpha_mix =  0.300 |ddv_scf|^2 =  2.307E-12

      iter #   7 total cpu time :  6111.7 secs   av.it.:  11.4
      thresh= 1.519E-07 alpha_mix =  0.300 |ddv_scf|^2 =  2.414E-14

      iter #   8 total cpu time :  6130.0 secs   av.it.:  11.4
      thresh= 1.554E-08 alpha_mix =  0.300 |ddv_scf|^2 =  4.551E-15

     End of self-consistent calculation

     Convergence has been achieved 


     Representation #  14 mode #  14

     Self-consistent Calculation

      iter #   1 total cpu time :  6143.4 secs   av.it.:   5.1
      thresh= 1.000E-02 alpha_mix =  0.300 |ddv_scf|^2 =  1.175E-06

      iter #   2 total cpu time :  6161.0 secs   av.it.:  10.8
      thresh= 1.084E-04 alpha_mix =  0.300 |ddv_scf|^2 =  4.749E-08

      iter #   3 total cpu time :  6178.8 secs   av.it.:  10.9
      thresh= 2.179E-05 alpha_mix =  0.300 |ddv_scf|^2 =  9.186E-09

      iter #   4 total cpu time :  6197.2 secs   av.it.:  11.5
      thresh= 9.584E-06 alpha_mix =  0.300 |ddv_scf|^2 =  4.055E-10

      iter #   5 total cpu time :  6216.2 secs   av.it.:  11.9
      thresh= 2.014E-06 alpha_mix =  0.300 |ddv_scf|^2 =  6.395E-12

      iter #   6 total cpu time :  6233.8 secs   av.it.:  10.9
      thresh= 2.529E-07 alpha_mix =  0.300 |ddv_scf|^2 =  2.167E-12

      iter #   7 total cpu time :  6252.4 secs   av.it.:  11.5
      thresh= 1.472E-07 alpha_mix =  0.300 |ddv_scf|^2 =  3.114E-14

      iter #   8 total cpu time :  6271.2 secs   av.it.:  11.8
      thresh= 1.765E-08 alpha_mix =  0.300 |ddv_scf|^2 =  1.689E-15

     End of self-consistent calculation

     Convergence has been achieved 


     Representation #  15 mode #  15

     Self-consistent Calculation

      iter #   1 total cpu time :  6290.0 secs   av.it.:   9.3
      thresh= 1.000E-02 alpha_mix =  0.300 |ddv_scf|^2 =  2.086E-04

      iter #   2 total cpu time :  6307.7 secs   av.it.:  10.9
      thresh= 1.444E-03 alpha_mix =  0.300 |ddv_scf|^2 =  1.141E-05

      iter #   3 total cpu time :  6325.7 secs   av.it.:  11.1
      thresh= 3.378E-04 alpha_mix =  0.300 |ddv_scf|^2 =  3.038E-06

      iter #   4 total cpu time :  6344.6 secs   av.it.:  11.9
      thresh= 1.743E-04 alpha_mix =  0.300 |ddv_scf|^2 =  1.145E-07

      iter #   5 total cpu time :  6364.0 secs   av.it.:  12.2
      thresh= 3.383E-05 alpha_mix =  0.300 |ddv_scf|^2 =  1.502E-09

      iter #   6 total cpu time :  6382.4 secs   av.it.:  11.4
      thresh= 3.875E-06 alpha_mix =  0.300 |ddv_scf|^2 =  4.491E-10

      iter #   7 total cpu time :  6401.4 secs   av.it.:  11.9
      thresh= 2.119E-06 alpha_mix =  0.300 |ddv_scf|^2 =  1.392E-11

      iter #   8 total cpu time :  6420.1 secs   av.it.:  11.6
      thresh= 3.731E-07 alpha_mix =  0.300 |ddv_scf|^2 =  4.445E-13

      iter #   9 total cpu time :  6438.6 secs   av.it.:  11.5
      thresh= 6.667E-08 alpha_mix =  0.300 |ddv_scf|^2 =  9.682E-14

      iter #  10 total cpu time :  6457.5 secs   av.it.:  11.9
      thresh= 3.112E-08 alpha_mix =  0.300 |ddv_scf|^2 =  8.264E-15

     End of self-consistent calculation

     Convergence has been achieved 


     Representation #  16 mode #  16

     Self-consistent Calculation

      iter #   1 total cpu time :  6471.5 secs   av.it.:   5.5
      thresh= 1.000E-02 alpha_mix =  0.300 |ddv_scf|^2 =  7.667E-08

      iter #   2 total cpu time :  6489.6 secs   av.it.:  11.2
      thresh= 2.769E-05 alpha_mix =  0.300 |ddv_scf|^2 =  1.424E-08

      iter #   3 total cpu time :  6507.6 secs   av.it.:  11.2
      thresh= 1.193E-05 alpha_mix =  0.300 |ddv_scf|^2 =  3.892E-09

      iter #   4 total cpu time :  6526.5 secs   av.it.:  11.9
      thresh= 6.239E-06 alpha_mix =  0.300 |ddv_scf|^2 =  2.860E-10

      iter #   5 total cpu time :  6545.5 secs   av.it.:  11.9
      thresh= 1.691E-06 alpha_mix =  0.300 |ddv_scf|^2 =  5.410E-12

      iter #   6 total cpu time :  6563.8 secs   av.it.:  11.5
      thresh= 2.326E-07 alpha_mix =  0.300 |ddv_scf|^2 =  5.931E-13

      iter #   7 total cpu time :  6582.7 secs   av.it.:  11.8
      thresh= 7.701E-08 alpha_mix =  0.300 |ddv_scf|^2 =  1.932E-14

      iter #   8 total cpu time :  6601.7 secs   av.it.:  11.9
      thresh= 1.390E-08 alpha_mix =  0.300 |ddv_scf|^2 =  5.253E-16

     End of self-consistent calculation

     Convergence has been achieved 


     Representation #  17 mode #  17

     Self-consistent Calculation

      iter #   1 total cpu time :  6615.9 secs   av.it.:   5.7
      thresh= 1.000E-02 alpha_mix =  0.300 |ddv_scf|^2 =  3.067E-06

      iter #   2 total cpu time :  6633.2 secs   av.it.:  10.6
      thresh= 1.751E-04 alpha_mix =  0.300 |ddv_scf|^2 =  7.090E-08

      iter #   3 total cpu time :  6650.8 secs   av.it.:  10.8
      thresh= 2.663E-05 alpha_mix =  0.300 |ddv_scf|^2 =  5.025E-09

      iter #   4 total cpu time :  6669.6 secs   av.it.:  11.8
      thresh= 7.089E-06 alpha_mix =  0.300 |ddv_scf|^2 =  2.331E-10

      iter #   5 total cpu time :  6688.5 secs   av.it.:  11.8
      thresh= 1.527E-06 alpha_mix =  0.300 |ddv_scf|^2 =  7.926E-12

      iter #   6 total cpu time :  6706.7 secs   av.it.:  11.3
      thresh= 2.815E-07 alpha_mix =  0.300 |ddv_scf|^2 =  2.035E-12

      iter #   7 total cpu time :  6725.5 secs   av.it.:  11.9
      thresh= 1.427E-07 alpha_mix =  0.300 |ddv_scf|^2 =  3.018E-14

      iter #   8 total cpu time :  6743.7 secs   av.it.:  11.3
      thresh= 1.737E-08 alpha_mix =  0.300 |ddv_scf|^2 =  8.045E-15

     End of self-consistent calculation

     Convergence has been achieved 


     Representation #  18 mode #  18

     Self-consistent Calculation

      iter #   1 total cpu time :  6758.1 secs   av.it.:   5.9
      thresh= 1.000E-02 alpha_mix =  0.300 |ddv_scf|^2 =  3.055E-07

      iter #   2 total cpu time :  6776.2 secs   av.it.:  11.2
      thresh= 5.527E-05 alpha_mix =  0.300 |ddv_scf|^2 =  3.938E-08

      iter #   3 total cpu time :  6793.9 secs   av.it.:  11.0
      thresh= 1.985E-05 alpha_mix =  0.300 |ddv_scf|^2 =  9.067E-09

      iter #   4 total cpu time :  6812.7 secs   av.it.:  11.8
      thresh= 9.522E-06 alpha_mix =  0.300 |ddv_scf|^2 =  3.999E-10

      iter #   5 total cpu time :  6831.7 secs   av.it.:  11.9
      thresh= 2.000E-06 alpha_mix =  0.300 |ddv_scf|^2 =  8.002E-12

      iter #   6 total cpu time :  6849.8 secs   av.it.:  11.2
      thresh= 2.829E-07 alpha_mix =  0.300 |ddv_scf|^2 =  1.667E-12

      iter #   7 total cpu time :  6868.7 secs   av.it.:  11.8
      thresh= 1.291E-07 alpha_mix =  0.300 |ddv_scf|^2 =  2.585E-14

      iter #   8 total cpu time :  6887.2 secs   av.it.:  11.5
      thresh= 1.608E-08 alpha_mix =  0.300 |ddv_scf|^2 =  4.002E-15

     End of self-consistent calculation

     Convergence has been achieved 


     Representation #  19 mode #  19

     Self-consistent Calculation

      iter #   1 total cpu time :  6899.9 secs   av.it.:   4.5
      thresh= 1.000E-02 alpha_mix =  0.300 |ddv_scf|^2 =  7.466E-08

      iter #   2 total cpu time :  6918.1 secs   av.it.:  11.2
      thresh= 2.732E-05 alpha_mix =  0.300 |ddv_scf|^2 =  1.587E-08

      iter #   3 total cpu time :  6936.1 secs   av.it.:  11.1
      thresh= 1.260E-05 alpha_mix =  0.300 |ddv_scf|^2 =  2.613E-09

      iter #   4 total cpu time :  6954.4 secs   av.it.:  11.4
      thresh= 5.112E-06 alpha_mix =  0.300 |ddv_scf|^2 =  2.725E-10

      iter #   5 total cpu time :  6973.3 secs   av.it.:  11.8
      thresh= 1.651E-06 alpha_mix =  0.300 |ddv_scf|^2 =  4.154E-12

      iter #   6 total cpu time :  6991.6 secs   av.it.:  11.3
      thresh= 2.038E-07 alpha_mix =  0.300 |ddv_scf|^2 =  4.133E-13

      iter #   7 total cpu time :  7010.0 secs   av.it.:  11.5
      thresh= 6.429E-08 alpha_mix =  0.300 |ddv_scf|^2 =  2.225E-14

      iter #   8 total cpu time :  7028.5 secs   av.it.:  11.5
      thresh= 1.492E-08 alpha_mix =  0.300 |ddv_scf|^2 =  2.276E-15

     End of self-consistent calculation

     Convergence has been achieved 


     Representation #  20 mode #  20

     Self-consistent Calculation

      iter #   1 total cpu time :  7042.1 secs   av.it.:   5.2
      thresh= 1.000E-02 alpha_mix =  0.300 |ddv_scf|^2 =  1.711E-07

      iter #   2 total cpu time :  7060.1 secs   av.it.:  11.2
      thresh= 4.137E-05 alpha_mix =  0.300 |ddv_scf|^2 =  2.984E-08

      iter #   3 total cpu time :  7077.9 secs   av.it.:  11.0
      thresh= 1.727E-05 alpha_mix =  0.300 |ddv_scf|^2 =  5.489E-09

      iter #   4 total cpu time :  7096.4 secs   av.it.:  11.5
      thresh= 7.409E-06 alpha_mix =  0.300 |ddv_scf|^2 =  3.989E-10

      iter #   5 total cpu time :  7115.4 secs   av.it.:  11.9
      thresh= 1.997E-06 alpha_mix =  0.300 |ddv_scf|^2 =  6.836E-12

      iter #   6 total cpu time :  7133.7 secs   av.it.:  11.3
      thresh= 2.615E-07 alpha_mix =  0.300 |ddv_scf|^2 =  9.629E-13

      iter #   7 total cpu time :  7152.5 secs   av.it.:  11.8
      thresh= 9.813E-08 alpha_mix =  0.300 |ddv_scf|^2 =  1.815E-14

      iter #   8 total cpu time :  7171.4 secs   av.it.:  11.9
      thresh= 1.347E-08 alpha_mix =  0.300 |ddv_scf|^2 =  1.810E-15

     End of self-consistent calculation

     Convergence has been achieved 


     Representation #  21 mode #  21

     Self-consistent Calculation

      iter #   1 total cpu time :  7189.9 secs   av.it.:   9.1
      thresh= 1.000E-02 alpha_mix =  0.300 |ddv_scf|^2 =  4.796E-05

      iter #   2 total cpu time :  7207.9 secs   av.it.:  11.0
      thresh= 6.926E-04 alpha_mix =  0.300 |ddv_scf|^2 =  9.028E-06

      iter #   3 total cpu time :  7226.0 secs   av.it.:  11.2
      thresh= 3.005E-04 alpha_mix =  0.300 |ddv_scf|^2 =  2.431E-06

      iter #   4 total cpu time :  7244.9 secs   av.it.:  11.9
      thresh= 1.559E-04 alpha_mix =  0.300 |ddv_scf|^2 =  1.160E-07

      iter #   5 total cpu time :  7264.3 secs   av.it.:  12.2
      thresh= 3.406E-05 alpha_mix =  0.300 |ddv_scf|^2 =  1.698E-09

      iter #   6 total cpu time :  7282.9 secs   av.it.:  11.6
      thresh= 4.120E-06 alpha_mix =  0.300 |ddv_scf|^2 =  3.125E-10

      iter #   7 total cpu time :  7301.8 secs   av.it.:  11.9
      thresh= 1.768E-06 alpha_mix =  0.300 |ddv_scf|^2 =  1.162E-11

      iter #   8 total cpu time :  7320.6 secs   av.it.:  11.8
      thresh= 3.409E-07 alpha_mix =  0.300 |ddv_scf|^2 =  5.662E-13

      iter #   9 total cpu time :  7339.5 secs   av.it.:  11.9
      thresh= 7.524E-08 alpha_mix =  0.300 |ddv_scf|^2 =  6.516E-14

      iter #  10 total cpu time :  7358.4 secs   av.it.:  11.9
      thresh= 2.553E-08 alpha_mix =  0.300 |ddv_scf|^2 =  1.119E-14

      iter #  11 total cpu time :  7377.3 secs   av.it.:  11.8
      thresh= 1.058E-08 alpha_mix =  0.300 |ddv_scf|^2 =  5.649E-16

     End of self-consistent calculation

     Convergence has been achieved 

     Number of q in the star =    3
     List of q in the star:
          1   0.500000000   0.000000000  -0.500000000
          2  -0.500000000  -0.500000000   0.000000000
          3   0.000000000   0.500000000   0.500000000

     Diagonalizing the dynamical matrix

     q = (    0.500000000   0.000000000  -0.500000000 ) 

 **************************************************************************
     freq (    1) =     -44.671698 [THz] =   -1490.087458 [cm-1]
     freq (    2) =     -44.498815 [THz] =   -1484.320691 [cm-1]
     freq (    3) =     -39.557702 [THz] =   -1319.502917 [cm-1]
     freq (    4) =     -38.729166 [THz] =   -1291.865911 [cm-1]
     freq (    5) =     -36.105935 [THz] =   -1204.364360 [cm-1]
     freq (    6) =     -35.935167 [THz] =   -1198.668136 [cm-1]
     freq (    7) =     -26.379622 [THz] =    -879.929472 [cm-1]
     freq (    8) =     -14.030912 [THz] =    -468.020840 [cm-1]
     freq (    9) =      -9.950515 [THz] =    -331.913458 [cm-1]
     freq (   10) =      -7.659257 [THz] =    -255.485315 [cm-1]
     freq (   11) =      15.823058 [THz] =     527.800412 [cm-1]
     freq (   12) =      21.830808 [THz] =     728.197361 [cm-1]
     freq (   13) =      28.678201 [THz] =     956.601829 [cm-1]
     freq (   14) =      32.260262 [THz] =    1076.086514 [cm-1]
     freq (   15) =      33.365204 [THz] =    1112.943414 [cm-1]
     freq (   16) =      92.866790 [THz] =    3097.702692 [cm-1]
     freq (   17) =      95.854137 [THz] =    3197.349841 [cm-1]
     freq (   18) =      95.933963 [THz] =    3200.012565 [cm-1]
     freq (   19) =      99.324487 [THz] =    3313.108275 [cm-1]
     freq (   20) =     100.608762 [THz] =    3355.947052 [cm-1]
     freq (   21) =     102.235284 [THz] =    3410.202004 [cm-1]
 **************************************************************************

     Mode symmetry, C_i (-1)    point group:

     freq (   1-   1) =      -1490.1  [cm-1]   --> A_g                
     freq (   2-   2) =      -1484.3  [cm-1]   --> A_u                
     freq (   3-   3) =      -1319.5  [cm-1]   --> A_u                
     freq (   4-   4) =      -1291.9  [cm-1]   --> A_g                
     freq (   5-   5) =      -1204.4  [cm-1]   --> A_u                
     freq (   6-   6) =      -1198.7  [cm-1]   --> A_g                
     freq (   7-   7) =       -879.9  [cm-1]   --> A_u                
     freq (   8-   8) =       -468.0  [cm-1]   --> A_u                
     freq (   9-   9) =       -331.9  [cm-1]   --> A_u                
     freq (  10-  10) =       -255.5  [cm-1]   --> A_g                
     freq (  11-  11) =        527.8  [cm-1]   --> A_g                
     freq (  12-  12) =        728.2  [cm-1]   --> A_u                
     freq (  13-  13) =        956.6  [cm-1]   --> A_u                
     freq (  14-  14) =       1076.1  [cm-1]   --> A_g                
     freq (  15-  15) =       1112.9  [cm-1]   --> A_u                
     freq (  16-  16) =       3097.7  [cm-1]   --> A_g                
     freq (  17-  17) =       3197.3  [cm-1]   --> A_u                
     freq (  18-  18) =       3200.0  [cm-1]   --> A_g                
     freq (  19-  19) =       3313.1  [cm-1]   --> A_u                
     freq (  20-  20) =       3355.9  [cm-1]   --> A_g                
     freq (  21-  21) =       3410.2  [cm-1]   --> A_u                

     Gaussian Broadening:   0.005 Ry, ngauss=   0
     DOS =  1.812170 states/spin/Ry/Unit Cell at Ef= 15.644186 eV
     double delta at Ef =  4.646079
     lambda(    1)= -0.0721   gamma=  249.10 GHz
     lambda(    2)= -0.0241   gamma=   82.47 GHz
     lambda(    3)= -0.0125   gamma=   33.97 GHz
     lambda(    4)= -0.0808   gamma=  209.63 GHz
     lambda(    5)= -0.0419   gamma=   94.58 GHz
     lambda(    6)= -0.0600   gamma=  133.99 GHz
     lambda(    7)= -0.0147   gamma=   17.71 GHz
     lambda(    8)= -0.0069   gamma=    2.34 GHz
     lambda(    9)= -0.2036   gamma=   34.88 GHz
     lambda(   10)= -1.2992   gamma=  131.90 GHz
     lambda(   11)=  0.0578   gamma=   25.06 GHz
     lambda(   12)=  0.0496   gamma=   40.94 GHz
     lambda(   13)=  0.0261   gamma=   37.12 GHz
     lambda(   14)=  0.1152   gamma=  207.55 GHz
     lambda(   15)=  0.0091   gamma=   17.59 GHz
     lambda(   16)=  0.0031   gamma=   46.49 GHz
     lambda(   17)=  0.0040   gamma=   63.62 GHz
     lambda(   18)=  0.0019   gamma=   30.45 GHz
     lambda(   19)=  0.0014   gamma=   23.65 GHz
     lambda(   20)=  0.0046   gamma=   80.78 GHz
     lambda(   21)=  0.0013   gamma=   23.94 GHz

     Gaussian Broadening:   0.010 Ry, ngauss=   0
     DOS =  2.326504 states/spin/Ry/Unit Cell at Ef= 15.645900 eV
     double delta at Ef = 18.978081
     lambda(    1)= -0.2439   gamma= 1081.32 GHz
     lambda(    2)= -0.0723   gamma=  318.24 GHz
     lambda(    3)= -0.0574   gamma=  199.53 GHz
     lambda(    4)= -0.1339   gamma=  446.05 GHz
     lambda(    5)= -0.2645   gamma=  766.06 GHz
     lambda(    6)= -0.2010   gamma=  576.74 GHz
     lambda(    7)= -0.1573   gamma=  243.18 GHz
     lambda(    8)= -0.1333   gamma=   58.31 GHz
     lambda(    9)= -0.4945   gamma=  108.78 GHz
     lambda(   10)= -3.2958   gamma=  429.55 GHz
     lambda(   11)=  0.1129   gamma=   62.80 GHz
     lambda(   12)=  0.2410   gamma=  255.14 GHz
     lambda(   13)=  0.0804   gamma=  146.90 GHz
     lambda(   14)=  0.1706   gamma=  394.56 GHz
     lambda(   15)=  0.1143   gamma=  282.59 GHz
     lambda(   16)=  0.0148   gamma=  283.18 GHz
     lambda(   17)=  0.0207   gamma=  422.02 GHz
     lambda(   18)=  0.0067   gamma=  136.68 GHz
     lambda(   19)=  0.0116   gamma=  253.19 GHz
     lambda(   20)=  0.0086   gamma=  194.12 GHz
     lambda(   21)=  0.0040   gamma=   93.90 GHz

     Gaussian Broadening:   0.015 Ry, ngauss=   0
     DOS =  2.666530 states/spin/Ry/Unit Cell at Ef= 15.649959 eV
     double delta at Ef = 26.589277
     lambda(    1)= -0.2821   gamma= 1433.67 GHz
     lambda(    2)= -0.1032   gamma=  520.25 GHz
     lambda(    3)= -0.0860   gamma=  342.62 GHz
     lambda(    4)= -0.1093   gamma=  417.55 GHz
     lambda(    5)= -0.3704   gamma= 1229.42 GHz
     lambda(    6)= -0.2233   gamma=  734.37 GHz
     lambda(    7)= -0.2291   gamma=  405.87 GHz
     lambda(    8)= -0.2394   gamma=  120.02 GHz
     lambda(    9)= -0.5346   gamma=  134.80 GHz
     lambda(   10)= -3.0851   gamma=  460.86 GHz
     lambda(   11)=  0.1412   gamma=   90.01 GHz
     lambda(   12)=  0.3891   gamma=  472.16 GHz
     lambda(   13)=  0.0976   gamma=  204.32 GHz
     lambda(   14)=  0.1325   gamma=  351.21 GHz
     lambda(   15)=  0.1701   gamma=  482.11 GHz
     lambda(   16)=  0.0199   gamma=  437.24 GHz
     lambda(   17)=  0.0251   gamma=  587.09 GHz
     lambda(   18)=  0.0119   gamma=  279.29 GHz
     lambda(   19)=  0.0170   gamma=  427.43 GHz
     lambda(   20)=  0.0078   gamma=  199.94 GHz
     lambda(   21)=  0.0045   gamma=  121.07 GHz

     Gaussian Broadening:   0.020 Ry, ngauss=   0
     DOS =  3.040876 states/spin/Ry/Unit Cell at Ef= 15.652291 eV
     double delta at Ef = 29.780625
     lambda(    1)= -0.2665   gamma= 1544.51 GHz
     lambda(    2)= -0.1010   gamma=  580.99 GHz
     lambda(    3)= -0.0907   gamma=  412.07 GHz
     lambda(    4)= -0.0912   gamma=  397.19 GHz
     lambda(    5)= -0.3557   gamma= 1346.39 GHz
     lambda(    6)= -0.2122   gamma=  795.61 GHz
     lambda(    7)= -0.2252   gamma=  455.11 GHz
     lambda(    8)= -0.2706   gamma=  154.72 GHz
     lambda(    9)= -0.4732   gamma=  136.07 GHz
     lambda(   10)= -2.8699   gamma=  488.89 GHz
     lambda(   11)=  0.1479   gamma=  107.53 GHz
     lambda(   12)=  0.4285   gamma=  593.02 GHz
     lambda(   13)=  0.0900   gamma=  214.89 GHz
     lambda(   14)=  0.1106   gamma=  334.21 GHz
     lambda(   15)=  0.1658   gamma=  535.96 GHz
     lambda(   16)=  0.0194   gamma=  486.34 GHz
     lambda(   17)=  0.0239   gamma=  636.80 GHz
     lambda(   18)=  0.0141   gamma=  377.59 GHz
     lambda(   19)=  0.0176   gamma=  505.43 GHz
     lambda(   20)=  0.0070   gamma=  206.01 GHz
     lambda(   21)=  0.0044   gamma=  133.36 GHz

     Gaussian Broadening:   0.025 Ry, ngauss=   0
     DOS =  3.251821 states/spin/Ry/Unit Cell at Ef= 15.652785 eV
     double delta at Ef = 30.825195
     lambda(    1)= -0.2498   gamma= 1548.14 GHz
     lambda(    2)= -0.0941   gamma=  578.91 GHz
     lambda(    3)= -0.0896   gamma=  435.58 GHz
     lambda(    4)= -0.0841   gamma=  391.84 GHz
     lambda(    5)= -0.3293   gamma= 1333.01 GHz
     lambda(    6)= -0.2099   gamma=  841.77 GHz
     lambda(    7)= -0.2181   gamma=  471.20 GHz
     lambda(    8)= -0.2835   gamma=  173.33 GHz
     lambda(    9)= -0.4289   gamma=  131.88 GHz
     lambda(   10)= -2.7809   gamma=  506.60 GHz
     lambda(   11)=  0.1445   gamma=  112.37 GHz
     lambda(   12)=  0.4407   gamma=  652.26 GHz
     lambda(   13)=  0.0852   gamma=  217.60 GHz
     lambda(   14)=  0.1020   gamma=  329.62 GHz
     lambda(   15)=  0.1567   gamma=  541.81 GHz
     lambda(   16)=  0.0183   gamma=  489.68 GHz
     lambda(   17)=  0.0225   gamma=  643.31 GHz
     lambda(   18)=  0.0152   gamma=  433.90 GHz
     lambda(   19)=  0.0176   gamma=  539.43 GHz
     lambda(   20)=  0.0066   gamma=  208.77 GHz
     lambda(   21)=  0.0043   gamma=  138.88 GHz

     Gaussian Broadening:   0.030 Ry, ngauss=   0
     DOS =  3.343416 states/spin/Ry/Unit Cell at Ef= 15.652457 eV
     double delta at Ef = 30.996882
     lambda(    1)= -0.2360   gamma= 1503.41 GHz
     lambda(    2)= -0.0895   gamma=  565.62 GHz
     lambda(    3)= -0.0876   gamma=  437.85 GHz
     lambda(    4)= -0.0825   gamma=  395.06 GHz
     lambda(    5)= -0.3101   gamma= 1290.67 GHz
     lambda(    6)= -0.2140   gamma=  882.36 GHz
     lambda(    7)= -0.2153   gamma=  478.43 GHz
     lambda(    8)= -0.2930   gamma=  184.14 GHz
     lambda(    9)= -0.4048   gamma=  127.95 GHz
     lambda(   10)= -2.7381   gamma=  512.85 GHz
     lambda(   11)=  0.1401   gamma=  112.01 GHz
     lambda(   12)=  0.4455   gamma=  677.89 GHz
     lambda(   13)=  0.0847   gamma=  222.40 GHz
     lambda(   14)=  0.0979   gamma=  325.28 GHz
     lambda(   15)=  0.1510   gamma=  536.69 GHz
     lambda(   16)=  0.0174   gamma=  478.17 GHz
     lambda(   17)=  0.0217   gamma=  635.95 GHz
     lambda(   18)=  0.0160   gamma=  470.47 GHz
     lambda(   19)=  0.0178   gamma=  559.23 GHz
     lambda(   20)=  0.0065   gamma=  209.91 GHz
     lambda(   21)=  0.0042   gamma=  140.49 GHz

     Gaussian Broadening:   0.035 Ry, ngauss=   0
     DOS =  3.372585 states/spin/Ry/Unit Cell at Ef= 15.651742 eV
     double delta at Ef = 30.869572
     lambda(    1)= -0.2251   gamma= 1446.58 GHz
     lambda(    2)= -0.0875   gamma=  557.79 GHz
     lambda(    3)= -0.0856   gamma=  431.33 GHz
     lambda(    4)= -0.0830   gamma=  400.78 GHz
     lambda(    5)= -0.2974   gamma= 1248.82 GHz
     lambda(    6)= -0.2202   gamma=  915.93 GHz
     lambda(    7)= -0.2148   gamma=  481.37 GHz
     lambda(    8)= -0.3027   gamma=  191.90 GHz
     lambda(    9)= -0.3935   gamma=  125.48 GHz
     lambda(   10)= -2.7204   gamma=  513.99 GHz
     lambda(   11)=  0.1373   gamma=  110.75 GHz
     lambda(   12)=  0.4480   gamma=  687.69 GHz
     lambda(   13)=  0.0862   gamma=  228.35 GHz
     lambda(   14)=  0.0952   gamma=  319.06 GHz
     lambda(   15)=  0.1478   gamma=  529.87 GHz
     lambda(   16)=  0.0167   gamma=  465.03 GHz
     lambda(   17)=  0.0212   gamma=  628.05 GHz
     lambda(   18)=  0.0168   gamma=  496.54 GHz
     lambda(   19)=  0.0180   gamma=  572.67 GHz
     lambda(   20)=  0.0065   gamma=  211.39 GHz
     lambda(   21)=  0.0042   gamma=  140.75 GHz

     Gaussian Broadening:   0.040 Ry, ngauss=   0
     DOS =  3.369148 states/spin/Ry/Unit Cell at Ef= 15.650820 eV
     double delta at Ef = 30.674361
     lambda(    1)= -0.2171   gamma= 1393.89 GHz
     lambda(    2)= -0.0877   gamma=  558.82 GHz
     lambda(    3)= -0.0838   gamma=  421.80 GHz
     lambda(    4)= -0.0842   gamma=  406.39 GHz
     lambda(    5)= -0.2893   gamma= 1213.33 GHz
     lambda(    6)= -0.2269   gamma=  942.79 GHz
     lambda(    7)= -0.2150   gamma=  481.39 GHz
     lambda(    8)= -0.3132   gamma=  198.35 GHz
     lambda(    9)= -0.3911   gamma=  124.59 GHz
     lambda(   10)= -2.7239   gamma=  514.11 GHz
     lambda(   11)=  0.1365   gamma=  109.97 GHz
     lambda(   12)=  0.4505   gamma=  690.75 GHz
     lambda(   13)=  0.0885   gamma=  234.24 GHz
     lambda(   14)=  0.0931   gamma=  311.78 GHz
     lambda(   15)=  0.1461   gamma=  523.16 GHz
     lambda(   16)=  0.0164   gamma=  454.52 GHz
     lambda(   17)=  0.0211   gamma=  623.30 GHz
     lambda(   18)=  0.0174   gamma=  516.10 GHz
     lambda(   19)=  0.0183   gamma=  581.73 GHz
     lambda(   20)=  0.0066   gamma=  213.65 GHz
     lambda(   21)=  0.0042   gamma=  141.17 GHz

     Gaussian Broadening:   0.045 Ry, ngauss=   0
     DOS =  3.349176 states/spin/Ry/Unit Cell at Ef= 15.649825 eV
     double delta at Ef = 30.491928
     lambda(    1)= -0.2116   gamma= 1350.51 GHz
     lambda(    2)= -0.0896   gamma=  567.70 GHz
     lambda(    3)= -0.0823   gamma=  411.92 GHz
     lambda(    4)= -0.0857   gamma=  411.15 GHz
     lambda(    5)= -0.2839   gamma= 1183.88 GHz
     lambda(    6)= -0.2334   gamma=  964.04 GHz
     lambda(    7)= -0.2155   gamma=  479.65 GHz
     lambda(    8)= -0.3239   gamma=  203.93 GHz
     lambda(    9)= -0.3947   gamma=  124.98 GHz
     lambda(   10)= -2.7443   gamma=  514.89 GHz
     lambda(   11)=  0.1372   gamma=  109.90 GHz
     lambda(   12)=  0.4536   gamma=  691.36 GHz
     lambda(   13)=  0.0912   gamma=  239.77 GHz
     lambda(   14)=  0.0915   gamma=  304.60 GHz
     lambda(   15)=  0.1451   gamma=  516.60 GHz
     lambda(   16)=  0.0162   gamma=  447.34 GHz
     lambda(   17)=  0.0211   gamma=  621.41 GHz
     lambda(   18)=  0.0180   gamma=  531.21 GHz
     lambda(   19)=  0.0186   gamma=  587.52 GHz
     lambda(   20)=  0.0067   gamma=  216.48 GHz
     lambda(   21)=  0.0043   gamma=  142.19 GHz

     Gaussian Broadening:   0.050 Ry, ngauss=   0
     DOS =  3.323029 states/spin/Ry/Unit Cell at Ef= 15.648844 eV
     double delta at Ef = 30.339657
     lambda(    1)= -0.2079   gamma= 1316.77 GHz
     lambda(    2)= -0.0927   gamma=  582.21 GHz
     lambda(    3)= -0.0811   gamma=  402.81 GHz
     lambda(    4)= -0.0872   gamma=  414.85 GHz
     lambda(    5)= -0.2802   gamma= 1159.05 GHz
     lambda(    6)= -0.2392   gamma=  980.37 GHz
     lambda(    7)= -0.2160   gamma=  477.03 GHz
     lambda(    8)= -0.3340   gamma=  208.67 GHz
     lambda(    9)= -0.4019   gamma=  126.26 GHz
     lambda(   10)= -2.7766   gamma=  516.88 GHz
     lambda(   11)=  0.1390   gamma=  110.45 GHz
     lambda(   12)=  0.4570   gamma=  691.19 GHz
     lambda(   13)=  0.0939   gamma=  244.95 GHz
     lambda(   14)=  0.0903   gamma=  298.32 GHz
     lambda(   15)=  0.1443   gamma=  509.93 GHz
     lambda(   16)=  0.0162   gamma=  443.03 GHz
     lambda(   17)=  0.0213   gamma=  621.08 GHz
     lambda(   18)=  0.0186   gamma=  542.95 GHz
     lambda(   19)=  0.0189   gamma=  590.84 GHz
     lambda(   20)=  0.0068   gamma=  219.52 GHz
     lambda(   21)=  0.0043   gamma=  143.78 GHz

     Calculation of q =    0.0000000   0.0000000  -1.0000000

     Parallelization info
     --------------------
     sticks:   dense  smooth     PW     G-vecs:    dense   smooth      PW
     Min         311     155     58                 6969     2476     578
     Max         312     156     59                 6972     2478     580
     Sum        1247     623    233                27883     9909    2315

     Using Slab Decomposition


     Title: 
     MgH6 sodalite el-ph 2x2x2 q (triangulate #3, Tc~263K predicted)            


     bravais-lattice index     =            3
     lattice parameter (alat)  =       5.8790  a.u.
     unit-cell volume          =     101.5969 (a.u.)^3
     number of atoms/cell      =            7
     number of atomic types    =            2
     number of electrons       =        16.00
     number of Kohn-Sham states=           12
     kinetic-energy cutoff     =      80.0000  Ry
     charge density cutoff     =     640.0000  Ry
     Exchange-correlation= PBE
                           (   1   4   3   4   0   0   0)

     celldm(1)=   5.879000  celldm(2)=   0.000000  celldm(3)=   0.000000
     celldm(4)=   0.000000  celldm(5)=   0.000000  celldm(6)=   0.000000

     crystal axes: (cart. coord. in units of alat)
               a(1) = (   0.500000   0.500000   0.500000 )  
               a(2) = (  -0.500000   0.500000   0.500000 )  
               a(3) = (  -0.500000  -0.500000   0.500000 )  

     reciprocal axes: (cart. coord. in units 2 pi/alat)
               b(1) = (  1.000000  0.000000  1.000000 )  
               b(2) = ( -1.000000  1.000000  0.000000 )  
               b(3) = (  0.000000 -1.000000  1.000000 )  


     PseudoPot. # 1 for Mg read from file:
     ./pseudo/Mg.pbe-spnl-rrkjus_psl.1.0.0.UPF
     MD5 check sum: 9996ca2d31208a261ae42168ce6c5fae
     Pseudo is Ultrasoft + core correction, Zval = 10.0
     Generated using &quot;atomic&quot; code by A. Dal Corso  v.6.3
     Using radial grid of 1129 points,  4 beta functions with: 
                l(1) =   0
                l(2) =   0
                l(3) =   1
                l(4) =   1
     Q(r) pseudized with 0 coefficients 


     PseudoPot. # 2 for H  read from file:
     ./pseudo/H.pbe-rrkjus_psl.1.0.0.UPF
     MD5 check sum: 3f4114867bd07edc7f1424d066fc1888
     Pseudo is Ultrasoft, Zval =  1.0
     Generated using &quot;atomic&quot; code by A. Dal Corso  v.6.3MaX
     Using radial grid of  929 points,  2 beta functions with: 
                l(1) =   0
                l(2) =   0
     Q(r) pseudized with 0 coefficients 


     atomic species   valence    mass     pseudopotential
     Mg               10.00    24.30500     Mg( 1.00)
     H                 1.00     1.00800     H ( 1.00)

      6 Sym. Ops., with inversion, found



   Cartesian axes

     site n.     atom                  positions (alat units)
         1        Mg     tau(   1) = (   0.0000000   0.0000000   0.0000000  )
         2        H      tau(   2) = (  -0.1250000   0.3750000   0.3750000  )
         3        H      tau(   3) = (   0.1250000   0.1250000   0.3750000  )
         4        H      tau(   4) = (  -0.3750000  -0.1250000   0.3750000  )
         5        H      tau(   5) = (   0.1250000   0.6250000   0.6250000  )
         6        H      tau(   6) = (  -0.1250000  -0.1250000   0.6250000  )
         7        H      tau(   7) = (  -0.6250000   0.1250000   0.6250000  )

     number of k points=  1380  Methfessel-Paxton smearing, width (Ry)=  0.0200

     Number of k-points >= 100: set verbosity='high' to print them.

     Dense  grid:    27883 G-vectors     FFT dimensions: (  45,  45,  45)

     Smooth grid:     9909 G-vectors     FFT dimensions: (  30,  30,  30)

     Estimated max dynamical RAM per process >       9.33 MB

     Estimated total dynamical RAM >      37.31 MB

     Check: negative core charge=   -0.000006

     The potential is recalculated from file :
     ./out/_ph0/mgh6.q_4/mgh6.save/charge-density

     Starting wfcs are   11 atomic +    1 random wfcs

     Band Structure Calculation
     Davidson diagonalization with overlap

     ethr =  6.25E-11,  avg # of iterations = 13.7

     total cpu time spent up to now is      107.3 secs

     End of band structure calculation

     Number of k-points >= 100: set verbosity='high' to print the bands.

     the Fermi energy is    15.6523 ev

     Writing config to output data dir ./out/_ph0/mgh6.q_4/mgh6.save/ :
     XML data file

     MgH6 sodalite el-ph 2x2x2 q (triangulate #3, Tc~263K predicted)            

     bravais-lattice index     =            3
     lattice parameter (alat)  =       5.8790  a.u.
     unit-cell volume          =     101.5969 (a.u.)^3
     number of atoms/cell      =            7
     number of atomic types    =            2
     kinetic-energy cut-off    =      80.0000  Ry
     charge density cut-off    =     640.0000  Ry
     convergence threshold     =      1.0E-14
     beta                      =       0.3000
     number of iterations used =            4
     Exchange-correlation= PBE
                           (   1   4   3   4   0   0   0)


     celldm(1)=    5.87900  celldm(2)=    0.00000  celldm(3)=    0.00000
     celldm(4)=    0.00000  celldm(5)=    0.00000  celldm(6)=    0.00000

     crystal axes: (cart. coord. in units of alat)
               a(1) = (  0.5000  0.5000  0.5000 )  
               a(2) = ( -0.5000  0.5000  0.5000 )  
               a(3) = ( -0.5000 -0.5000  0.5000 )  

     reciprocal axes: (cart. coord. in units 2 pi/alat)
               b(1) = (  1.0000  0.0000  1.0000 )  
               b(2) = ( -1.0000  1.0000  0.0000 )  
               b(3) = (  0.0000 -1.0000  1.0000 )  


     Atoms inside the unit cell: 

     Cartesian axes

     site n.  atom      mass           positions (alat units)
        1  Mg     24.3050   tau(    1) = (    0.00000    0.00000    0.00000  )
        2  H       1.0080   tau(    2) = (   -0.12500    0.37500    0.37500  )
        3  H       1.0080   tau(    3) = (    0.12500    0.12500    0.37500  )
        4  H       1.0080   tau(    4) = (   -0.37500   -0.12500    0.37500  )
        5  H       1.0080   tau(    5) = (    0.12500    0.62500    0.62500  )
        6  H       1.0080   tau(    6) = (   -0.12500   -0.12500    0.62500  )
        7  H       1.0080   tau(    7) = (   -0.62500    0.12500    0.62500  )

     Computing dynamical matrix for 
                    q = (   0.0000000   0.0000000  -1.0000000 )

      7 Sym.Ops. (with q -> -q+G )


     G cutoff =  560.3084  (   6972 G-vectors)     FFT grid: ( 45, 45, 45)
     G cutoff =  280.1542  (   2478 G-vectors)  smooth grid: ( 30, 30, 30)

     number of k points=  1380  Methfessel-Paxton smearing, width (Ry)=  0.0200

     PseudoPot. # 1 for Mg read from file:
     ./pseudo/Mg.pbe-spnl-rrkjus_psl.1.0.0.UPF
     MD5 check sum: 9996ca2d31208a261ae42168ce6c5fae
     Pseudo is Ultrasoft + core correction, Zval = 10.0
     Generated using &quot;atomic&quot; code by A. Dal Corso  v.6.3
     Using radial grid of 1129 points,  4 beta functions with: 
                l(1) =   0
                l(2) =   0
                l(3) =   1
                l(4) =   1
     Q(r) pseudized with 0 coefficients 


     PseudoPot. # 2 for H  read from file:
     ./pseudo/H.pbe-rrkjus_psl.1.0.0.UPF
     MD5 check sum: 3f4114867bd07edc7f1424d066fc1888
     Pseudo is Ultrasoft, Zval =  1.0
     Generated using &quot;atomic&quot; code by A. Dal Corso  v.6.3MaX
     Using radial grid of  929 points,  2 beta functions with: 
                l(1) =   0
                l(2) =   0
     Q(r) pseudized with 0 coefficients 


     Mode symmetry, S_6 (-3)    point group:


     Atomic displacements:
     There are   14 irreducible representations

     Representation     1      1 modes -  To be done

     Representation     2      1 modes -  To be done

     Representation     3      1 modes -  To be done

     Representation     4      2 modes -  To be done

     Representation     5      2 modes -  To be done

     Representation     6      2 modes -  To be done

     Representation     7      1 modes -  To be done

     Representation     8      1 modes -  To be done

     Representation     9      1 modes -  To be done

     Representation    10      1 modes -  To be done

     Representation    11      2 modes -  To be done

     Representation    12      2 modes -  To be done

     Representation    13      2 modes -  To be done

     Representation    14      2 modes -  To be done



     Alpha used in Ewald sum =   2.8000
     PHONON       :      1h54m CPU      2h 3m WALL



     Representation #   1 mode #   1

     Self-consistent Calculation

      iter #   1 total cpu time :  7408.0 secs   av.it.:   5.6
      thresh= 1.000E-02 alpha_mix =  0.300 |ddv_scf|^2 =  7.803E-07

      iter #   2 total cpu time :  7414.1 secs   av.it.:  10.9
      thresh= 8.833E-05 alpha_mix =  0.300 |ddv_scf|^2 =  1.380E-07

      iter #   3 total cpu time :  7420.3 secs   av.it.:  11.3
      thresh= 3.715E-05 alpha_mix =  0.300 |ddv_scf|^2 =  1.521E-09

      iter #   4 total cpu time :  7426.9 secs   av.it.:  12.1
      thresh= 3.900E-06 alpha_mix =  0.300 |ddv_scf|^2 =  4.087E-11

      iter #   5 total cpu time :  7433.3 secs   av.it.:  11.7
      thresh= 6.393E-07 alpha_mix =  0.300 |ddv_scf|^2 =  1.058E-11

      iter #   6 total cpu time :  7439.9 secs   av.it.:  12.0
      thresh= 3.253E-07 alpha_mix =  0.300 |ddv_scf|^2 =  7.523E-13

      iter #   7 total cpu time :  7446.4 secs   av.it.:  11.9
      thresh= 8.673E-08 alpha_mix =  0.300 |ddv_scf|^2 =  2.064E-15

     End of self-consistent calculation

     Convergence has been achieved 


     Representation #   2 mode #   2

     Self-consistent Calculation

      iter #   1 total cpu time :  7450.6 secs   av.it.:   4.2
      thresh= 1.000E-02 alpha_mix =  0.300 |ddv_scf|^2 =  1.811E-07

      iter #   2 total cpu time :  7456.6 secs   av.it.:  10.7
      thresh= 4.255E-05 alpha_mix =  0.300 |ddv_scf|^2 =  3.576E-08

      iter #   3 total cpu time :  7462.6 secs   av.it.:  10.7
      thresh= 1.891E-05 alpha_mix =  0.300 |ddv_scf|^2 =  1.472E-09

      iter #   4 total cpu time :  7469.2 secs   av.it.:  12.0
      thresh= 3.837E-06 alpha_mix =  0.300 |ddv_scf|^2 =  2.582E-11

      iter #   5 total cpu time :  7475.6 secs   av.it.:  11.8
      thresh= 5.081E-07 alpha_mix =  0.300 |ddv_scf|^2 =  7.304E-12

      iter #   6 total cpu time :  7482.1 secs   av.it.:  12.0
      thresh= 2.703E-07 alpha_mix =  0.300 |ddv_scf|^2 =  4.025E-13

      iter #   7 total cpu time :  7488.6 secs   av.it.:  12.0
      thresh= 6.344E-08 alpha_mix =  0.300 |ddv_scf|^2 =  4.625E-15

     End of self-consistent calculation

     Convergence has been achieved 


     Representation #   3 mode #   3

     Self-consistent Calculation

      iter #   1 total cpu time :  7493.1 secs   av.it.:   4.6
      thresh= 1.000E-02 alpha_mix =  0.300 |ddv_scf|^2 =  1.109E-07

      iter #   2 total cpu time :  7499.2 secs   av.it.:  11.0
      thresh= 3.330E-05 alpha_mix =  0.300 |ddv_scf|^2 =  2.201E-08

      iter #   3 total cpu time :  7505.4 secs   av.it.:  11.3
      thresh= 1.484E-05 alpha_mix =  0.300 |ddv_scf|^2 =  1.000E-09

      iter #   4 total cpu time :  7511.9 secs   av.it.:  11.9
      thresh= 3.163E-06 alpha_mix =  0.300 |ddv_scf|^2 =  1.706E-11

      iter #   5 total cpu time :  7518.3 secs   av.it.:  11.8
      thresh= 4.131E-07 alpha_mix =  0.300 |ddv_scf|^2 =  3.579E-12

      iter #   6 total cpu time :  7524.9 secs   av.it.:  12.0
      thresh= 1.892E-07 alpha_mix =  0.300 |ddv_scf|^2 =  3.068E-13

      iter #   7 total cpu time :  7531.3 secs   av.it.:  11.9
      thresh= 5.539E-08 alpha_mix =  0.300 |ddv_scf|^2 =  2.763E-15

     End of self-consistent calculation

     Convergence has been achieved 


     Representation #   4 modes #   4   5

     Self-consistent Calculation

      iter #   1 total cpu time :  7539.5 secs   av.it.:   4.8
      thresh= 1.000E-02 alpha_mix =  0.300 |ddv_scf|^2 =  4.957E-08

      iter #   2 total cpu time :  7552.2 secs   av.it.:  11.6
      thresh= 2.226E-05 alpha_mix =  0.300 |ddv_scf|^2 =  6.508E-09

      iter #   3 total cpu time :  7565.0 secs   av.it.:  11.7
      thresh= 8.067E-06 alpha_mix =  0.300 |ddv_scf|^2 =  3.199E-10

      iter #   4 total cpu time :  7578.4 secs   av.it.:  12.4
      thresh= 1.789E-06 alpha_mix =  0.300 |ddv_scf|^2 =  3.204E-12

      iter #   5 total cpu time :  7590.5 secs   av.it.:  11.0
      thresh= 1.790E-07 alpha_mix =  0.300 |ddv_scf|^2 =  1.073E-12

      iter #   6 total cpu time :  7603.6 secs   av.it.:  12.1
      thresh= 1.036E-07 alpha_mix =  0.300 |ddv_scf|^2 =  2.165E-15

     End of self-consistent calculation

     Convergence has been achieved 


     Representation #   5 modes #   6   7

     Self-consistent Calculation

      iter #   1 total cpu time :  7612.8 secs   av.it.:   5.2
      thresh= 1.000E-02 alpha_mix =  0.300 |ddv_scf|^2 =  1.949E-07

      iter #   2 total cpu time :  7625.4 secs   av.it.:  11.6
      thresh= 4.415E-05 alpha_mix =  0.300 |ddv_scf|^2 =  2.326E-08

      iter #   3 total cpu time :  7638.1 secs   av.it.:  11.6
      thresh= 1.525E-05 alpha_mix =  0.300 |ddv_scf|^2 =  5.206E-10

      iter #   4 total cpu time :  7651.5 secs   av.it.:  12.5
      thresh= 2.282E-06 alpha_mix =  0.300 |ddv_scf|^2 =  4.084E-12

      iter #   5 total cpu time :  7663.7 secs   av.it.:  11.1
      thresh= 2.021E-07 alpha_mix =  0.300 |ddv_scf|^2 =  1.634E-12

      iter #   6 total cpu time :  7676.5 secs   av.it.:  11.7
      thresh= 1.278E-07 alpha_mix =  0.300 |ddv_scf|^2 =  1.711E-15

     End of self-consistent calculation

     Convergence has been achieved 


     Representation #   6 modes #   8   9

     Self-consistent Calculation

      iter #   1 total cpu time :  7684.9 secs   av.it.:   4.4
      thresh= 1.000E-02 alpha_mix =  0.300 |ddv_scf|^2 =  3.122E-08

      iter #   2 total cpu time :  7697.6 secs   av.it.:  11.7
      thresh= 1.767E-05 alpha_mix =  0.300 |ddv_scf|^2 =  3.845E-09

      iter #   3 total cpu time :  7710.3 secs   av.it.:  11.7
      thresh= 6.201E-06 alpha_mix =  0.300 |ddv_scf|^2 =  1.747E-10

      iter #   4 total cpu time :  7723.4 secs   av.it.:  12.1
      thresh= 1.322E-06 alpha_mix =  0.300 |ddv_scf|^2 =  1.692E-12

      iter #   5 total cpu time :  7735.9 secs   av.it.:  11.3
      thresh= 1.301E-07 alpha_mix =  0.300 |ddv_scf|^2 =  6.302E-13

      iter #   6 total cpu time :  7749.2 secs   av.it.:  12.4
      thresh= 7.938E-08 alpha_mix =  0.300 |ddv_scf|^2 =  3.028E-15

     End of self-consistent calculation

     Convergence has been achieved 


     Representation #   7 mode #  10

     Self-consistent Calculation

      iter #   1 total cpu time :  7754.9 secs   av.it.:   5.8
      thresh= 1.000E-02 alpha_mix =  0.300 |ddv_scf|^2 =  5.818E-07

      iter #   2 total cpu time :  7760.9 secs   av.it.:  10.9
      thresh= 7.628E-05 alpha_mix =  0.300 |ddv_scf|^2 =  1.026E-07

      iter #   3 total cpu time :  7767.1 secs   av.it.:  11.2
      thresh= 3.202E-05 alpha_mix =  0.300 |ddv_scf|^2 =  4.584E-10

      iter #   4 total cpu time :  7773.4 secs   av.it.:  11.4
      thresh= 2.141E-06 alpha_mix =  0.300 |ddv_scf|^2 =  1.214E-11

      iter #   5 total cpu time :  7779.6 secs   av.it.:  11.2
      thresh= 3.484E-07 alpha_mix =  0.300 |ddv_scf|^2 =  1.255E-12

      iter #   6 total cpu time :  7786.0 secs   av.it.:  11.7
      thresh= 1.120E-07 alpha_mix =  0.300 |ddv_scf|^2 =  1.072E-14

      iter #   7 total cpu time :  7792.2 secs   av.it.:  11.1
      thresh= 1.035E-08 alpha_mix =  0.300 |ddv_scf|^2 =  2.472E-15

     End of self-consistent calculation

     Convergence has been achieved 


     Representation #   8 mode #  11

     Self-consistent Calculation

      iter #   1 total cpu time :  7796.5 secs   av.it.:   4.4
      thresh= 1.000E-02 alpha_mix =  0.300 |ddv_scf|^2 =  7.401E-08

      iter #   2 total cpu time :  7802.6 secs   av.it.:  11.0
      thresh= 2.720E-05 alpha_mix =  0.300 |ddv_scf|^2 =  1.804E-08

      iter #   3 total cpu time :  7808.8 secs   av.it.:  11.1
      thresh= 1.343E-05 alpha_mix =  0.300 |ddv_scf|^2 =  1.297E-09

      iter #   4 total cpu time :  7815.3 secs   av.it.:  11.8
      thresh= 3.602E-06 alpha_mix =  0.300 |ddv_scf|^2 =  9.285E-12

      iter #   5 total cpu time :  7821.3 secs   av.it.:  10.7
      thresh= 3.047E-07 alpha_mix =  0.300 |ddv_scf|^2 =  2.865E-12

      iter #   6 total cpu time :  7827.5 secs   av.it.:  11.4
      thresh= 1.693E-07 alpha_mix =  0.300 |ddv_scf|^2 =  1.592E-14

      iter #   7 total cpu time :  7834.0 secs   av.it.:  11.8
      thresh= 1.262E-08 alpha_mix =  0.300 |ddv_scf|^2 =  5.271E-16

     End of self-consistent calculation

     Convergence has been achieved 


     Representation #   9 mode #  12

     Self-consistent Calculation

      iter #   1 total cpu time :  7838.6 secs   av.it.:   4.8
      thresh= 1.000E-02 alpha_mix =  0.300 |ddv_scf|^2 =  2.774E-07

      iter #   2 total cpu time :  7844.6 secs   av.it.:  10.8
      thresh= 5.266E-05 alpha_mix =  0.300 |ddv_scf|^2 =  5.942E-08

      iter #   3 total cpu time :  7850.7 secs   av.it.:  11.0
      thresh= 2.438E-05 alpha_mix =  0.300 |ddv_scf|^2 =  1.923E-09

      iter #   4 total cpu time :  7857.1 secs   av.it.:  11.7
      thresh= 4.385E-06 alpha_mix =  0.300 |ddv_scf|^2 =  1.680E-11

      iter #   5 total cpu time :  7863.1 secs   av.it.:  10.6
      thresh= 4.099E-07 alpha_mix =  0.300 |ddv_scf|^2 =  6.117E-12

      iter #   6 total cpu time :  7869.5 secs   av.it.:  11.6
      thresh= 2.473E-07 alpha_mix =  0.300 |ddv_scf|^2 =  4.438E-14

      iter #   7 total cpu time :  7875.9 secs   av.it.:  11.7
      thresh= 2.107E-08 alpha_mix =  0.300 |ddv_scf|^2 =  6.401E-16

     End of self-consistent calculation

     Convergence has been achieved 


     Representation #  10 mode #  13

     Self-consistent Calculation

      iter #   1 total cpu time :  7882.2 secs   av.it.:   9.0
      thresh= 1.000E-02 alpha_mix =  0.300 |ddv_scf|^2 =  6.014E-05

      iter #   2 total cpu time :  7888.2 secs   av.it.:  10.8
      thresh= 7.755E-04 alpha_mix =  0.300 |ddv_scf|^2 =  1.281E-05

      iter #   3 total cpu time :  7894.6 secs   av.it.:  11.5
      thresh= 3.579E-04 alpha_mix =  0.300 |ddv_scf|^2 =  5.666E-07

      iter #   4 total cpu time :  7901.1 secs   av.it.:  12.0
      thresh= 7.527E-05 alpha_mix =  0.300 |ddv_scf|^2 =  1.874E-09

      iter #   5 total cpu time :  7907.1 secs   av.it.:  10.9
      thresh= 4.329E-06 alpha_mix =  0.300 |ddv_scf|^2 =  7.800E-10

      iter #   6 total cpu time :  7913.5 secs   av.it.:  11.5
      thresh= 2.793E-06 alpha_mix =  0.300 |ddv_scf|^2 =  5.685E-12

      iter #   7 total cpu time :  7919.9 secs   av.it.:  11.9
      thresh= 2.384E-07 alpha_mix =  0.300 |ddv_scf|^2 =  6.604E-14

      iter #   8 total cpu time :  7926.4 secs   av.it.:  11.8
      thresh= 2.570E-08 alpha_mix =  0.300 |ddv_scf|^2 =  9.518E-15

     End of self-consistent calculation

     Convergence has been achieved 


     Representation #  11 modes #  14  15

     Self-consistent Calculation

      iter #   1 total cpu time :  7935.0 secs   av.it.:   5.4
      thresh= 1.000E-02 alpha_mix =  0.300 |ddv_scf|^2 =  1.933E-07

      iter #   2 total cpu time :  7947.7 secs   av.it.:  11.6
      thresh= 4.396E-05 alpha_mix =  0.300 |ddv_scf|^2 =  1.946E-08

      iter #   3 total cpu time :  7960.6 secs   av.it.:  12.0
      thresh= 1.395E-05 alpha_mix =  0.300 |ddv_scf|^2 =  3.836E-10

      iter #   4 total cpu time :  7974.0 secs   av.it.:  12.5
      thresh= 1.959E-06 alpha_mix =  0.300 |ddv_scf|^2 =  4.325E-12

      iter #   5 total cpu time :  7986.5 secs   av.it.:  11.6
      thresh= 2.080E-07 alpha_mix =  0.300 |ddv_scf|^2 =  1.576E-12

      iter #   6 total cpu time :  7999.7 secs   av.it.:  12.2
      thresh= 1.255E-07 alpha_mix =  0.300 |ddv_scf|^2 =  5.465E-15

     End of self-consistent calculation

     Convergence has been achieved 


     Representation #  12 modes #  16  17

     Self-consistent Calculation

      iter #   1 total cpu time :  8008.8 secs   av.it.:   5.0
      thresh= 1.000E-02 alpha_mix =  0.300 |ddv_scf|^2 =  5.538E-09

      iter #   2 total cpu time :  8021.7 secs   av.it.:  11.9
      thresh= 7.442E-06 alpha_mix =  0.300 |ddv_scf|^2 =  1.529E-09

      iter #   3 total cpu time :  8034.7 secs   av.it.:  12.0
      thresh= 3.911E-06 alpha_mix =  0.300 |ddv_scf|^2 =  2.009E-10

      iter #   4 total cpu time :  8048.0 secs   av.it.:  12.4
      thresh= 1.417E-06 alpha_mix =  0.300 |ddv_scf|^2 =  3.164E-12

      iter #   5 total cpu time :  8061.3 secs   av.it.:  12.2
      thresh= 1.779E-07 alpha_mix =  0.300 |ddv_scf|^2 =  3.598E-13

      iter #   6 total cpu time :  8074.6 secs   av.it.:  12.3
      thresh= 5.998E-08 alpha_mix =  0.300 |ddv_scf|^2 =  4.702E-15

     End of self-consistent calculation

     Convergence has been achieved 


     Representation #  13 modes #  18  19

     Self-consistent Calculation

      iter #   1 total cpu time :  8087.1 secs   av.it.:   9.1
      thresh= 1.000E-02 alpha_mix =  0.300 |ddv_scf|^2 =  1.922E-05

      iter #   2 total cpu time :  8099.8 secs   av.it.:  11.6
      thresh= 4.384E-04 alpha_mix =  0.300 |ddv_scf|^2 =  2.792E-06

      iter #   3 total cpu time :  8112.8 secs   av.it.:  12.0
      thresh= 1.671E-04 alpha_mix =  0.300 |ddv_scf|^2 =  2.440E-07

      iter #   4 total cpu time :  8126.4 secs   av.it.:  12.7
      thresh= 4.940E-05 alpha_mix =  0.300 |ddv_scf|^2 =  9.354E-10

      iter #   5 total cpu time :  8139.3 secs   av.it.:  11.9
      thresh= 3.058E-06 alpha_mix =  0.300 |ddv_scf|^2 =  2.935E-10

      iter #   6 total cpu time :  8152.7 secs   av.it.:  12.5
      thresh= 1.713E-06 alpha_mix =  0.300 |ddv_scf|^2 =  3.386E-12

      iter #   7 total cpu time :  8166.1 secs   av.it.:  12.6
      thresh= 1.840E-07 alpha_mix =  0.300 |ddv_scf|^2 =  1.177E-14

      iter #   8 total cpu time :  8179.6 secs   av.it.:  12.5
      thresh= 1.085E-08 alpha_mix =  0.300 |ddv_scf|^2 =  4.822E-16

     End of self-consistent calculation

     Convergence has been achieved 


     Representation #  14 modes #  20  21

     Self-consistent Calculation

      iter #   1 total cpu time :  8188.5 secs   av.it.:   5.0
      thresh= 1.000E-02 alpha_mix =  0.300 |ddv_scf|^2 =  1.385E-07

      iter #   2 total cpu time :  8201.1 secs   av.it.:  11.5
      thresh= 3.722E-05 alpha_mix =  0.300 |ddv_scf|^2 =  1.406E-08

      iter #   3 total cpu time :  8213.9 secs   av.it.:  11.8
      thresh= 1.186E-05 alpha_mix =  0.300 |ddv_scf|^2 =  3.132E-10

      iter #   4 total cpu time :  8227.2 secs   av.it.:  12.3
      thresh= 1.770E-06 alpha_mix =  0.300 |ddv_scf|^2 =  3.960E-12

      iter #   5 total cpu time :  8239.5 secs   av.it.:  11.2
      thresh= 1.990E-07 alpha_mix =  0.300 |ddv_scf|^2 =  1.419E-12

      iter #   6 total cpu time :  8252.6 secs   av.it.:  12.1
      thresh= 1.191E-07 alpha_mix =  0.300 |ddv_scf|^2 =  4.387E-15

     End of self-consistent calculation

     Convergence has been achieved 

     Number of q in the star =    1
     List of q in the star:
          1   0.000000000   0.000000000  -1.000000000

     Diagonalizing the dynamical matrix

     q = (    0.000000000   0.000000000  -1.000000000 ) 

 **************************************************************************
     freq (    1) =     -38.874610 [THz] =   -1296.717424 [cm-1]
     freq (    2) =     -38.874610 [THz] =   -1296.717424 [cm-1]
     freq (    3) =     -35.821708 [THz] =   -1194.883578 [cm-1]
     freq (    4) =     -35.821708 [THz] =   -1194.883578 [cm-1]
     freq (    5) =     -23.526138 [THz] =    -784.747497 [cm-1]
     freq (    6) =     -22.604158 [THz] =    -753.993542 [cm-1]
     freq (    7) =     -22.379028 [THz] =    -746.484017 [cm-1]
     freq (    8) =     -22.379028 [THz] =    -746.484017 [cm-1]
     freq (    9) =      19.177867 [THz] =     639.704771 [cm-1]
     freq (   10) =      23.921627 [THz] =     797.939598 [cm-1]
     freq (   11) =      27.907523 [THz] =     930.894777 [cm-1]
     freq (   12) =      27.907523 [THz] =     930.894777 [cm-1]
     freq (   13) =      28.429335 [THz] =     948.300537 [cm-1]
     freq (   14) =      28.429335 [THz] =     948.300537 [cm-1]
     freq (   15) =      31.537630 [THz] =    1051.982104 [cm-1]
     freq (   16) =      97.152669 [THz] =    3240.664225 [cm-1]
     freq (   17) =      99.159109 [THz] =    3307.591836 [cm-1]
     freq (   18) =      99.304781 [THz] =    3312.450948 [cm-1]
     freq (   19) =      99.304781 [THz] =    3312.450948 [cm-1]
     freq (   20) =     101.598071 [THz] =    3388.946874 [cm-1]
     freq (   21) =     101.598071 [THz] =    3388.946874 [cm-1]
 **************************************************************************

     Mode symmetry, S_6 (-3)    point group:

     freq (   1-   1) =      -1296.7  [cm-1]   --> E_u                
     freq (   2-   2) =      -1296.7  [cm-1]   --> E_u*               
     freq (   3-   3) =      -1194.9  [cm-1]   --> E_g                
     freq (   4-   4) =      -1194.9  [cm-1]   --> E_g*               
     freq (   5-   5) =       -784.7  [cm-1]   --> A_g                
     freq (   6-   6) =       -754.0  [cm-1]   --> A_u                
     freq (   7-   7) =       -746.5  [cm-1]   --> E_u                
     freq (   8-   8) =       -746.5  [cm-1]   --> E_u*               
     freq (   9-   9) =        639.7  [cm-1]   --> A_u                
     freq (  10-  10) =        797.9  [cm-1]   --> A_u                
     freq (  11-  11) =        930.9  [cm-1]   --> E_u                
     freq (  12-  12) =        930.9  [cm-1]   --> E_u*               
     freq (  13-  13) =        948.3  [cm-1]   --> E_g                
     freq (  14-  14) =        948.3  [cm-1]   --> E_g*               
     freq (  15-  15) =       1052.0  [cm-1]   --> A_g                
     freq (  16-  16) =       3240.7  [cm-1]   --> A_g                
     freq (  17-  17) =       3307.6  [cm-1]   --> A_u                
     freq (  18-  18) =       3312.5  [cm-1]   --> E_g                
     freq (  19-  19) =       3312.5  [cm-1]   --> E_g*               
     freq (  20-  20) =       3388.9  [cm-1]   --> E_u                
     freq (  21-  21) =       3388.9  [cm-1]   --> E_u*               

     Gaussian Broadening:   0.005 Ry, ngauss=   0
     DOS =  1.812170 states/spin/Ry/Unit Cell at Ef= 15.644186 eV
     double delta at Ef =  0.014542
     lambda(    1)= -0.0004   gamma=    1.11 GHz
     lambda(    2)= -0.0004   gamma=    1.11 GHz
     lambda(    3)= -0.0001   gamma=    0.21 GHz
     lambda(    4)= -0.0001   gamma=    0.21 GHz
     lambda(    5)= -0.0006   gamma=    0.62 GHz
     lambda(    6)= -0.0000   gamma=    0.02 GHz
     lambda(    7)= -0.0001   gamma=    0.05 GHz
     lambda(    8)= -0.0001   gamma=    0.05 GHz
     lambda(    9)=  0.0002   gamma=    0.14 GHz
     lambda(   10)=  0.0000   gamma=    0.01 GHz
     lambda(   11)=  0.0000   gamma=    0.02 GHz
     lambda(   12)=  0.0000   gamma=    0.02 GHz
     lambda(   13)=  0.0001   gamma=    0.13 GHz
     lambda(   14)=  0.0001   gamma=    0.13 GHz
     lambda(   15)=  0.0002   gamma=    0.35 GHz
     lambda(   16)=  0.0000   gamma=    0.09 GHz
     lambda(   17)=  0.0000   gamma=    0.03 GHz
     lambda(   18)=  0.0000   gamma=    0.04 GHz
     lambda(   19)=  0.0000   gamma=    0.04 GHz
     lambda(   20)=  0.0000   gamma=    0.37 GHz
     lambda(   21)=  0.0000   gamma=    0.37 GHz

     Gaussian Broadening:   0.010 Ry, ngauss=   0
     DOS =  2.326504 states/spin/Ry/Unit Cell at Ef= 15.645900 eV
     double delta at Ef =  5.785382
     lambda(    1)= -0.1084   gamma=  363.95 GHz
     lambda(    2)= -0.1084   gamma=  363.95 GHz
     lambda(    3)= -0.0201   gamma=   57.35 GHz
     lambda(    4)= -0.0201   gamma=   57.35 GHz
     lambda(    5)= -0.1496   gamma=  183.99 GHz
     lambda(    6)= -0.0034   gamma=    3.89 GHz
     lambda(    7)= -0.0157   gamma=   17.49 GHz
     lambda(    8)= -0.0157   gamma=   17.49 GHz
     lambda(    9)=  0.0949   gamma=   77.56 GHz
     lambda(   10)=  0.0085   gamma=   10.81 GHz
     lambda(   11)=  0.0147   gamma=   25.49 GHz
     lambda(   12)=  0.0147   gamma=   25.49 GHz
     lambda(   13)=  0.0823   gamma=  147.74 GHz
     lambda(   14)=  0.0823   gamma=  147.74 GHz
     lambda(   15)=  0.0479   gamma=  105.78 GHz
     lambda(   16)=  0.0029   gamma=   60.98 GHz
     lambda(   17)=  0.0020   gamma=   42.62 GHz
     lambda(   18)=  0.0014   gamma=   29.77 GHz
     lambda(   19)=  0.0014   gamma=   29.77 GHz
     lambda(   20)=  0.0066   gamma=  151.06 GHz
     lambda(   21)=  0.0066   gamma=  151.06 GHz

     Gaussian Broadening:   0.015 Ry, ngauss=   0
     DOS =  2.666530 states/spin/Ry/Unit Cell at Ef= 15.649959 eV
     double delta at Ef = 15.071699
     lambda(    1)= -0.2537   gamma=  976.44 GHz
     lambda(    2)= -0.2537   gamma=  976.44 GHz
     lambda(    3)= -0.0378   gamma=  123.65 GHz
     lambda(    4)= -0.0378   gamma=  123.65 GHz
     lambda(    5)= -0.3062   gamma=  431.48 GHz
     lambda(    6)= -0.0064   gamma=    8.36 GHz
     lambda(    7)= -0.0341   gamma=   43.44 GHz
     lambda(    8)= -0.0341   gamma=   43.44 GHz
     lambda(    9)=  0.2120   gamma=  198.53 GHz
     lambda(   10)=  0.0216   gamma=   31.50 GHz
     lambda(   11)=  0.0459   gamma=   91.02 GHz
     lambda(   12)=  0.0459   gamma=   91.02 GHz
     lambda(   13)=  0.1909   gamma=  392.79 GHz
     lambda(   14)=  0.1909   gamma=  392.79 GHz
     lambda(   15)=  0.0936   gamma=  237.01 GHz
     lambda(   16)=  0.0075   gamma=  179.51 GHz
     lambda(   17)=  0.0048   gamma=  119.01 GHz
     lambda(   18)=  0.0032   gamma=   80.74 GHz
     lambda(   19)=  0.0032   gamma=   80.74 GHz
     lambda(   20)=  0.0155   gamma=  407.58 GHz
     lambda(   21)=  0.0155   gamma=  407.58 GHz

     Gaussian Broadening:   0.020 Ry, ngauss=   0
     DOS =  3.040876 states/spin/Ry/Unit Cell at Ef= 15.652291 eV
     double delta at Ef = 17.455771
     lambda(    1)= -0.2704   gamma= 1186.64 GHz
     lambda(    2)= -0.2704   gamma= 1186.64 GHz
     lambda(    3)= -0.0355   gamma=  132.24 GHz
     lambda(    4)= -0.0355   gamma=  132.24 GHz
     lambda(    5)= -0.2919   gamma=  469.14 GHz
     lambda(    6)= -0.0065   gamma=    9.58 GHz
     lambda(    7)= -0.0341   gamma=   49.60 GHz
     lambda(    8)= -0.0341   gamma=   49.60 GHz
     lambda(    9)=  0.2131   gamma=  227.55 GHz
     lambda(   10)=  0.0221   gamma=   36.79 GHz
     lambda(   11)=  0.0532   gamma=  120.28 GHz
     lambda(   12)=  0.0532   gamma=  120.28 GHz
     lambda(   13)=  0.1833   gamma=  430.12 GHz
     lambda(   14)=  0.1833   gamma=  430.12 GHz
     lambda(   15)=  0.0870   gamma=  251.38 GHz
     lambda(   16)=  0.0081   gamma=  223.12 GHz
     lambda(   17)=  0.0048   gamma=  137.66 GHz
     lambda(   18)=  0.0032   gamma=   92.41 GHz
     lambda(   19)=  0.0032   gamma=   92.41 GHz
     lambda(   20)=  0.0159   gamma=  477.33 GHz
     lambda(   21)=  0.0159   gamma=  477.33 GHz

     Gaussian Broadening:   0.025 Ry, ngauss=   0
     DOS =  3.251821 states/spin/Ry/Unit Cell at Ef= 15.652785 eV
     double delta at Ef = 16.619048
     lambda(    1)= -0.2499   gamma= 1172.61 GHz
     lambda(    2)= -0.2499   gamma= 1172.61 GHz
     lambda(    3)= -0.0304   gamma=  121.18 GHz
     lambda(    4)= -0.0304   gamma=  121.18 GHz
     lambda(    5)= -0.2492   gamma=  428.30 GHz
     lambda(    6)= -0.0060   gamma=    9.59 GHz
     lambda(    7)= -0.0301   gamma=   46.86 GHz
     lambda(    8)= -0.0301   gamma=   46.86 GHz
     lambda(    9)=  0.1890   gamma=  215.82 GHz
     lambda(   10)=  0.0195   gamma=   34.60 GHz
     lambda(   11)=  0.0508   gamma=  122.98 GHz
     lambda(   12)=  0.0508   gamma=  122.98 GHz
     lambda(   13)=  0.1543   gamma=  387.35 GHz
     lambda(   14)=  0.1543   gamma=  387.35 GHz
     lambda(   15)=  0.0730   gamma=  225.43 GHz
     lambda(   16)=  0.0076   gamma=  222.58 GHz
     lambda(   17)=  0.0043   gamma=  131.24 GHz
     lambda(   18)=  0.0028   gamma=   86.43 GHz
     lambda(   19)=  0.0028   gamma=   86.43 GHz
     lambda(   20)=  0.0143   gamma=  457.15 GHz
     lambda(   21)=  0.0143   gamma=  457.15 GHz

     Gaussian Broadening:   0.030 Ry, ngauss=   0
     DOS =  3.343416 states/spin/Ry/Unit Cell at Ef= 15.652457 eV
     double delta at Ef = 15.162984
     lambda(    1)= -0.2253   gamma= 1087.18 GHz
     lambda(    2)= -0.2253   gamma= 1087.18 GHz
     lambda(    3)= -0.0268   gamma=  109.88 GHz
     lambda(    4)= -0.0268   gamma=  109.88 GHz
     lambda(    5)= -0.2176   gamma=  384.53 GHz
     lambda(    6)= -0.0060   gamma=    9.84 GHz
     lambda(    7)= -0.0270   gamma=   43.10 GHz
     lambda(    8)= -0.0270   gamma=   43.10 GHz
     lambda(    9)=  0.1697   gamma=  199.22 GHz
     lambda(   10)=  0.0171   gamma=   31.19 GHz
     lambda(   11)=  0.0468   gamma=  116.50 GHz
     lambda(   12)=  0.0468   gamma=  116.50 GHz
     lambda(   13)=  0.1327   gamma=  342.46 GHz
     lambda(   14)=  0.1327   gamma=  342.46 GHz
     lambda(   15)=  0.0623   gamma=  197.70 GHz
     lambda(   16)=  0.0069   gamma=  208.50 GHz
     lambda(   17)=  0.0040   gamma=  125.54 GHz
     lambda(   18)=  0.0025   gamma=   78.46 GHz
     lambda(   19)=  0.0025   gamma=   78.46 GHz
     lambda(   20)=  0.0127   gamma=  418.20 GHz
     lambda(   21)=  0.0127   gamma=  418.20 GHz

     Gaussian Broadening:   0.035 Ry, ngauss=   0
     DOS =  3.372585 states/spin/Ry/Unit Cell at Ef= 15.651742 eV
     double delta at Ef = 13.924887
     lambda(    1)= -0.2038   gamma=  991.90 GHz
     lambda(    2)= -0.2038   gamma=  991.90 GHz
     lambda(    3)= -0.0251   gamma=  103.85 GHz
     lambda(    4)= -0.0251   gamma=  103.85 GHz
     lambda(    5)= -0.2015   gamma=  359.10 GHz
     lambda(    6)= -0.0072   gamma=   11.89 GHz
     lambda(    7)= -0.0254   gamma=   40.93 GHz
     lambda(    8)= -0.0254   gamma=   40.93 GHz
     lambda(    9)=  0.1620   gamma=  191.91 GHz
     lambda(   10)=  0.0157   gamma=   28.86 GHz
     lambda(   11)=  0.0432   gamma=  108.41 GHz
     lambda(   12)=  0.0432   gamma=  108.41 GHz
     lambda(   13)=  0.1198   gamma=  311.89 GHz
     lambda(   14)=  0.1198   gamma=  311.89 GHz
     lambda(   15)=  0.0551   gamma=  176.59 GHz
     lambda(   16)=  0.0064   gamma=  194.89 GHz
     lambda(   17)=  0.0041   gamma=  130.53 GHz
     lambda(   18)=  0.0023   gamma=   73.06 GHz
     lambda(   19)=  0.0023   gamma=   73.06 GHz
     lambda(   20)=  0.0115   gamma=  382.10 GHz
     lambda(   21)=  0.0115   gamma=  382.10 GHz

     Gaussian Broadening:   0.040 Ry, ngauss=   0
     DOS =  3.369148 states/spin/Ry/Unit Cell at Ef= 15.650820 eV
     double delta at Ef = 13.060193
     lambda(    1)= -0.1865   gamma=  906.58 GHz
     lambda(    2)= -0.1865   gamma=  906.58 GHz
     lambda(    3)= -0.0249   gamma=  103.00 GHz
     lambda(    4)= -0.0249   gamma=  103.00 GHz
     lambda(    5)= -0.1990   gamma=  354.41 GHz
     lambda(    6)= -0.0102   gamma=   16.77 GHz
     lambda(    7)= -0.0252   gamma=   40.63 GHz
     lambda(    8)= -0.0252   gamma=   40.63 GHz
     lambda(    9)=  0.1674   gamma=  198.13 GHz
     lambda(   10)=  0.0154   gamma=   28.34 GHz
     lambda(   11)=  0.0404   gamma=  101.23 GHz
     lambda(   12)=  0.0404   gamma=  101.23 GHz
     lambda(   13)=  0.1126   gamma=  292.92 GHz
     lambda(   14)=  0.1126   gamma=  292.92 GHz
     lambda(   15)=  0.0505   gamma=  161.66 GHz
     lambda(   16)=  0.0062   gamma=  187.50 GHz
     lambda(   17)=  0.0047   gamma=  148.35 GHz
     lambda(   18)=  0.0022   gamma=   70.35 GHz
     lambda(   19)=  0.0022   gamma=   70.35 GHz
     lambda(   20)=  0.0106   gamma=  352.48 GHz
     lambda(   21)=  0.0106   gamma=  352.48 GHz

     Gaussian Broadening:   0.045 Ry, ngauss=   0
     DOS =  3.349176 states/spin/Ry/Unit Cell at Ef= 15.649825 eV
     double delta at Ef = 12.538960
     lambda(    1)= -0.1730   gamma=  836.33 GHz
     lambda(    2)= -0.1730   gamma=  836.33 GHz
     lambda(    3)= -0.0258   gamma=  106.01 GHz
     lambda(    4)= -0.0258   gamma=  106.01 GHz
     lambda(    5)= -0.2072   gamma=  366.84 GHz
     lambda(    6)= -0.0149   gamma=   24.42 GHz
     lambda(    7)= -0.0262   gamma=   41.90 GHz
     lambda(    8)= -0.0262   gamma=   41.90 GHz
     lambda(    9)=  0.1845   gamma=  217.00 GHz
     lambda(   10)=  0.0162   gamma=   29.67 GHz
     lambda(   11)=  0.0384   gamma=   95.73 GHz
     lambda(   12)=  0.0384   gamma=   95.73 GHz
     lambda(   13)=  0.1088   gamma=  281.20 GHz
     lambda(   14)=  0.1088   gamma=  281.20 GHz
     lambda(   15)=  0.0476   gamma=  151.30 GHz
     lambda(   16)=  0.0062   gamma=  187.63 GHz
     lambda(   17)=  0.0056   gamma=  177.24 GHz
     lambda(   18)=  0.0022   gamma=   69.64 GHz
     lambda(   19)=  0.0022   gamma=   69.64 GHz
     lambda(   20)=  0.0100   gamma=  328.99 GHz
     lambda(   21)=  0.0100   gamma=  328.99 GHz

     Gaussian Broadening:   0.050 Ry, ngauss=   0
     DOS =  3.323029 states/spin/Ry/Unit Cell at Ef= 15.648844 eV
     double delta at Ef = 12.289747
     lambda(    1)= -0.1629   gamma=  781.01 GHz
     lambda(    2)= -0.1629   gamma=  781.01 GHz
     lambda(    3)= -0.0274   gamma=  111.71 GHz
     lambda(    4)= -0.0274   gamma=  111.71 GHz
     lambda(    5)= -0.2226   gamma=  390.94 GHz
     lambda(    6)= -0.0209   gamma=   33.93 GHz
     lambda(    7)= -0.0279   gamma=   44.39 GHz
     lambda(    8)= -0.0279   gamma=   44.39 GHz
     lambda(    9)=  0.2099   gamma=  245.01 GHz
     lambda(   10)=  0.0179   gamma=   32.58 GHz
     lambda(   11)=  0.0372   gamma=   92.04 GHz
     lambda(   12)=  0.0372   gamma=   92.04 GHz
     lambda(   13)=  0.1068   gamma=  274.04 GHz
     lambda(   14)=  0.1068   gamma=  274.04 GHz
     lambda(   15)=  0.0457   gamma=  144.28 GHz
     lambda(   16)=  0.0065   gamma=  194.02 GHz
     lambda(   17)=  0.0068   gamma=  213.57 GHz
     lambda(   18)=  0.0023   gamma=   70.46 GHz
     lambda(   19)=  0.0023   gamma=   70.46 GHz
     lambda(   20)=  0.0095   gamma=  310.79 GHz
     lambda(   21)=  0.0095   gamma=  310.79 GHz

     init_run     :      0.28s CPU      0.28s WALL (       3 calls)
     electrons    :    101.18s CPU    106.90s WALL (       3 calls)

     Called by init_run:
     wfcinit      :      0.00s CPU      0.00s WALL (       3 calls)
     potinit      :      0.02s CPU      0.02s WALL (       3 calls)
     hinit0       :      0.10s CPU      0.10s WALL (       3 calls)

     Called by electrons:
     c_bands      :    101.15s CPU    106.86s WALL (       3 calls)
     v_of_rho     :      0.02s CPU      0.02s WALL (       4 calls)
     newd         :      0.01s CPU      0.01s WALL (       4 calls)

     Called by c_bands:
     init_us_2    :     29.80s CPU     32.21s WALL ( 1230930 calls)
     cegterg      :     92.18s CPU     97.32s WALL (    9589 calls)

     Called by *egterg:
     cdiaghg      :     16.76s CPU     17.61s WALL (  140390 calls)
     h_psi        :   5560.99s CPU   5966.47s WALL (15879808 calls)
     s_psi        :    141.96s CPU    152.63s WALL (32544971 calls)
     g_psi        :      0.82s CPU      0.86s WALL (  130802 calls)

     Called by h_psi:
     h_psi:calbec :    173.42s CPU    185.85s WALL (15879808 calls)
     vloc_psi     :   5286.95s CPU   5672.80s WALL (15879808 calls)
                                        0.00s GPU  (15879808 calls)
     add_vuspsi   :     72.75s CPU     78.28s WALL (15879808 calls)

     General routines
     calbec       :    341.91s CPU    367.14s WALL (34139801 calls)
     fft          :      3.45s CPU      3.64s WALL (   12804 calls)
     ffts         :     12.18s CPU     13.04s WALL (  197093 calls)
     fftw         :   6003.29s CPU   6448.89s WALL (******** calls)
     interpolate  :      0.28s CPU      0.35s WALL (    1387 calls)
     davcio       :     25.55s CPU     28.31s WALL ( 5120725 calls)

     Parallel routines

     PHONON       :      2h 8m CPU      2h17m WALL

     INITIALIZATION: 
     phq_setup    :      0.11s CPU      0.12s WALL (       4 calls)
     phq_init     :     49.32s CPU     51.66s WALL (       4 calls)

     phq_init     :     49.32s CPU     51.66s WALL (       4 calls)
     set_drhoc    :      0.01s CPU      0.01s WALL (      12 calls)
     init_vloc    :      0.04s CPU      0.04s WALL (       4 calls)
     init_us_1    :      0.07s CPU      0.07s WALL (       4 calls)
     init_us_2    :     29.80s CPU     32.21s WALL ( 1230930 calls)
     newd         :      0.01s CPU      0.01s WALL (       4 calls)
     dvanqq       :      0.14s CPU      0.14s WALL (       4 calls)
     drho         :     47.41s CPU     49.64s WALL (       4 calls)
     drhous       :     44.71s CPU     46.87s WALL (       4 calls)
     nldyntot     :      1.92s CPU      1.92s WALL (       4 calls)

     DYNAMICAL MATRIX:
     dynmat0      :      1.20s CPU      1.25s WALL (       4 calls)
     dynmat_us    :      1.12s CPU      1.17s WALL (       4 calls)
     addusdynmat  :      0.00s CPU      0.00s WALL (       4 calls)
     d2ionq       :      0.06s CPU      0.06s WALL (       4 calls)
     dynmatcc     :      0.02s CPU      0.02s WALL (       4 calls)
     phqscf       :   7529.92s CPU   8089.81s WALL (       4 calls)
     dynmatrix    :      0.00s CPU      0.00s WALL (       4 calls)

     phqscf       :   7529.92s CPU   8089.81s WALL (       4 calls)
     solve_linter :   7516.33s CPU   8075.39s WALL (      70 calls)
     dfpt_kernel  :   7299.54s CPU   7842.49s WALL (      70 calls)
     sth_kernel   :   7286.34s CPU   7828.28s WALL (     552 calls)
     h_prec       :     16.13s CPU     17.47s WALL (  873924 calls)
     apply_dpot_b :    500.13s CPU    542.73s WALL (  935334 calls)
     ortho        :     41.21s CPU     44.66s WALL (  935334 calls)
     cgsolve      :   6237.38s CPU   6692.27s WALL (  935334 calls)
     incdrhoscf   :    520.61s CPU    562.37s WALL (  935334 calls)
                                        0.00s GPU  (  935334 calls)
     addusddens   :      1.72s CPU      1.76s WALL (     622 calls)
     vpsifft      :     87.29s CPU     94.55s WALL (  115164 calls)
     dv_of_drho   :      2.44s CPU      2.54s WALL (     641 calls)
     mix_pot      :      0.25s CPU      0.41s WALL (     552 calls)
     ef_shift     :      0.05s CPU      0.06s WALL (      96 calls)
     ef_shift_wfc :      0.05s CPU      0.22s WALL (      14 calls)
     localdos     :      4.36s CPU      4.66s WALL (      14 calls)
     drhodv       :     13.56s CPU     14.38s WALL (      70 calls)
     psymdvscf    :      2.39s CPU      2.46s WALL (     552 calls)
     newdq        :      1.75s CPU      1.83s WALL (     552 calls)
     adddvscf     :     13.21s CPU     14.33s WALL (  935334 calls)
     com_dvloc    :     11.73s CPU     12.56s WALL (  116718 calls)
                                        0.00s GPU  (  116718 calls)
     addcore      :      0.30s CPU      0.32s WALL (    1932 calls)
                                        0.00s GPU  (    1932 calls)
     drhodvus     :      0.07s CPU      0.12s WALL (      70 calls)

     dvqpsi_us    :    108.41s CPU    116.04s WALL (  115164 calls)
                                        0.00s GPU  (  115164 calls)
     dvqpsi_us_on :      8.93s CPU      9.48s WALL (  115164 calls)

     add_vuspsi   :     72.75s CPU     78.28s WALL (15879808 calls)
     addusdbec    :     23.58s CPU     25.25s WALL ( 1050498 calls)

     drhodvus     :      0.07s CPU      0.12s WALL (      70 calls)

      Electron-phonon coupling
     elphel       :    103.83s CPU    111.93s WALL (      70 calls)

      General routines
     calbec       :    341.91s CPU    367.14s WALL (34139801 calls)
     fft          :      3.45s CPU      3.64s WALL (   12804 calls)
     ffts         :     12.18s CPU     13.04s WALL (  197093 calls)
     fftw         :   6003.29s CPU   6448.89s WALL (******** calls)
     davcio       :     25.55s CPU     28.31s WALL ( 5120725 calls)
     write_rec    :      0.14s CPU      0.19s WALL (     622 calls)

      Additional routines
     ch_psi       :   6048.69s CPU   6489.88s WALL (15729829 calls)
     last         :    447.38s CPU    479.46s WALL (15729829 calls)
     Hesh         :     11.50s CPU     12.42s WALL (15729829 calls)
     ch_psi_all_k :    427.11s CPU    457.68s WALL (15729829 calls)
                                        0.00s GPU  (15729829 calls)
     ch_psi_calbe :    138.94s CPU    148.56s WALL (15729829 calls)
                                        0.00s GPU  (15729829 calls)
     h_psi_bgrp   :   5566.53s CPU   5972.29s WALL (15879808 calls)
     h_psi        :   5560.99s CPU   5966.47s WALL (15879808 calls)
     h_psi:pot    :   5544.39s CPU   5948.52s WALL (15879808 calls)
     h_psi:calbec :    173.42s CPU    185.85s WALL (15879808 calls)
     s_psi_bgrp   :    170.94s CPU    183.40s WALL (32544971 calls)
     s_psi        :    141.96s CPU    152.63s WALL (32544971 calls)


     PHONON       :      2h 8m CPU      2h17m WALL


   This run was terminated on:  14: 0:32  15Jun2026            

=------------------------------------------------------------------------------=
   JOB DONE.
=------------------------------------------------------------------------------=
