{
  "artifacts": {
    "coupled_record": "coupled_thermal_mech.json",
    "emi_record": "emi_skin_depth.json",
    "summary_record": "multiload_summary.json (this file: same dir)",
    "vibration_record": "vibration_fem.json"
  },
  "error": null,
  "geometry_id": "upduino_v3_enclosure_v1",
  "honest_c3_count": 5,
  "interface": "demiurge:component:gmsh-skfem-verify-record-multiload",
  "ok": true,
  "part_0_thermal_prior": {
    "bom_usd": 3.0,
    "delta_t_k": 21.567040715069652,
    "headroom_c": 43.43295928493035,
    "option": "B_finned",
    "source_record": "option_B_finned.json",
    "t_max_c": 41.56704071506965
  },
  "part_A_vibration": {
    "analytic_sigma_max_mpa": 1.0595889780399004,
    "fos_ultimate": 72.06423763050259,
    "fos_yield": 64.16041801941522,
    "load": {
      "drop_height_m_equiv": 1.0,
      "dynamic_amp_factor": 1.5,
      "peak_g": 50.0,
      "pulse_ms": 11.0,
      "shape": "half_sine"
    },
    "n_elements": 74587,
    "n_nodes": 20510,
    "pass_yield_FoS_gt_2": true,
    "sigma_fem_over_analytic": 4.059798372984963,
    "sigma_vm_max_mpa": 4.301717609079187,
    "u_max_m": 1.0095115637766877e-05,
    "u_max_um": 10.095115637766877,
    "wall_s": 8.191306829452515
  },
  "part_B_emi": {
    "all_adequate": true,
    "plate": {
      "material": "aluminium 6061-T6",
      "mu_r": 1.0,
      "sigma_s_per_m": 35000000.0,
      "thickness_m": 0.001
    },
    "rows": [
      {
        "adequacy": "excellent (mil/medical)",
        "delta_m": 8.507189549448235e-06,
        "delta_um": 8.507189549448235,
        "freq_hz": 100000000.0,
        "freq_label": "100 MHz",
        "se_absorption_db": 1021.0057725307597,
        "se_reflection_db": 145.80640050787338,
        "se_spec_form_db": 41.40427781066506,
        "se_total_db": 1166.812173038633,
        "t_over_delta": 117.54763358538997,
        "thickness_m": 0.001
      },
      {
        "adequacy": "excellent (mil/medical)",
        "delta_m": 2.6902095463038055e-06,
        "delta_um": 2.6902095463038056,
        "freq_hz": 1000000000.0,
        "freq_label": "1 GHz",
        "se_absorption_db": 3228.703745376979,
        "se_reflection_db": 135.80640050787338,
        "se_spec_form_db": 51.40427781066506,
        "se_total_db": 3364.510145884852,
        "t_over_delta": 371.718255692737,
        "thickness_m": 0.001
      },
      {
        "adequacy": "excellent (mil/medical)",
        "delta_m": 8.507189549448235e-07,
        "delta_um": 0.8507189549448235,
        "freq_hz": 10000000000.0,
        "freq_label": "10 GHz",
        "se_absorption_db": 10210.057725307597,
        "se_reflection_db": 125.80640050787339,
        "se_spec_form_db": 61.40427781066506,
        "se_total_db": 10335.864125815471,
        "t_over_delta": 1175.4763358538999,
        "thickness_m": 0.001
      }
    ],
    "summary_table_md": "| freq | \u03b4 (\u00b5m) | t/\u03b4 | SE_spec (20\u00b7log) | SE_A | SE_R | SE_total | adequacy |\n|------|--------|-----|------------------|------|------|----------|----------|\n| 100 MHz | 8.51 | 117.55 | 41.4 | 1021.0 | 145.8 | 1166.8 | excellent (mil/medical) |\n| 1 GHz | 2.69 | 371.72 | 51.4 | 3228.7 | 135.8 | 3364.5 | excellent (mil/medical) |\n| 10 GHz | 0.85 | 1175.48 | 61.4 | 10210.1 | 125.8 | 10335.9 | excellent (mil/medical) |"
  },
  "part_C_coupled": {
    "alpha_k_inv": 2.3e-05,
    "delta_t_k": 21.567040715069652,
    "epsilon_thermal": 0.000496041936446602,
    "fos_ult_coupled": 5.60450991086722,
    "fos_yield_coupled": 4.989821727094687,
    "headroom_to_yield_mpa": 220.68740265782992,
    "sigma_th_biax_mpa": 51.010879733090874,
    "sigma_th_uniax_mpa": 34.17728942117088,
    "sigma_total_biax_mpa": 55.312597342170065,
    "sigma_vib_mpa": 4.301717609079187,
    "verdict_yield_pass": true
  },
  "produced_at_utc": "2026-05-21T09:31:45.225064+00:00",
  "provenance": {
    "absorbed": false,
    "measurement_gate": "GATE_OPEN",
    "producer": "anima/multiload_2026_05_21/build_summary.py (aggregator across vibration_fem.py + emi_skin_depth.py + coupled_thermal_mech.py)",
    "scope_caveats": [
      "all three analyses share the textbook-material + datasheet-power + idealised-BC envelope inherited from the thermal cycle (g3) \u2014 see per-analysis scope_caveats in their sibling JSONs for the full 5-caveat-each picture.",
      "no FEM-FEM coupling \u2014 coupled stress uses analytical superposition (linear elastic). A true thermo-elastic FEM coupling is enabled by skfem_kernel.solve_elastic with a custom body_force callable that adds the \u03b1\u00b7\u0394T\u00b7\u03b4_ij eigenstrain \u2014 out of scope for this rollup.",
      "EMI: plane-wave far-field assumption \u2014 aperture/slot leakage (USB-C cutout, status LEDs, screw holes) would lower SE_total by 30-60 dB. 100 MHz floor SE of 1167 dB is mathematically correct but operationally capped by leakage long before that."
    ]
  },
  "record_id": "upduino_multiload_20260521T093145Z",
  "scope": "UPduino v3 enclosure (50\u00d733\u00d71 mm Al 6061-T6 cover plate) \u2014 multi-load engineering verification: thermal (prior cycle, Option B finned) + vibration (50g\u00b711ms shock) + EMI (100 MHz/1 GHz/10 GHz) + coupled thermo-mechanical superposition. Closes G5 component scope_caveat #3.",
  "source_records": {
    "coupled": "/Users/ghost/core/anima/anima-physics/hw/strange_loop_ice40/cad/multiload_2026_05_21/out/coupled_thermal_mech.json",
    "emi": "/Users/ghost/core/anima/anima-physics/hw/strange_loop_ice40/cad/multiload_2026_05_21/out/emi_skin_depth.json",
    "summary": "/Users/ghost/core/anima/anima-physics/hw/strange_loop_ice40/cad/multiload_2026_05_21/out/multiload_summary.json",
    "thermal_prior": "/Users/ghost/core/anima/anima-physics/hw/strange_loop_ice40/cad/thermal_mitigation_2026_05_21/option_B_finned.json",
    "vibration": "/Users/ghost/core/anima/anima-physics/hw/strange_loop_ice40/cad/multiload_2026_05_21/out/vibration_fem.json"
  },
  "verdict": {
    "coupled_pass": true,
    "emi_pass": true,
    "g5_scope_caveat_3_closed": true,
    "g5_scope_caveat_3_evidence": "multi-load analyses N=3 (vibration FEM + EMI analytical + coupled thermal-mech) executed; previously the scope_caveat said 'load case = single steady-state ... multi-load-case + sensitivity sweep + mesh convergence study \uac00 \ud544\uc218'. Mesh convergence was already provided in the thermal cycle; this cycle adds the multi-load axis.",
    "remaining_gates": [
      "GATE_CLOSED still requires: fabricated enclosure + bench measurement (IR thermography + accelerometer drop test + EMI scanner) + 3rd-party FE cross-check (Code_Aster / Elmer / ANSYS)."
    ],
    "thermal_pass": true,
    "vibration_pass": true
  }
}